<?xml version="1.0" encoding="UTF-8" standalone="no" ?>
<COLLADA xmlns="http://www.collada.org/2005/11/COLLADASchema" version="1.4.1">
    <asset>
        <contributor>
            <authoring_tool>SketchUp 18.0.16975</authoring_tool>
        </contributor>
        <created>2021-10-11T14:03:57Z</created>
        <modified>2021-10-11T14:03:57Z</modified>
        <unit meter="0.0254" name="inch" />
        <up_axis>Z_UP</up_axis>
    </asset>
    <library_cameras>
        <camera id="ID1" name="skp_camera_Last_Saved_SketchUp_View">
            <optics>
                <technique_common>
                    <perspective>
                        <yfov>35</yfov>
                        <aspect_ratio>0</aspect_ratio>
                        <znear>1</znear>
                        <zfar>1000</zfar>
                    </perspective>
                </technique_common>
            </optics>
        </camera>
    </library_cameras>
    <library_visual_scenes>
        <visual_scene id="ID2">
            <node name="SketchUp">
                <node name="skp_camera_Last_Saved_SketchUp_View">
                    <matrix>0.06858958 -0.7331833 0.6765632 5095.6 0.997645 0.05040744 -0.04651472 -101.6907 6.938894e-18 0.6781603 0.7349141 5930.403 0 0 0 1</matrix>
                    <instance_camera url="#ID1" />
                </node>
                <node id="ID3" name="instance_0">
                    <matrix>4.24 0 0 -0.3743862 0 -0.002319741 4.239999 6.391618 0 -4.239999 -0.002319741 -4.48865 0 0 0 1</matrix>
                    <instance_node url="#ID4" />
                </node>
            </node>
        </visual_scene>
    </library_visual_scenes>
    <library_nodes>
        <node id="ID4" name="skp570C">
            <instance_geometry url="#ID5">
                <bind_material>
                    <technique_common>
                        <instance_material symbol="Material2" target="#ID6">
                            <bind_vertex_input semantic="UVSET0" input_semantic="TEXCOORD" input_set="0" />
                        </instance_material>
                    </technique_common>
                </bind_material>
            </instance_geometry>
            <instance_geometry url="#ID13">
                <bind_material>
                    <technique_common>
                        <instance_material symbol="Material2" target="#ID14">
                            <bind_vertex_input semantic="UVSET0" input_semantic="TEXCOORD" input_set="0" />
                        </instance_material>
                    </technique_common>
                </bind_material>
            </instance_geometry>
            <instance_geometry url="#ID21">
                <bind_material>
                    <technique_common>
                        <instance_material symbol="Material2" target="#ID14">
                            <bind_vertex_input semantic="UVSET0" input_semantic="TEXCOORD" input_set="0" />
                        </instance_material>
                    </technique_common>
                </bind_material>
            </instance_geometry>
            <instance_geometry url="#ID27">
                <bind_material>
                    <technique_common>
                        <instance_material symbol="Material2" target="#ID6">
                            <bind_vertex_input semantic="UVSET0" input_semantic="TEXCOORD" input_set="0" />
                        </instance_material>
                    </technique_common>
                </bind_material>
            </instance_geometry>
            <instance_geometry url="#ID33">
                <bind_material>
                    <technique_common>
                        <instance_material symbol="Material2" target="#ID6">
                            <bind_vertex_input semantic="UVSET0" input_semantic="TEXCOORD" input_set="0" />
                        </instance_material>
                    </technique_common>
                </bind_material>
            </instance_geometry>
            <instance_geometry url="#ID39">
                <bind_material>
                    <technique_common>
                        <instance_material symbol="Material2" target="#ID14">
                            <bind_vertex_input semantic="UVSET0" input_semantic="TEXCOORD" input_set="0" />
                        </instance_material>
                    </technique_common>
                </bind_material>
            </instance_geometry>
            <instance_geometry url="#ID45">
                <bind_material>
                    <technique_common>
                        <instance_material symbol="Material2" target="#ID14">
                            <bind_vertex_input semantic="UVSET0" input_semantic="TEXCOORD" input_set="0" />
                        </instance_material>
                    </technique_common>
                </bind_material>
            </instance_geometry>
            <instance_geometry url="#ID51">
                <bind_material>
                    <technique_common>
                        <instance_material symbol="Material2" target="#ID6">
                            <bind_vertex_input semantic="UVSET0" input_semantic="TEXCOORD" input_set="0" />
                        </instance_material>
                    </technique_common>
                </bind_material>
            </instance_geometry>
            <instance_geometry url="#ID57">
                <bind_material>
                    <technique_common>
                        <instance_material symbol="Material2" target="#ID6">
                            <bind_vertex_input semantic="UVSET0" input_semantic="TEXCOORD" input_set="0" />
                        </instance_material>
                    </technique_common>
                </bind_material>
            </instance_geometry>
            <instance_geometry url="#ID63">
                <bind_material>
                    <technique_common>
                        <instance_material symbol="Material2" target="#ID6">
                            <bind_vertex_input semantic="UVSET0" input_semantic="TEXCOORD" input_set="0" />
                        </instance_material>
                    </technique_common>
                </bind_material>
            </instance_geometry>
            <instance_geometry url="#ID69">
                <bind_material>
                    <technique_common>
                        <instance_material symbol="Material2" target="#ID6">
                            <bind_vertex_input semantic="UVSET0" input_semantic="TEXCOORD" input_set="0" />
                        </instance_material>
                    </technique_common>
                </bind_material>
            </instance_geometry>
            <instance_geometry url="#ID75">
                <bind_material>
                    <technique_common>
                        <instance_material symbol="Material2" target="#ID6">
                            <bind_vertex_input semantic="UVSET0" input_semantic="TEXCOORD" input_set="0" />
                        </instance_material>
                    </technique_common>
                </bind_material>
            </instance_geometry>
            <instance_geometry url="#ID81">
                <bind_material>
                    <technique_common>
                        <instance_material symbol="Material2" target="#ID6">
                            <bind_vertex_input semantic="UVSET0" input_semantic="TEXCOORD" input_set="0" />
                        </instance_material>
                    </technique_common>
                </bind_material>
            </instance_geometry>
            <instance_geometry url="#ID87">
                <bind_material>
                    <technique_common>
                        <instance_material symbol="Material2" target="#ID6">
                            <bind_vertex_input semantic="UVSET0" input_semantic="TEXCOORD" input_set="0" />
                        </instance_material>
                    </technique_common>
                </bind_material>
            </instance_geometry>
            <instance_geometry url="#ID93">
                <bind_material>
                    <technique_common>
                        <instance_material symbol="Material2" target="#ID6">
                            <bind_vertex_input semantic="UVSET0" input_semantic="TEXCOORD" input_set="0" />
                        </instance_material>
                    </technique_common>
                </bind_material>
            </instance_geometry>
            <instance_geometry url="#ID99">
                <bind_material>
                    <technique_common>
                        <instance_material symbol="Material2" target="#ID14">
                            <bind_vertex_input semantic="UVSET0" input_semantic="TEXCOORD" input_set="0" />
                        </instance_material>
                    </technique_common>
                </bind_material>
            </instance_geometry>
            <instance_geometry url="#ID105">
                <bind_material>
                    <technique_common>
                        <instance_material symbol="Material2" target="#ID14">
                            <bind_vertex_input semantic="UVSET0" input_semantic="TEXCOORD" input_set="0" />
                        </instance_material>
                    </technique_common>
                </bind_material>
            </instance_geometry>
            <instance_geometry url="#ID111">
                <bind_material>
                    <technique_common>
                        <instance_material symbol="Material2" target="#ID14">
                            <bind_vertex_input semantic="UVSET0" input_semantic="TEXCOORD" input_set="0" />
                        </instance_material>
                    </technique_common>
                </bind_material>
            </instance_geometry>
            <instance_geometry url="#ID117">
                <bind_material>
                    <technique_common>
                        <instance_material symbol="Material2" target="#ID14">
                            <bind_vertex_input semantic="UVSET0" input_semantic="TEXCOORD" input_set="0" />
                        </instance_material>
                    </technique_common>
                </bind_material>
            </instance_geometry>
            <instance_geometry url="#ID123">
                <bind_material>
                    <technique_common>
                        <instance_material symbol="Material2" target="#ID14">
                            <bind_vertex_input semantic="UVSET0" input_semantic="TEXCOORD" input_set="0" />
                        </instance_material>
                    </technique_common>
                </bind_material>
            </instance_geometry>
            <instance_geometry url="#ID129">
                <bind_material>
                    <technique_common>
                        <instance_material symbol="Material2" target="#ID14">
                            <bind_vertex_input semantic="UVSET0" input_semantic="TEXCOORD" input_set="0" />
                        </instance_material>
                    </technique_common>
                </bind_material>
            </instance_geometry>
            <instance_geometry url="#ID135">
                <bind_material>
                    <technique_common>
                        <instance_material symbol="Material2" target="#ID14">
                            <bind_vertex_input semantic="UVSET0" input_semantic="TEXCOORD" input_set="0" />
                        </instance_material>
                    </technique_common>
                </bind_material>
            </instance_geometry>
            <instance_geometry url="#ID141">
                <bind_material>
                    <technique_common>
                        <instance_material symbol="Material2" target="#ID14">
                            <bind_vertex_input semantic="UVSET0" input_semantic="TEXCOORD" input_set="0" />
                        </instance_material>
                    </technique_common>
                </bind_material>
            </instance_geometry>
            <instance_geometry url="#ID147">
                <bind_material>
                    <technique_common>
                        <instance_material symbol="Material2" target="#ID14">
                            <bind_vertex_input semantic="UVSET0" input_semantic="TEXCOORD" input_set="0" />
                        </instance_material>
                    </technique_common>
                </bind_material>
            </instance_geometry>
        </node>
    </library_nodes>
    <library_geometries>
        <geometry id="ID5">
            <mesh>
                <source id="ID8">
                    <float_array id="ID11" count="684">-76.85482 -24.43039 325.8686 -74.85074 -27.02221 354.4123 -76.86361 -26.03774 325.7087 -76.86361 -26.03774 325.7087 -74.85074 -27.02221 354.4123 -74.66772 -27.96155 354.8366 -76.27286 -27.50616 325.5328 -76.85482 -24.43039 325.8686 -76.86361 -26.03774 325.7087 -76.28854 -22.47211 326.0357 -74.93706 -20.60247 326.1548 -74.83088 -28.16787 325.3949 -53.99477 -0.7556471 327.0899 -73.21956 -28.23986 325.3073 -71.22853 -27.77459 325.2544 -69.2869 -26.52338 325.2824 -48.34462 -6.676562 326.2176 -48.31357 -1.009381 326.7813 -76.85482 -24.43039 325.8686 -74.57673 -25.01235 353.7702 -74.85074 -27.02221 354.4123 -58.34102 -15.35955 378.5913 -74.66772 -27.96155 354.8366 -74.85074 -27.02221 354.4123 -76.86361 -26.03774 325.7087 -74.66772 -27.96155 354.8366 -76.27286 -27.50616 325.5328 -43.33135 -5.951949 353.7697 -48.31357 -1.009381 326.7813 -48.34462 -6.676562 326.2176 -43.30031 -0.2847677 354.3334 -43.30031 -0.2847677 354.3334 -53.99477 -0.7556471 327.0899 -48.31357 -1.009381 326.7813 -48.98151 -0.03103371 354.6421 -53.99477 -0.7556471 327.0899 -73.33956 -23.11495 353.5544 -74.93706 -20.60247 326.1548 -48.98151 -0.03103371 354.6421 -74.93706 -20.60247 326.1548 -73.33956 -23.11495 353.5544 -76.28854 -22.47211 326.0357 -76.28854 -22.47211 326.0357 -74.57673 -25.01235 353.7702 -76.85482 -24.43039 325.8686 -72.36607 -30.3735 354.4812 -74.83088 -28.16787 325.3949 -76.27286 -27.50616 325.5328 -71.51055 -30.52246 353.8966 -73.21956 -28.23986 325.3073 -74.83088 -28.16787 325.3949 -69.60315 -30.22428 353.0023 -71.22853 -27.77459 325.2544 -73.21956 -28.23986 325.3073 -67.6894 -29.03587 352.682 -69.2869 -26.52338 325.2824 -71.22853 -27.77459 325.2544 -67.6894 -29.03587 352.682 -48.34462 -6.676562 326.2176 -69.2869 -26.52338 325.2824 -43.33135 -5.951949 353.7697 -58.34102 -15.35955 378.5913 -74.85074 -27.02221 354.4123 -74.57673 -25.01235 353.7702 -58.34102 -15.35955 378.5913 -58.25266 -15.99934 378.9089 -74.66772 -27.96155 354.8366 -76.27286 -27.50616 325.5328 -74.66772 -27.96155 354.8366 -73.82557 -29.53031 355.1219 -43.30031 -0.2847677 354.3334 -43.33135 -5.951949 353.7697 -39.37291 -4.975259 377.4382 -44.34505 0.2351485 378.2059 -48.98151 -0.03103371 354.6421 -43.30031 -0.2847677 354.3334 -48.98151 -0.03103371 354.6421 -56.6749 -11.44974 377.6553 -73.33956 -23.11495 353.5544 -44.34505 0.2351485 378.2059 -76.28854 -22.47211 326.0357 -73.33956 -23.11495 353.5544 -74.57673 -25.01235 353.7702 -72.36607 -30.3735 354.4812 -71.51055 -30.52246 353.8966 -74.83088 -28.16787 325.3949 -73.82557 -29.53031 355.1219 -72.36607 -30.3735 354.4812 -76.27286 -27.50616 325.5328 -71.51055 -30.52246 353.8966 -69.60315 -30.22428 353.0023 -73.21956 -28.23986 325.3073 -69.60315 -30.22428 353.0023 -67.6894 -29.03587 352.682 -71.22853 -27.77459 325.2544 -51.70276 -16.66015 376.8876 -43.33135 -5.951949 353.7697 -67.6894 -29.03587 352.682 -39.37291 -4.975259 377.4382 -57.97092 -13.36066 377.8934 -58.34102 -15.35955 378.5913 -74.57673 -25.01235 353.7702 -39.46208 -1.693088 402.9026 -58.25266 -15.99934 378.9089 -58.34102 -15.35955 378.5913 -58.25266 -15.99934 378.9089 -73.82557 -29.53031 355.1219 -74.66772 -27.96155 354.8366 -39.00286 0.3366667 377.9496 -43.30031 -0.2847677 354.3334 -39.37291 -4.975259 377.4382 -44.34505 0.2351485 378.2059 -43.30031 -0.2847677 354.3334 -39.00286 0.3366667 377.9496 -39.52606 0.3087096 401.7413 -56.6749 -11.44974 377.6553 -44.34505 0.2351485 378.2059 -56.6749 -11.44974 377.6553 -57.97092 -13.36066 377.8934 -73.33956 -23.11495 353.5544 -57.97092 -13.36066 377.8934 -74.57673 -25.01235 353.7702 -73.33956 -23.11495 353.5544 -55.52398 -18.31158 378.1563 -71.51055 -30.52246 353.8966 -72.36607 -30.3735 354.4812 -56.1046 -18.25034 378.5772 -72.36607 -30.3735 354.4812 -73.82557 -29.53031 355.1219 -55.52398 -18.31158 378.1563 -69.60315 -30.22428 353.0023 -71.51055 -30.52246 353.8966 -53.63 -17.90961 377.2231 -67.6894 -29.03587 352.682 -69.60315 -30.22428 353.0023 -53.63 -17.90961 377.2231 -51.70276 -16.66015 376.8876 -67.6894 -29.03587 352.682 -35.59835 -3.807214 401.1349 -39.37291 -4.975259 377.4382 -51.70276 -16.66015 376.8876 -39.46208 -1.693088 402.9026 -58.34102 -15.35955 378.5913 -57.97092 -13.36066 377.8934 -39.46208 -1.693088 402.9026 -39.45535 -1.903741 403.0248 -58.25266 -15.99934 378.9089 -58.25266 -15.99934 378.9089 -57.50599 -17.50958 379.2341 -73.82557 -29.53031 355.1219 -39.00286 0.3366667 377.9496 -39.37291 -4.975259 377.4382 -35.59835 -3.807214 401.1349 -39.52606 0.3087096 401.7413 -44.34505 0.2351485 378.2059 -39.00286 0.3366667 377.9496 -39.52606 0.3087096 401.7413 -39.50732 -0.2776025 402.0815 -56.6749 -11.44974 377.6553 -39.50732 -0.2776025 402.0815 -57.97092 -13.36066 377.8934 -56.6749 -11.44974 377.6553 -56.1046 -18.25034 378.5772 -55.52398 -18.31158 378.1563 -72.36607 -30.3735 354.4812 -57.50599 -17.50958 379.2341 -56.1046 -18.25034 378.5772 -73.82557 -29.53031 355.1219 -55.52398 -18.31158 378.1563 -53.63 -17.90961 377.2231 -69.60315 -30.22428 353.0023 -36.12687 -3.820045 401.5595 -51.70276 -16.66015 376.8876 -53.63 -17.90961 377.2231 -36.12687 -3.820045 401.5595 -35.59835 -3.807214 401.1349 -51.70276 -16.66015 376.8876 -39.50732 -0.2776025 402.0815 -39.46208 -1.693088 402.9026 -57.97092 -13.36066 377.8934 -34.70609 0.9574719 401.5657 -39.50732 -0.2776025 402.0815 -39.52606 0.3087096 401.7413 -39.46208 -1.693088 402.9026 -39.45535 -1.903741 403.0248 -37.94873 -2.403699 403.3766 -39.45535 -1.903741 403.0248 -57.50599 -17.50958 379.2341 -58.25266 -15.99934 378.9089 -34.70609 0.9574719 401.5657 -39.00286 0.3366667 377.9496 -35.59835 -3.807214 401.1349 -39.52606 0.3087096 401.7413 -39.00286 0.3366667 377.9496 -34.70609 0.9574719 401.5657 -37.40284 -3.851013 402.5846 -55.52398 -18.31158 378.1563 -56.1046 -18.25034 378.5772 -37.59272 -3.855622 402.7372 -56.1046 -18.25034 378.5772 -57.50599 -17.50958 379.2341 -37.40284 -3.851013 402.5846 -53.63 -17.90961 377.2231 -55.52398 -18.31158 378.1563 -37.40284 -3.851013 402.5846 -36.12687 -3.820045 401.5595 -53.63 -17.90961 377.2231 -34.70609 0.9574719 401.5657 -37.59272 -3.855622 402.7372 -37.94873 -2.403699 403.3766 -37.40284 -3.851013 402.5846 -36.12687 -3.820045 401.5595 -35.59835 -3.807214 401.1349 -37.94873 -2.403699 403.3766 -38.88338 -3.302012 403.42 -39.45535 -1.903741 403.0248 -39.45535 -1.903741 403.0248 -38.88338 -3.302012 403.42 -57.50599 -17.50958 379.2341 -37.59272 -3.855622 402.7372 -37.40284 -3.851013 402.5846 -56.1046 -18.25034 378.5772 -38.88338 -3.302012 403.42 -37.59272 -3.855622 402.7372 -57.50599 -17.50958 379.2341 -37.59272 -3.855622 402.7372 -38.88338 -3.302012 403.42 -37.94873 -2.403699 403.3766</float_array>
                    <technique_common>
                        <accessor count="228" source="#ID11" stride="3">
                            <param name="X" type="float" />
                            <param name="Y" type="float" />
                            <param name="Z" type="float" />
                        </accessor>
                    </technique_common>
                </source>
                <source id="ID9">
                    <float_array id="ID12" count="684">0.9975527 0.001502923 -0.06990277 0.9975527 0.001502923 -0.06990277 0.9975527 0.001502923 -0.06990277 0.984555 0.1631746 -0.06344632 0.984555 0.1631746 -0.06344632 0.984555 0.1631746 -0.06344632 0.0495646 -0.09912952 0.9938394 0.0495646 -0.09912952 0.9938394 0.0495646 -0.09912952 0.9938394 0.0495646 -0.09912952 0.9938394 0.0495646 -0.09912952 0.9938394 0.0495646 -0.09912952 0.9938394 0.0495646 -0.09912952 0.9938394 0.0495646 -0.09912952 0.9938394 0.0495646 -0.09912952 0.9938394 0.0495646 -0.09912952 0.9938394 0.0495646 -0.09912952 0.9938394 0.0495646 -0.09912952 0.9938394 0.9834361 -0.160799 -0.0836489 0.9834361 -0.160799 -0.0836489 0.9834361 -0.160799 -0.0836489 0.8405034 -0.07836242 -0.5361095 0.8405034 -0.07836242 -0.5361095 0.8405034 -0.07836242 -0.5361095 0.9249385 0.3774677 -0.04479848 0.9249385 0.3774677 -0.04479848 0.9249385 0.3774677 -0.04479848 -0.9837122 -0.01244803 0.1793194 -0.9837122 -0.01244803 0.1793194 -0.9837122 -0.01244803 0.1793194 -0.9837122 -0.01244803 0.1793194 -0.04274603 -0.998506 0.03403831 -0.04274603 -0.998506 0.03403831 -0.04274603 -0.998506 0.03403831 -0.04274603 -0.998506 0.03403831 0.686483 -0.7193798 -0.10599 0.686483 -0.7193798 -0.10599 0.686483 -0.7193798 -0.10599 0.686483 -0.7193798 -0.10599 0.8093729 -0.5786752 -0.1002526 0.8093729 -0.5786752 -0.1002526 0.8093729 -0.5786752 -0.1002526 0.9591387 -0.2701959 -0.08394687 0.9591387 -0.2701959 -0.08394687 0.9591387 -0.2701959 -0.08394687 0.4194667 0.9071618 0.03324424 0.4194667 0.9071618 0.03324424 0.4194667 0.9071618 0.03324424 0.04865369 0.9958739 0.07660319 0.04865369 0.9958739 0.07660319 0.04865369 0.9958739 0.07660319 -0.2239507 0.9695881 0.09871709 -0.2239507 0.9695881 0.09871709 -0.2239507 0.9695881 0.09871709 -0.5396116 0.834955 0.1080248 -0.5396116 0.834955 0.1080248 -0.5396116 0.834955 0.1080248 -0.686483 0.7193798 0.10599 -0.686483 0.7193798 0.10599 -0.686483 0.7193798 0.10599 -0.686483 0.7193798 0.10599 0.8511937 -0.2614476 -0.4550983 0.8511937 -0.2614476 -0.4550983 0.8511937 -0.2614476 -0.4550983 0.8487141 -0.1364159 -0.510955 0.8487141 -0.1364159 -0.510955 0.8487141 -0.1364159 -0.510955 0.8834259 0.4667616 -0.04113692 0.8834259 0.4667616 -0.04113692 0.8834259 0.4667616 -0.04113692 -0.9861668 -0.01104881 0.1653875 -0.9861668 -0.01104881 0.1653875 -0.9861668 -0.01104881 0.1653875 -0.04353252 -0.9988548 0.01984882 -0.04353252 -0.9988548 0.01984882 -0.04353252 -0.9988548 0.01984882 0.6852971 -0.7171507 -0.1267391 0.6852971 -0.7171507 -0.1267391 0.6852971 -0.7171507 -0.1267391 0.6852971 -0.7171507 -0.1267391 0.8280011 -0.5514428 -0.1016127 0.8280011 -0.5514428 -0.1016127 0.8280011 -0.5514428 -0.1016127 0.208524 0.9763914 0.0563695 0.208524 0.9763914 0.0563695 0.208524 0.9763914 0.0563695 0.5058085 0.862475 0.01716559 0.5058085 0.862475 0.01716559 0.5058085 0.862475 0.01716559 -0.1144611 0.9897103 0.08586173 -0.1144611 0.9897103 0.08586173 -0.1144611 0.9897103 0.08586173 -0.5118425 0.8526071 0.1052534 -0.5118425 0.8526071 0.1052534 -0.5118425 0.8526071 0.1052534 -0.687369 0.7212945 0.08519459 -0.687369 0.7212945 0.08519459 -0.687369 0.7212945 0.08519459 -0.687369 0.7212945 0.08519459 0.8465958 -0.3082402 -0.4338934 0.8465958 -0.3082402 -0.4338934 0.8465958 -0.3082402 -0.4338934 0.8210512 -0.1587867 -0.5483262 0.8210512 -0.1587867 -0.5483262 0.8210512 -0.1587867 -0.5483262 0.7254281 0.2746192 -0.6311405 0.7254281 0.2746192 -0.6311405 0.7254281 0.2746192 -0.6311405 -0.9827814 0.05137852 0.1774853 -0.9827814 0.05137852 0.1774853 -0.9827814 0.05137852 0.1774853 0.02008105 -0.9995418 0.02264773 0.02008105 -0.9995418 0.02264773 0.02008105 -0.9995418 0.02264773 0.684532 -0.7158163 -0.1379237 0.684532 -0.7158163 -0.1379237 0.684532 -0.7158163 -0.1379237 0.781581 -0.5634356 -0.2677153 0.781581 -0.5634356 -0.2677153 0.781581 -0.5634356 -0.2677153 0.7894392 -0.5465266 -0.2794539 0.7894392 -0.5465266 -0.2794539 0.7894392 -0.5465266 -0.2794539 -0.1070994 0.9146492 -0.3898032 -0.1070994 0.9146492 -0.3898032 -0.1070994 0.9146492 -0.3898032 0.2210919 0.8031235 -0.5532731 0.2210919 0.8031235 -0.5532731 0.2210919 0.8031235 -0.5532731 -0.2755252 0.9192646 -0.2811377 -0.2755252 0.9192646 -0.2811377 -0.2755252 0.9192646 -0.2811377 -0.5350831 0.8414678 -0.07495339 -0.5350831 0.8414678 -0.07495339 -0.5350831 0.8414678 -0.07495339 -0.5505274 0.8325084 -0.06204354 -0.5505274 0.8325084 -0.06204354 -0.5505274 0.8325084 -0.06204354 -0.6877226 0.7221977 0.07394653 -0.6877226 0.7221977 0.07394653 -0.6877226 0.7221977 0.07394653 0.8271871 -0.3155051 -0.4649926 0.8271871 -0.3155051 -0.4649926 0.8271871 -0.3155051 -0.4649926 0.8293868 -0.2602658 -0.4943472 0.8293868 -0.2602658 -0.4943472 0.8293868 -0.2602658 -0.4943472 0.7465378 0.2350382 -0.6224455 0.7465378 0.2350382 -0.6224455 0.7465378 0.2350382 -0.6224455 -0.9865262 0.05385351 0.1544855 -0.9865262 0.05385351 0.1544855 -0.9865262 0.05385351 0.1544855 0.01896333 -0.9998199 -0.0007578467 0.01896333 -0.9998199 -0.0007578467 0.01896333 -0.9998199 -0.0007578467 0.8422455 -0.2501141 -0.477562 0.8422455 -0.2501141 -0.477562 0.8422455 -0.2501141 -0.477562 0.7754782 -0.5618312 -0.2880611 0.7754782 -0.5618312 -0.2880611 0.7754782 -0.5618312 -0.2880611 -0.1603083 0.9209558 -0.3551643 -0.1603083 0.9209558 -0.3551643 -0.1603083 0.9209558 -0.3551643 0.1844788 0.8240322 -0.5356664 0.1844788 0.8240322 -0.5356664 0.1844788 0.8240322 -0.5356664 -0.3189209 0.913128 -0.2539422 -0.3189209 0.913128 -0.2539422 -0.3189209 0.913128 -0.2539422 -0.5522543 0.8295272 -0.08306484 -0.5522543 0.8295272 -0.08306484 -0.5522543 0.8295272 -0.08306484 -0.2681159 0.9134553 -0.3061263 -0.2681159 0.9134553 -0.3061263 -0.2681159 0.9134553 -0.3061263 0.8302107 -0.2596242 -0.4933005 0.8302107 -0.2596242 -0.4933005 0.8302107 -0.2596242 -0.4933005 0.0358534 -0.5006002 -0.8649358 0.0358534 -0.5006002 -0.8649358 0.0358534 -0.5006002 -0.8649358 0.0358534 -0.5006002 -0.8649358 0.0358534 -0.5006002 -0.8649358 0.0358534 -0.5006002 -0.8649358 0.7098322 0.205871 -0.6736137 0.7098322 0.205871 -0.6736137 0.7098322 0.205871 -0.6736137 -0.9709178 0.1662462 0.1722813 -0.9709178 0.1662462 0.1722813 -0.9709178 0.1662462 0.1722813 0.133459 -0.9910528 0.001770284 0.133459 -0.9910528 0.001770284 0.133459 -0.9910528 0.001770284 -0.1894319 0.9001159 -0.3923098 -0.1894319 0.9001159 -0.3923098 -0.1894319 0.9001159 -0.3923098 0.1461149 0.7966028 -0.5865786 0.1461149 0.7966028 -0.5865786 0.1461149 0.7966028 -0.5865786 -0.3317375 0.8989552 -0.2860591 -0.3317375 0.8989552 -0.2860591 -0.3317375 0.8989552 -0.2860591 -0.2804906 0.9043018 -0.3218124 -0.2804906 0.9043018 -0.3218124 -0.2804906 0.9043018 -0.3218124 -0.6182401 0.1848374 -0.7639466 -0.6182401 0.1848374 -0.7639466 -0.6182401 0.1848374 -0.7639466 -0.6182401 0.1848374 -0.7639466 -0.6182401 0.1848374 -0.7639466 -0.6182401 0.1848374 -0.7639466 0.1560565 -0.2090584 -0.9653709 0.1560565 -0.2090584 -0.9653709 0.1560565 -0.2090584 -0.9653709 0.750041 0.1231097 -0.6498327 0.750041 0.1231097 -0.6498327 0.750041 0.1231097 -0.6498327 -0.2813231 0.9036701 -0.3228585 -0.2813231 0.9036701 -0.3228585 -0.2813231 0.9036701 -0.3228585 0.07014455 0.835588 -0.54486 0.07014455 0.835588 -0.54486 0.07014455 0.835588 -0.54486 -0.3379934 0.3086668 -0.8890924 -0.3379934 0.3086668 -0.8890924 -0.3379934 0.3086668 -0.8890924</float_array>
                    <technique_common>
                        <accessor count="228" source="#ID12" stride="3">
                            <param name="X" type="float" />
                            <param name="Y" type="float" />
                            <param name="Z" type="float" />
                        </accessor>
                    </technique_common>
                </source>
                <vertices id="ID10">
                    <input semantic="POSITION" source="#ID8" />
                    <input semantic="NORMAL" source="#ID9" />
                </vertices>
                <triangles count="90" material="Material2">
                    <input offset="0" semantic="VERTEX" source="#ID10" />
                    <p>0 1 2 3 4 5 6 7 8 7 6 9 9 6 10 10 6 11 10 11 12 12 11 13 12 13 14 12 14 15 12 15 16 12 16 17 18 19 20 21 22 23 24 25 26 27 28 29 28 27 30 31 32 33 32 31 34 35 36 37 36 35 38 39 40 41 42 43 44 45 46 47 48 49 50 51 52 53 54 55 56 57 58 59 58 57 60 61 62 63 64 65 66 67 68 69 70 71 72 73 74 75 76 77 78 77 76 79 80 81 82 83 84 85 86 87 88 89 90 91 92 93 94 95 96 97 96 95 98 99 100 101 102 103 104 105 106 107 108 109 110 111 112 113 114 115 116 117 118 119 120 121 122 123 124 125 126 127 128 129 130 131 132 133 134 135 136 137 138 139 140 141 142 143 144 145 146 147 148 149 150 151 152 153 154 155 156 157 158 159 160 161 162 163 164 165 166 167 168 169 170 171 172 173 174 175 176 177 178 179 180 181 182 181 180 183 183 180 184 184 180 185 186 187 188 189 190 191 192 193 194 195 196 197 198 199 200 201 202 203 204 205 206 207 208 209 208 207 210 210 207 211 211 207 212 213 214 215 216 217 218 219 220 221 222 223 224 225 226 227</p>
                </triangles>
            </mesh>
        </geometry>
        <geometry id="ID13">
            <mesh>
                <source id="ID16">
                    <float_array id="ID19" count="90">-42.88219 -5.878696 27.55905 -45.09982 -5.026162 22.83465 -42.88219 -5.878696 22.83465 -45.09982 -5.026162 27.55905 -42.88219 -5.878696 27.55905 -42.75 -6.283516 22.83465 -42.75 -6.283516 27.55905 -42.88219 -5.878696 22.83465 -45.09982 -5.026162 27.55905 -43.07283 -6.561232 27.55905 -45.29046 -5.708698 27.55905 -42.88219 -5.878696 27.55905 -42.75 -6.283516 27.55905 -45.29046 -5.708697 22.83465 -45.09982 -5.026162 27.55905 -45.29046 -5.708698 27.55905 -45.09982 -5.026162 22.83465 -43.07283 -6.561231 22.83465 -45.09982 -5.026162 22.83465 -45.29046 -5.708697 22.83465 -42.88219 -5.878696 22.83465 -42.75 -6.283516 22.83465 -43.07283 -6.561231 22.83465 -42.75 -6.283516 27.55905 -42.75 -6.283516 22.83465 -43.07283 -6.561232 27.55905 -45.29046 -5.708697 22.83465 -43.07283 -6.561232 27.55905 -43.07283 -6.561231 22.83465 -45.29046 -5.708698 27.55905</float_array>
                    <technique_common>
                        <accessor count="30" source="#ID19" stride="3">
                            <param name="X" type="float" />
                            <param name="Y" type="float" />
                            <param name="Z" type="float" />
                        </accessor>
                    </technique_common>
                </source>
                <source id="ID17">
                    <float_array id="ID20" count="90">-0.3588323 -0.933402 -8.742047e-08 -0.3588323 -0.933402 -8.742047e-08 -0.3588323 -0.933402 -8.742047e-08 -0.3588323 -0.933402 -8.742047e-08 -0.9506049 -0.3104034 -5.464826e-08 -0.9506049 -0.3104034 -5.464826e-08 -0.9506049 -0.3104034 -5.464826e-08 -0.9506049 -0.3104034 -5.464826e-08 6.799265e-08 7.823584e-08 -1 6.799265e-08 7.823584e-08 -1 6.799265e-08 7.823584e-08 -1 6.799265e-08 7.823584e-08 -1 6.799265e-08 7.823584e-08 -1 0.9631338 -0.269023 7.61948e-09 0.9631338 -0.269023 7.61948e-09 0.9631338 -0.269023 7.61948e-09 0.9631338 -0.269023 7.61948e-09 6.457149e-09 -8.542332e-08 1 6.457149e-09 -8.542332e-08 1 6.457149e-09 -8.542332e-08 1 6.457149e-09 -8.542332e-08 1 6.457149e-09 -8.542332e-08 1 -0.6521464 0.758093 4.196937e-08 -0.6521464 0.758093 4.196937e-08 -0.6521464 0.758093 4.196937e-08 -0.6521464 0.758093 4.196937e-08 0.3588323 0.933402 8.742047e-08 0.3588323 0.933402 8.742047e-08 0.3588323 0.933402 8.742047e-08 0.3588323 0.933402 8.742047e-08</float_array>
                    <technique_common>
                        <accessor count="30" source="#ID20" stride="3">
                            <param name="X" type="float" />
                            <param name="Y" type="float" />
                            <param name="Z" type="float" />
                        </accessor>
                    </technique_common>
                </source>
                <vertices id="ID18">
                    <input semantic="POSITION" source="#ID16" />
                    <input semantic="NORMAL" source="#ID17" />
                </vertices>
                <triangles count="16" material="Material2">
                    <input offset="0" semantic="VERTEX" source="#ID18" />
                    <p>0 1 2 1 0 3 4 5 6 5 4 7 8 9 10 9 8 11 9 11 12 13 14 15 14 13 16 17 18 19 18 17 20 20 17 21 22 23 24 23 22 25 26 27 28 27 26 29</p>
                </triangles>
            </mesh>
        </geometry>
        <geometry id="ID21">
            <mesh>
                <source id="ID22">
                    <float_array id="ID25" count="72">-42.39702 -4.115236 27.55906 -43.10298 -4.177 22.83465 -42.39702 -4.115236 22.83465 -43.10298 -4.177 27.55905 -42.43512 -6.255708 22.83464 -43.10298 -4.177 22.83465 -43.14108 -6.317471 22.83464 -42.39702 -4.115236 22.83465 -42.43512 -6.255707 27.55905 -42.39702 -4.115236 22.83465 -42.43512 -6.255708 22.83464 -42.39702 -4.115236 27.55906 -43.10298 -4.177 27.55905 -42.43512 -6.255707 27.55905 -43.14108 -6.317471 27.55905 -42.39702 -4.115236 27.55906 -43.10298 -4.177 22.83465 -43.14108 -6.317471 27.55905 -43.14108 -6.317471 22.83464 -43.10298 -4.177 27.55905 -43.14108 -6.317471 27.55905 -42.43512 -6.255708 22.83464 -43.14108 -6.317471 22.83464 -42.43512 -6.255707 27.55905</float_array>
                    <technique_common>
                        <accessor count="24" source="#ID25" stride="3">
                            <param name="X" type="float" />
                            <param name="Y" type="float" />
                            <param name="Z" type="float" />
                        </accessor>
                    </technique_common>
                </source>
                <source id="ID23">
                    <float_array id="ID26" count="72">0.08715588 -0.9961947 5.464036e-08 0.08715588 -0.9961947 5.464036e-08 0.08715588 -0.9961947 5.464036e-08 0.08715588 -0.9961947 5.464036e-08 5.6849e-08 -6.497849e-07 1 5.6849e-08 -6.497849e-07 1 5.6849e-08 -6.497849e-07 1 5.6849e-08 -6.497849e-07 1 -0.9998416 0.01779745 -1.28975e-08 -0.9998416 0.01779745 -1.28975e-08 -0.9998416 0.01779745 -1.28975e-08 -0.9998416 0.01779745 -1.28975e-08 1.634911e-06 4.357393e-07 -1 1.634911e-06 4.357393e-07 -1 1.634911e-06 4.357393e-07 -1 1.634911e-06 4.357393e-07 -1 0.9998416 -0.01779737 -1.728423e-09 0.9998416 -0.01779737 -1.728423e-09 0.9998416 -0.01779737 -1.728423e-09 0.9998416 -0.01779737 -1.728423e-09 -0.08715566 0.9961947 -8.742284e-08 -0.08715566 0.9961947 -8.742284e-08 -0.08715566 0.9961947 -8.742284e-08 -0.08715566 0.9961947 -8.742284e-08</float_array>
                    <technique_common>
                        <accessor count="24" source="#ID26" stride="3">
                            <param name="X" type="float" />
                            <param name="Y" type="float" />
                            <param name="Z" type="float" />
                        </accessor>
                    </technique_common>
                </source>
                <vertices id="ID24">
                    <input semantic="POSITION" source="#ID22" />
                    <input semantic="NORMAL" source="#ID23" />
                </vertices>
                <triangles count="12" material="Material2">
                    <input offset="0" semantic="VERTEX" source="#ID24" />
                    <p>0 1 2 1 0 3 4 5 6 5 4 7 8 9 10 9 8 11 12 13 14 13 12 15 16 17 18 17 16 19 20 21 22 21 20 23</p>
                </triangles>
            </mesh>
        </geometry>
        <geometry id="ID27">
            <mesh>
                <source id="ID28">
                    <float_array id="ID31" count="558">-46.17925 0.2211859 118.1102 -48.63611 0.3862349 114.1363 -43.09134 -5.470792e-06 118.1102 -46.17925 0.2211859 118.1102 -48.35291 -2.499135 119.3311 -48.40563 -1.939075 119.0949 -46.44475 -3.213648 119.5763 -43.09134 -5.470792e-06 118.1102 -46.17925 0.2211859 118.1102 -48.56421 -0.2906169 117.2347 -48.63611 0.3862349 114.1363 -43.09134 -5.470792e-06 118.1102 -48.63611 0.3862349 114.1363 -43.09134 -1.793306e-06 59.84712 -76.83025 -29.1826 60.8332 -48.35291 -2.499135 119.3311 -76.77815 -29.73605 61.06654 -48.40563 -1.939075 119.0949 -48.40563 -1.939075 119.0949 -48.56421 -0.2906169 117.2347 -46.17925 0.2211859 118.1102 -43.09134 -5.470792e-06 118.1102 -45.81207 -5.150481 119.3311 -46.44475 -3.213648 119.5763 -45.25476 -5.226985 119.0949 -43.00173 -3.09454 118.1102 -46.44475 -3.213648 119.5763 -47.51776 -4.241931 119.7384 -48.35291 -2.499135 119.3311 -75.1306 -25.00395 59.84712 -48.56421 -0.2906169 117.2347 -76.42362 -26.98991 60.13593 -48.63611 0.3862349 114.1363 -43.09134 -1.793306e-06 59.84712 -42.94136 -5.556189 114.1363 -43.09134 -5.470792e-06 118.1102 -48.63611 0.3862349 114.1363 -48.7812 0.2471936 59.84712 -43.09134 -1.793306e-06 59.84712 -76.42362 -26.98991 60.13593 -48.40563 -1.939075 119.0949 -76.83025 -29.1826 60.8332 -48.56421 -0.2906169 117.2347 -76.77815 -29.73605 61.06654 -47.51776 -4.241931 119.7384 -75.94183 -31.48127 61.47448 -48.35291 -2.499135 119.3311 -76.83025 -29.1826 60.8332 -76.77815 -29.73605 61.06654 -77.04756 -30.18218 3.951896e-05 -43.09134 -5.470792e-06 118.1102 -42.94136 -5.556189 114.1363 -43.00173 -3.09454 118.1102 -43.00173 -3.09454 118.1102 -43.61454 -5.455554 117.2347 -45.25476 -5.226985 119.0949 -74.23377 -32.39109 61.06654 -45.25476 -5.226985 119.0949 -73.68304 -32.46669 60.8332 -45.81207 -5.150481 119.3311 -45.81207 -5.150481 119.3311 -47.51776 -4.241931 119.7384 -46.44475 -3.213648 119.5763 -75.1306 -25.00395 59.84712 -76.42362 -26.98991 60.13593 -76.48921 -26.99572 3.968631e-05 -48.78121 0.2471974 3.972985e-05 -75.1306 -25.00395 59.84712 -75.13634 -25.00945 3.972985e-05 -48.7812 0.2471936 59.84712 -48.63611 0.3862349 114.1363 -43.09134 -1.793306e-06 59.84712 -43.08646 -5.69523 59.84712 -42.94136 -5.556189 114.1363 -43.09134 -1.793306e-06 59.84712 -48.78121 0.2471974 3.972985e-05 -43.09134 1.984158e-06 3.937008e-05 -48.7812 0.2471936 59.84712 -76.42362 -26.98991 60.13593 -76.83025 -29.1826 60.8332 -77.0484 -29.19691 3.95812e-05 -75.94183 -31.48127 61.47448 -45.81207 -5.150481 119.3311 -74.23377 -32.39109 61.06654 -47.51776 -4.241931 119.7384 -76.77815 -29.73605 61.06654 -75.94183 -31.48127 61.47448 -76.35649 -31.87865 3.937008e-05 -76.77815 -29.73605 61.06654 -76.35649 -31.87865 3.937008e-05 -77.04756 -30.18218 3.951896e-05 -76.83025 -29.1826 60.8332 -77.04756 -30.18218 3.951896e-05 -77.0484 -29.19691 3.95812e-05 -43.00173 -3.09454 118.1102 -42.94136 -5.556189 114.1363 -43.61454 -5.455554 117.2347 -73.68304 -32.46669 60.8332 -43.61454 -5.455554 117.2347 -71.47503 -32.15372 60.13594 -45.25476 -5.226985 119.0949 -74.23377 -32.39109 61.06654 -73.68304 -32.46669 60.8332 -74.69097 -32.64127 3.92212e-05 -75.1306 -25.00395 59.84712 -76.48921 -26.99572 3.968631e-05 -75.13634 -25.00945 3.972985e-05 -76.42362 -26.98991 60.13593 -77.0484 -29.19691 3.95812e-05 -76.48921 -26.99572 3.968631e-05 -77.04756 -30.18218 3.951896e-05 -76.48921 -26.99572 3.968631e-05 -77.0484 -29.19691 3.95812e-05 -76.35649 -31.87865 3.937008e-05 -75.13634 -25.00945 3.972985e-05 -74.69097 -32.64127 3.92212e-05 -48.78121 0.2471974 3.972985e-05 -73.70662 -32.68403 3.915896e-05 -71.48363 -32.219 3.905385e-05 -69.4416 -30.95187 3.901031e-05 -43.08646 -5.695227 3.901031e-05 -43.09134 1.984158e-06 3.937008e-05 -43.09134 -1.793306e-06 59.84712 -43.08646 -5.695228 27.55907 -43.08646 -5.69523 59.84712 -43.08759 -4.375739 27.55907 -43.08759 -4.375738 22.83467 -43.08646 -5.695227 3.901031e-05 -43.08646 -5.695228 22.83466 -43.09134 1.984158e-06 3.937008e-05 -69.43585 -30.94637 59.84712 -43.08646 -5.695227 3.901031e-05 -69.4416 -30.95187 3.901031e-05 -44.47584 -7.026695 22.83466 -44.47584 -7.026695 27.55907 -43.08646 -5.695228 27.55907 -43.08646 -5.69523 59.84712 -42.94136 -5.556189 114.1363 -43.08646 -5.695228 22.83466 -75.94183 -31.48127 61.47448 -74.23377 -32.39109 61.06654 -76.35649 -31.87865 3.937008e-05 -71.47503 -32.15372 60.13594 -42.94136 -5.556189 114.1363 -69.43585 -30.94637 59.84712 -43.61454 -5.455554 117.2347 -73.68304 -32.46669 60.8332 -71.47503 -32.15372 60.13594 -73.70662 -32.68403 3.915896e-05 -74.23377 -32.39109 61.06654 -74.69097 -32.64127 3.92212e-05 -76.35649 -31.87865 3.937008e-05 -73.68304 -32.46669 60.8332 -73.70662 -32.68403 3.915896e-05 -74.69097 -32.64127 3.92212e-05 -71.47503 -32.15372 60.13594 -71.48363 -32.219 3.905385e-05 -73.70662 -32.68403 3.915896e-05 -69.43585 -30.94637 59.84712 -69.4416 -30.95187 3.901031e-05 -71.48363 -32.219 3.905385e-05 -44.14406 -5.200407 22.83467 -44.47584 -7.026695 22.83466 -44.79097 -6.669343 22.83467 -43.08646 -5.695228 22.83466 -43.08759 -4.375738 22.83467 -44.14406 -5.200407 22.83467 -43.08759 -4.375739 27.55907 -43.08759 -4.375738 22.83467 -44.14406 -5.200408 27.55907 -44.47584 -7.026695 27.55907 -44.14406 -5.200408 27.55907 -44.79097 -6.669343 27.55907 -43.08646 -5.695228 27.55907 -43.08759 -4.375739 27.55907 -44.79097 -6.669343 27.55907 -44.47584 -7.026695 22.83466 -44.47584 -7.026695 27.55907 -44.79097 -6.669343 22.83467 -71.47503 -32.15372 60.13594 -69.43585 -30.94637 59.84712 -71.48363 -32.219 3.905385e-05 -44.14406 -5.200408 27.55907 -44.79097 -6.669343 22.83467 -44.79097 -6.669343 27.55907 -44.14406 -5.200407 22.83467</float_array>
                    <technique_common>
                        <accessor count="186" source="#ID31" stride="3">
                            <param name="X" type="float" />
                            <param name="Y" type="float" />
                            <param name="Z" type="float" />
                        </accessor>
                    </technique_common>
                </source>
                <source id="ID29">
                    <float_array id="ID32" count="558">-0.07144785 -0.9974406 0.002745412 -0.07144785 -0.9974406 0.002745412 -0.07144785 -0.9974406 0.002745412 -0.0279828 -0.3905757 -0.9201454 -0.0279828 -0.3905757 -0.9201454 -0.0279828 -0.3905757 -0.9201454 -0.0279828 -0.3905757 -0.9201454 -0.0279828 -0.3905757 -0.9201454 0.278567 -0.9369223 -0.2111326 0.278567 -0.9369223 -0.2111326 0.278567 -0.9369223 -0.2111326 -0.06949005 -0.9975826 -5.876272e-08 -0.06949005 -0.9975826 -5.876272e-08 -0.06949005 -0.9975826 -5.876272e-08 0.9105642 -0.08485838 -0.4045639 0.9105642 -0.08485838 -0.4045639 0.9105642 -0.08485838 -0.4045639 0.9105642 -0.08485838 -0.4045639 0.3772776 -0.6769113 -0.6320227 0.3772776 -0.6769113 -0.6320227 0.3772776 -0.6769113 -0.6320227 -0.3914127 -0.01133907 -0.9201454 -0.3914127 -0.01133907 -0.9201454 -0.3914127 -0.01133907 -0.9201454 -0.3914127 -0.01133907 -0.9201454 -0.3914127 -0.01133907 -0.9201454 0.0488371 -0.2050843 -0.9775251 0.0488371 -0.2050843 -0.9775251 0.0488371 -0.2050843 -0.9775251 0.8199505 -0.5548939 -0.1406195 0.8199505 -0.5548939 -0.1406195 0.8199505 -0.5548939 -0.1406195 0.8199505 -0.5548939 -0.1406195 -0.9996359 -0.02698182 5.876272e-08 -0.9996359 -0.02698182 5.876272e-08 -0.9996359 -0.02698182 5.876272e-08 -0.04340378 -0.999054 0.002674705 -0.04340378 -0.999054 0.002674705 -0.04340378 -0.999054 0.002674705 0.9090855 -0.2699686 -0.3173019 0.9090855 -0.2699686 -0.3173019 0.9090855 -0.2699686 -0.3173019 0.9090855 -0.2699686 -0.3173019 0.8110479 0.2669957 -0.5204946 0.8110479 0.2669957 -0.5204946 0.8110479 0.2669957 -0.5204946 0.8110479 0.2669957 -0.5204946 0.9957829 0.09160163 -0.005062313 0.9957829 0.09160163 -0.005062313 0.9957829 0.09160163 -0.005062313 -0.9995773 -0.0289439 0.002745529 -0.9995773 -0.0289439 0.002745529 -0.9995773 -0.0289439 0.002745529 -0.660246 0.4057374 -0.6320225 -0.660246 0.4057374 -0.6320225 -0.660246 0.4057374 -0.6320225 -0.04603876 0.9133502 -0.4045638 -0.04603876 0.9133502 -0.4045638 -0.04603876 0.9133502 -0.4045638 -0.04603876 0.9133502 -0.4045638 -0.2028207 0.05751895 -0.9775251 -0.2028207 0.05751895 -0.9775251 -0.2028207 0.05751895 -0.9775251 0.8379717 -0.545713 -0.0008612869 0.8379717 -0.545713 -0.0008612869 0.8379717 -0.545713 -0.0008612869 0.6919002 -0.7219931 -8.742272e-08 0.6919002 -0.7219931 -8.742272e-08 0.6919002 -0.7219931 -8.742272e-08 0.6919002 -0.7219931 -8.742272e-08 0.6919002 -0.7219931 -8.742272e-08 -0.9999961 -0.0008565701 0.002674826 -0.9999961 -0.0008565701 0.002674826 -0.9999961 -0.0008565701 0.002674826 -0.04340393 -0.9990576 -6.043371e-08 -0.04340393 -0.9990576 -6.043371e-08 -0.04340393 -0.9990576 -6.043371e-08 -0.04340393 -0.9990576 -6.043371e-08 0.9830308 -0.1834075 -0.003482117 0.9830308 -0.1834075 -0.003482117 0.9830308 -0.1834075 -0.003482117 0.3012624 0.7989533 -0.5204945 0.3012624 0.7989533 -0.5204945 0.3012624 0.7989533 -0.5204945 0.3012624 0.7989533 -0.5204945 0.9025729 0.4304456 -0.008870604 0.9025729 0.4304456 -0.008870604 0.9025729 0.4304456 -0.008870604 0.9260878 0.3772461 -0.006841663 0.9260878 0.3772461 -0.006841663 0.9260878 0.3772461 -0.006841663 0.9999932 0.0008559268 -0.00358627 0.9999932 0.0008559268 -0.00358627 0.9999932 0.0008559268 -0.00358627 -0.9242214 0.3181791 -0.2111325 -0.9242214 0.3181791 -0.2111325 -0.9242214 0.3181791 -0.2111325 -0.2310441 0.919749 -0.3173018 -0.2310441 0.919749 -0.3173018 -0.2310441 0.919749 -0.3173018 -0.2310441 0.919749 -0.3173018 0.1338874 0.9909836 -0.005062204 0.1338874 0.9909836 -0.005062204 0.1338874 0.9909836 -0.005062204 0.8264998 -0.562937 -2.762332e-05 0.8264998 -0.562937 -2.762332e-05 0.8264998 -0.562937 -2.762332e-05 0.9692137 -0.2462189 -0.001033376 0.9692137 -0.2462189 -0.001033376 0.9692137 -0.2462189 -0.001033376 6.048786e-08 -6.311866e-08 1 6.048786e-08 -6.311866e-08 1 6.048786e-08 -6.311866e-08 1 6.048786e-08 -6.311866e-08 1 6.048786e-08 -6.311866e-08 1 6.048786e-08 -6.311866e-08 1 6.048786e-08 -6.311866e-08 1 6.048786e-08 -6.311866e-08 1 6.048786e-08 -6.311866e-08 1 6.048786e-08 -6.311866e-08 1 6.048786e-08 -6.311866e-08 1 6.048786e-08 -6.311866e-08 1 -0.9999996 -0.0008566173 5.792611e-08 -0.9999996 -0.0008566173 5.792611e-08 -0.9999996 -0.0008566173 5.792611e-08 -0.9999996 -0.0008566173 5.792611e-08 -0.9999996 -0.0008566173 5.792611e-08 -0.9999996 -0.0008566173 5.792611e-08 -0.9999996 -0.0008566173 5.792611e-08 -0.9999996 -0.0008566173 5.792611e-08 -0.6919002 0.7219931 8.742272e-08 -0.6919002 0.7219931 8.742272e-08 -0.6919002 0.7219931 8.742272e-08 -0.6919002 0.7219931 8.742272e-08 -0.6919002 0.7219931 8.742272e-08 -0.6919002 0.7219931 8.742272e-08 -0.6919002 0.7219931 8.742272e-08 -0.6919002 0.7219931 8.742272e-08 -0.6919002 0.7219931 8.742272e-08 0.4684586 0.8834409 -0.008870549 0.4684586 0.8834409 -0.008870549 0.4684586 0.8834409 -0.008870549 -0.5195041 0.8428177 -0.1406193 -0.5195041 0.8428177 -0.1406193 -0.5195041 0.8428177 -0.1406193 -0.5195041 0.8428177 -0.1406193 -0.1414153 0.9899442 -0.003481975 -0.1414153 0.9899442 -0.003481975 -0.1414153 0.9899442 -0.003481975 0.4163078 0.909198 -0.006841599 0.4163078 0.909198 -0.006841599 0.4163078 0.909198 -0.006841599 0.04340302 0.9990512 -0.003586149 0.04340302 0.9990512 -0.003586149 0.04340302 0.9990512 -0.003586149 -0.2047577 0.9788122 -0.001033228 -0.2047577 0.9788122 -0.001033228 -0.2047577 0.9788122 -0.001033228 -0.5272612 0.8497033 -2.745227e-05 -0.5272612 0.8497033 -2.745227e-05 -0.5272612 0.8497033 -2.745227e-05 -6.048786e-08 6.311866e-08 -1 -6.048786e-08 6.311866e-08 -1 -6.048786e-08 6.311866e-08 -1 -6.048786e-08 6.311866e-08 -1 -6.048786e-08 6.311866e-08 -1 -0.6153223 0.7882756 8.697435e-08 -0.6153223 0.7882756 8.697435e-08 -0.6153223 0.7882756 8.697435e-08 -0.6153223 0.7882756 8.697435e-08 6.048786e-08 -6.311866e-08 1 6.048786e-08 -6.311866e-08 1 6.048786e-08 -6.311866e-08 1 6.048786e-08 -6.311866e-08 1 6.048786e-08 -6.311866e-08 1 -0.7500232 -0.6614115 3.619882e-09 -0.7500232 -0.6614115 3.619882e-09 -0.7500232 -0.6614115 3.619882e-09 -0.7500232 -0.6614115 3.619882e-09 -0.5095646 0.860432 -0.0008611166 -0.5095646 0.860432 -0.0008611166 -0.5095646 0.860432 -0.0008611166 -0.9151811 0.403043 8.07968e-08 -0.9151811 0.403043 8.07968e-08 -0.9151811 0.403043 8.07968e-08 -0.9151811 0.403043 8.07968e-08</float_array>
                    <technique_common>
                        <accessor count="186" source="#ID32" stride="3">
                            <param name="X" type="float" />
                            <param name="Y" type="float" />
                            <param name="Z" type="float" />
                        </accessor>
                    </technique_common>
                </source>
                <vertices id="ID30">
                    <input semantic="POSITION" source="#ID28" />
                    <input semantic="NORMAL" source="#ID29" />
                </vertices>
                <triangles count="90" material="Material2">
                    <input offset="0" semantic="VERTEX" source="#ID30" />
                    <p>0 1 2 3 4 5 4 3 6 6 3 7 8 9 10 11 12 13 14 15 16 15 14 17 18 19 20 21 22 23 22 21 24 24 21 25 26 27 28 29 30 31 30 29 32 33 34 35 36 37 38 39 40 41 40 39 42 43 44 45 44 43 46 47 48 49 50 51 52 53 54 55 56 57 58 57 56 59 60 61 62 63 64 65 66 67 68 67 66 69 67 69 70 71 72 73 74 75 76 75 74 77 78 79 80 81 82 83 82 81 84 85 86 87 88 89 90 91 92 93 94 95 96 97 98 99 98 97 100 101 102 103 104 105 106 107 108 109 110 111 112 111 110 113 111 113 114 114 113 115 114 115 116 116 115 117 116 117 118 116 118 119 116 119 120 116 120 121 122 123 124 123 122 125 125 122 126 126 127 128 127 126 129 129 126 122 130 131 132 131 130 133 133 130 134 134 130 135 135 130 136 136 130 137 138 131 133 139 140 141 142 143 144 143 142 145 146 147 148 149 150 151 152 153 154 155 156 157 158 159 160 161 162 163 162 161 164 164 161 165 166 167 168 167 166 169 170 171 172 171 170 173 171 173 174 175 176 177 176 175 178 179 180 181 182 183 184 183 182 185</p>
                </triangles>
            </mesh>
        </geometry>
        <geometry id="ID33">
            <mesh>
                <source id="ID34">
                    <float_array id="ID37" count="684">76.85487 -24.43042 325.8686 74.85079 -27.02223 354.4123 76.86366 -26.03777 325.7087 76.86366 -26.03777 325.7087 74.85079 -27.02223 354.4123 74.66777 -27.96158 354.8366 53.99485 -0.7556658 327.0899 48.34469 -6.676576 326.2176 48.31365 -1.009395 326.7813 69.28695 -26.52341 325.2824 74.93711 -20.6025 326.1548 71.22858 -27.77462 325.2544 73.21961 -28.23989 325.3073 74.83093 -28.1679 325.3949 76.27291 -27.50619 325.5328 76.28859 -22.47214 326.0357 76.86366 -26.03777 325.7087 76.85487 -24.43042 325.8686 76.85487 -24.43042 325.8686 74.57678 -25.01238 353.7702 74.85079 -27.02223 354.4123 58.34108 -15.35956 378.5913 74.66777 -27.96158 354.8366 74.85079 -27.02223 354.4123 76.86366 -26.03777 325.7087 74.66777 -27.96158 354.8366 76.27291 -27.50619 325.5328 43.33142 -5.951952 353.7697 48.31365 -1.009395 326.7813 48.34469 -6.676576 326.2176 43.30039 -0.2847717 354.3334 43.30039 -0.2847717 354.3334 53.99485 -0.7556658 327.0899 48.31365 -1.009395 326.7813 48.98158 -0.03104217 354.6421 53.99485 -0.7556658 327.0899 73.33961 -23.11498 353.5544 74.93711 -20.6025 326.1548 48.98158 -0.03104217 354.6421 74.93711 -20.6025 326.1548 73.33961 -23.11498 353.5544 76.28859 -22.47214 326.0357 76.28859 -22.47214 326.0357 74.57678 -25.01238 353.7702 76.85487 -24.43042 325.8686 72.36612 -30.37352 354.4812 74.83093 -28.1679 325.3949 76.27291 -27.50619 325.5328 71.5106 -30.52248 353.8966 73.21961 -28.23989 325.3073 74.83093 -28.1679 325.3949 69.6032 -30.2243 353.0023 71.22858 -27.77462 325.2544 73.21961 -28.23989 325.3073 67.68945 -29.03589 352.682 69.28695 -26.52341 325.2824 71.22858 -27.77462 325.2544 67.68945 -29.03589 352.682 48.34469 -6.676576 326.2176 69.28695 -26.52341 325.2824 43.33142 -5.951952 353.7697 58.34108 -15.35956 378.5913 74.85079 -27.02223 354.4123 74.57678 -25.01238 353.7702 58.34108 -15.35956 378.5913 58.25272 -15.99935 378.9089 74.66777 -27.96158 354.8366 76.27291 -27.50619 325.5328 74.66777 -27.96158 354.8366 73.82562 -29.53033 355.1219 43.30039 -0.2847717 354.3334 43.33142 -5.951952 353.7697 39.37299 -4.975254 377.4382 44.34513 0.2351491 378.2059 48.98158 -0.03104217 354.6421 43.30039 -0.2847717 354.3334 48.98158 -0.03104217 354.6421 56.67497 -11.44975 377.6553 73.33961 -23.11498 353.5544 44.34513 0.2351491 378.2059 76.28859 -22.47214 326.0357 73.33961 -23.11498 353.5544 74.57678 -25.01238 353.7702 72.36612 -30.37352 354.4812 71.5106 -30.52248 353.8966 74.83093 -28.1679 325.3949 73.82562 -29.53033 355.1219 72.36612 -30.37352 354.4812 76.27291 -27.50619 325.5328 71.5106 -30.52248 353.8966 69.6032 -30.2243 353.0023 73.21961 -28.23989 325.3073 69.6032 -30.2243 353.0023 67.68945 -29.03589 352.682 71.22858 -27.77462 325.2544 51.70282 -16.66015 376.8876 43.33142 -5.951952 353.7697 67.68945 -29.03589 352.682 39.37299 -4.975254 377.4382 57.97099 -13.36067 377.8934 58.34108 -15.35956 378.5913 74.57678 -25.01238 353.7702 39.46216 -1.693078 402.9026 58.25272 -15.99935 378.9089 58.34108 -15.35956 378.5913 58.25272 -15.99935 378.9089 73.82562 -29.53033 355.1219 74.66777 -27.96158 354.8366 39.00294 0.3366714 377.9496 43.30039 -0.2847717 354.3334 39.37299 -4.975254 377.4382 44.34513 0.2351491 378.2059 43.30039 -0.2847717 354.3334 39.00294 0.3366714 377.9496 39.52614 0.3087194 401.7413 56.67497 -11.44975 377.6553 44.34513 0.2351491 378.2059 56.67497 -11.44975 377.6553 57.97099 -13.36067 377.8934 73.33961 -23.11498 353.5544 57.97099 -13.36067 377.8934 74.57678 -25.01238 353.7702 73.33961 -23.11498 353.5544 55.52405 -18.31159 378.1563 71.5106 -30.52248 353.8966 72.36612 -30.37352 354.4812 56.10466 -18.25035 378.5772 72.36612 -30.37352 354.4812 73.82562 -29.53033 355.1219 55.52405 -18.31159 378.1563 69.6032 -30.2243 353.0023 71.5106 -30.52248 353.8966 53.63006 -17.90961 377.2231 67.68945 -29.03589 352.682 69.6032 -30.2243 353.0023 53.63006 -17.90961 377.2231 51.70282 -16.66015 376.8876 67.68945 -29.03589 352.682 35.59843 -3.807201 401.1349 39.37299 -4.975254 377.4382 51.70282 -16.66015 376.8876 39.46216 -1.693078 402.9026 58.34108 -15.35956 378.5913 57.97099 -13.36067 377.8934 39.46216 -1.693078 402.9026 39.45542 -1.90373 403.0248 58.25272 -15.99935 378.9089 58.25272 -15.99935 378.9089 57.50605 -17.50959 379.2341 73.82562 -29.53033 355.1219 39.00294 0.3366714 377.9496 39.37299 -4.975254 377.4382 35.59843 -3.807201 401.1349 39.52614 0.3087194 401.7413 44.34513 0.2351491 378.2059 39.00294 0.3366714 377.9496 39.52614 0.3087194 401.7413 39.5074 -0.2775925 402.0815 56.67497 -11.44975 377.6553 39.5074 -0.2775925 402.0815 57.97099 -13.36067 377.8934 56.67497 -11.44975 377.6553 56.10466 -18.25035 378.5772 55.52405 -18.31159 378.1563 72.36612 -30.37352 354.4812 57.50605 -17.50959 379.2341 56.10466 -18.25035 378.5772 73.82562 -29.53033 355.1219 55.52405 -18.31159 378.1563 53.63006 -17.90961 377.2231 69.6032 -30.2243 353.0023 36.12695 -3.820032 401.5595 51.70282 -16.66015 376.8876 53.63006 -17.90961 377.2231 36.12695 -3.820032 401.5595 35.59843 -3.807201 401.1349 51.70282 -16.66015 376.8876 39.5074 -0.2775925 402.0815 39.46216 -1.693078 402.9026 57.97099 -13.36067 377.8934 37.94881 -2.403688 403.3766 39.52614 0.3087194 401.7413 34.70617 0.9574854 401.5657 39.46216 -1.693078 402.9026 39.45542 -1.90373 403.0248 39.5074 -0.2775925 402.0815 39.45542 -1.90373 403.0248 57.50605 -17.50959 379.2341 58.25272 -15.99935 378.9089 34.70617 0.9574854 401.5657 39.00294 0.3366714 377.9496 35.59843 -3.807201 401.1349 39.52614 0.3087194 401.7413 39.00294 0.3366714 377.9496 34.70617 0.9574854 401.5657 37.40291 -3.851001 402.5846 55.52405 -18.31159 378.1563 56.10466 -18.25035 378.5772 37.5928 -3.85561 402.7372 56.10466 -18.25035 378.5772 57.50605 -17.50959 379.2341 37.40291 -3.851001 402.5846 53.63006 -17.90961 377.2231 55.52405 -18.31159 378.1563 37.40291 -3.851001 402.5846 36.12695 -3.820032 401.5595 53.63006 -17.90961 377.2231 35.59843 -3.807201 401.1349 37.94881 -2.403688 403.3766 34.70617 0.9574854 401.5657 36.12695 -3.820032 401.5595 37.40291 -3.851001 402.5846 37.5928 -3.85561 402.7372 39.45542 -1.90373 403.0248 37.94881 -2.403688 403.3766 38.88346 -3.302001 403.42 39.45542 -1.90373 403.0248 38.88346 -3.302001 403.42 57.50605 -17.50959 379.2341 37.5928 -3.85561 402.7372 37.40291 -3.851001 402.5846 56.10466 -18.25035 378.5772 38.88346 -3.302001 403.42 37.5928 -3.85561 402.7372 57.50605 -17.50959 379.2341 38.88346 -3.302001 403.42 37.94881 -2.403688 403.3766 37.5928 -3.85561 402.7372</float_array>
                    <technique_common>
                        <accessor count="228" source="#ID37" stride="3">
                            <param name="X" type="float" />
                            <param name="Y" type="float" />
                            <param name="Z" type="float" />
                        </accessor>
                    </technique_common>
                </source>
                <source id="ID35">
                    <float_array id="ID38" count="684">0.9975527 -0.001503821 0.06990271 0.9975527 -0.001503821 0.06990271 0.9975527 -0.001503821 0.06990271 0.9845549 -0.1631755 0.0634463 0.9845549 -0.1631755 0.0634463 0.9845549 -0.1631755 0.0634463 0.04956463 0.09912927 -0.9938394 0.04956463 0.09912927 -0.9938394 0.04956463 0.09912927 -0.9938394 0.04956463 0.09912927 -0.9938394 0.04956463 0.09912927 -0.9938394 0.04956463 0.09912927 -0.9938394 0.04956463 0.09912927 -0.9938394 0.04956463 0.09912927 -0.9938394 0.04956463 0.09912927 -0.9938394 0.04956463 0.09912927 -0.9938394 0.04956463 0.09912927 -0.9938394 0.04956463 0.09912927 -0.9938394 0.9834362 0.1607981 0.08364881 0.9834362 0.1607981 0.08364881 0.9834362 0.1607981 0.08364881 0.8405035 0.07836177 0.5361094 0.8405035 0.07836177 0.5361094 0.8405035 0.07836177 0.5361094 0.9249382 -0.3774685 0.04479851 0.9249382 -0.3774685 0.04479851 0.9249382 -0.3774685 0.04479851 -0.9837122 0.01244889 -0.1793193 -0.9837122 0.01244889 -0.1793193 -0.9837122 0.01244889 -0.1793193 -0.9837122 0.01244889 -0.1793193 -0.04274524 0.998506 -0.03403853 -0.04274524 0.998506 -0.03403853 -0.04274524 0.998506 -0.03403853 -0.04274524 0.998506 -0.03403853 0.6864836 0.7193792 0.1059898 0.6864836 0.7193792 0.1059898 0.6864836 0.7193792 0.1059898 0.6864836 0.7193792 0.1059898 0.8093734 0.5786745 0.1002525 0.8093734 0.5786745 0.1002525 0.8093734 0.5786745 0.1002525 0.959139 0.2701951 0.08394675 0.959139 0.2701951 0.08394675 0.959139 0.2701951 0.08394675 0.419466 -0.9071621 -0.03324405 0.419466 -0.9071621 -0.03324405 0.419466 -0.9071621 -0.03324405 0.0486529 -0.9958739 -0.07660295 0.0486529 -0.9958739 -0.07660295 0.0486529 -0.9958739 -0.07660295 -0.2239515 -0.9695879 -0.09871685 -0.2239515 -0.9695879 -0.09871685 -0.2239515 -0.9695879 -0.09871685 -0.5396123 -0.8349546 -0.1080246 -0.5396123 -0.8349546 -0.1080246 -0.5396123 -0.8349546 -0.1080246 -0.6864836 -0.7193792 -0.1059898 -0.6864836 -0.7193792 -0.1059898 -0.6864836 -0.7193792 -0.1059898 -0.6864836 -0.7193792 -0.1059898 0.851194 0.2614469 0.4550982 0.851194 0.2614469 0.4550982 0.851194 0.2614469 0.4550982 0.8487143 0.1364153 0.5109549 0.8487143 0.1364153 0.5109549 0.8487143 0.1364153 0.5109549 0.8834255 -0.4667624 0.04113697 0.8834255 -0.4667624 0.04113697 0.8834255 -0.4667624 0.04113697 -0.9861668 0.01104968 -0.1653874 -0.9861668 0.01104968 -0.1653874 -0.9861668 0.01104968 -0.1653874 -0.04353173 0.9988548 -0.01984905 -0.04353173 0.9988548 -0.01984905 -0.04353173 0.9988548 -0.01984905 0.6852977 0.7171502 0.1267389 0.6852977 0.7171502 0.1267389 0.6852977 0.7171502 0.1267389 0.6852977 0.7171502 0.1267389 0.8280015 0.5514421 0.1016126 0.8280015 0.5514421 0.1016126 0.8280015 0.5514421 0.1016126 0.2085232 -0.9763916 -0.05636928 0.2085232 -0.9763916 -0.05636928 0.2085232 -0.9763916 -0.05636928 0.5058078 -0.8624754 -0.01716542 0.5058078 -0.8624754 -0.01716542 0.5058078 -0.8624754 -0.01716542 -0.1144618 -0.9897102 -0.08586149 -0.1144618 -0.9897102 -0.08586149 -0.1144618 -0.9897102 -0.08586149 -0.5118432 -0.8526068 -0.1052532 -0.5118432 -0.8526068 -0.1052532 -0.5118432 -0.8526068 -0.1052532 -0.6873696 -0.721294 -0.08519438 -0.6873696 -0.721294 -0.08519438 -0.6873696 -0.721294 -0.08519438 -0.6873696 -0.721294 -0.08519438 0.8465961 0.3082396 0.4338932 0.8465961 0.3082396 0.4338932 0.8465961 0.3082396 0.4338932 0.8210514 0.158786 0.5483261 0.8210514 0.158786 0.5483261 0.8210514 0.158786 0.5483261 0.7254279 -0.2746197 0.6311405 0.7254279 -0.2746197 0.6311405 0.7254279 -0.2746197 0.6311405 -0.9827814 -0.05137766 -0.1774853 -0.9827814 -0.05137766 -0.1774853 -0.9827814 -0.05137766 -0.1774853 0.02008183 0.9995418 -0.02264796 0.02008183 0.9995418 -0.02264796 0.02008183 0.9995418 -0.02264796 0.6845326 0.7158158 0.1379235 0.6845326 0.7158158 0.1379235 0.6845326 0.7158158 0.1379235 0.7815815 0.563435 0.2677151 0.7815815 0.563435 0.2677151 0.7815815 0.563435 0.2677151 0.7894397 0.5465259 0.2794537 0.7894397 0.5465259 0.2794537 0.7894397 0.5465259 0.2794537 -0.1071001 -0.9146491 0.3898034 -0.1071001 -0.9146491 0.3898034 -0.1071001 -0.9146491 0.3898034 0.2210913 -0.8031235 0.5532732 0.2210913 -0.8031235 0.5532732 0.2210913 -0.8031235 0.5532732 -0.275526 -0.9192643 0.2811379 -0.275526 -0.9192643 0.2811379 -0.275526 -0.9192643 0.2811379 -0.5350838 -0.8414674 0.07495361 -0.5350838 -0.8414674 0.07495361 -0.5350838 -0.8414674 0.07495361 -0.5505281 -0.8325079 0.06204376 -0.5505281 -0.8325079 0.06204376 -0.5505281 -0.8325079 0.06204376 -0.6877232 -0.7221971 -0.07394632 -0.6877232 -0.7221971 -0.07394632 -0.6877232 -0.7221971 -0.07394632 0.8271874 0.3155044 0.4649925 0.8271874 0.3155044 0.4649925 0.8271874 0.3155044 0.4649925 0.8293871 0.2602652 0.4943471 0.8293871 0.2602652 0.4943471 0.8293871 0.2602652 0.4943471 0.7465377 -0.2350387 0.6224454 0.7465377 -0.2350387 0.6224454 0.7465377 -0.2350387 0.6224454 -0.9865263 -0.05385265 -0.1544854 -0.9865263 -0.05385265 -0.1544854 -0.9865263 -0.05385265 -0.1544854 0.01896412 0.9998199 0.0007576147 0.01896412 0.9998199 0.0007576147 0.01896412 0.9998199 0.0007576147 0.8422458 0.2501135 0.4775619 0.8422458 0.2501135 0.4775619 0.8422458 0.2501135 0.4775619 0.7754787 0.5618306 0.2880609 0.7754787 0.5618306 0.2880609 0.7754787 0.5618306 0.2880609 -0.160309 -0.9209556 0.3551645 -0.160309 -0.9209556 0.3551645 -0.160309 -0.9209556 0.3551645 0.1844782 -0.8240323 0.5356665 0.1844782 -0.8240323 0.5356665 0.1844782 -0.8240323 0.5356665 -0.3189216 -0.9131277 0.2539424 -0.3189216 -0.9131277 0.2539424 -0.3189216 -0.9131277 0.2539424 -0.552255 -0.8295268 0.08306506 -0.552255 -0.8295268 0.08306506 -0.552255 -0.8295268 0.08306506 -0.2681166 -0.913455 0.3061265 -0.2681166 -0.913455 0.3061265 -0.2681166 -0.913455 0.3061265 0.830211 0.2596236 0.4933004 0.830211 0.2596236 0.4933004 0.830211 0.2596236 0.4933004 0.03585385 0.5006004 0.8649357 0.03585385 0.5006004 0.8649357 0.03585385 0.5006004 0.8649357 0.03585385 0.5006004 0.8649357 0.03585385 0.5006004 0.8649357 0.03585385 0.5006004 0.8649357 0.7098321 -0.2058715 0.6736136 0.7098321 -0.2058715 0.6736136 0.7098321 -0.2058715 0.6736136 -0.970918 -0.1662453 -0.1722812 -0.970918 -0.1662453 -0.1722812 -0.970918 -0.1662453 -0.1722812 0.1334598 0.9910526 -0.00177052 0.1334598 0.9910526 -0.00177052 0.1334598 0.9910526 -0.00177052 -0.1894326 -0.9001156 0.39231 -0.1894326 -0.9001156 0.39231 -0.1894326 -0.9001156 0.39231 0.1461143 -0.7966028 0.5865787 0.1461143 -0.7966028 0.5865787 0.1461143 -0.7966028 0.5865787 -0.3317382 -0.8989549 0.2860593 -0.3317382 -0.8989549 0.2860593 -0.3317382 -0.8989549 0.2860593 -0.2804913 -0.9043015 0.3218126 -0.2804913 -0.9043015 0.3218126 -0.2804913 -0.9043015 0.3218126 -0.6182402 -0.1848367 0.7639466 -0.6182402 -0.1848367 0.7639466 -0.6182402 -0.1848367 0.7639466 -0.6182402 -0.1848367 0.7639466 -0.6182402 -0.1848367 0.7639466 -0.6182402 -0.1848367 0.7639466 0.1560568 0.2090584 0.9653708 0.1560568 0.2090584 0.9653708 0.1560568 0.2090584 0.9653708 0.7500409 -0.1231103 0.6498326 0.7500409 -0.1231103 0.6498326 0.7500409 -0.1231103 0.6498326 -0.2813238 -0.9036698 0.3228587 -0.2813238 -0.9036698 0.3228587 -0.2813238 -0.9036698 0.3228587 0.07014392 -0.8355879 0.5448602 0.07014392 -0.8355879 0.5448602 0.07014392 -0.8355879 0.5448602 -0.3379936 -0.3086663 0.8890925 -0.3379936 -0.3086663 0.8890925 -0.3379936 -0.3086663 0.8890925</float_array>
                    <technique_common>
                        <accessor count="228" source="#ID38" stride="3">
                            <param name="X" type="float" />
                            <param name="Y" type="float" />
                            <param name="Z" type="float" />
                        </accessor>
                    </technique_common>
                </source>
                <vertices id="ID36">
                    <input semantic="POSITION" source="#ID34" />
                    <input semantic="NORMAL" source="#ID35" />
                </vertices>
                <triangles count="90" material="Material2">
                    <input offset="0" semantic="VERTEX" source="#ID36" />
                    <p>0 1 2 3 4 5 6 7 8 7 6 9 9 6 10 9 10 11 11 10 12 12 10 13 13 10 14 14 10 15 14 15 16 16 15 17 18 19 20 21 22 23 24 25 26 27 28 29 28 27 30 31 32 33 32 31 34 35 36 37 36 35 38 39 40 41 42 43 44 45 46 47 48 49 50 51 52 53 54 55 56 57 58 59 58 57 60 61 62 63 64 65 66 67 68 69 70 71 72 73 74 75 76 77 78 77 76 79 80 81 82 83 84 85 86 87 88 89 90 91 92 93 94 95 96 97 96 95 98 99 100 101 102 103 104 105 106 107 108 109 110 111 112 113 114 115 116 117 118 119 120 121 122 123 124 125 126 127 128 129 130 131 132 133 134 135 136 137 138 139 140 141 142 143 144 145 146 147 148 149 150 151 152 153 154 155 156 157 158 159 160 161 162 163 164 165 166 167 168 169 170 171 172 173 174 175 176 177 178 179 180 181 182 181 180 183 183 180 184 181 183 185 186 187 188 189 190 191 192 193 194 195 196 197 198 199 200 201 202 203 204 205 206 207 208 209 208 207 210 208 210 211 208 211 212 213 214 215 216 217 218 219 220 221 222 223 224 225 226 227</p>
                </triangles>
            </mesh>
        </geometry>
        <geometry id="ID39">
            <mesh>
                <source id="ID40">
                    <float_array id="ID43" count="90">43.11604 -6.066072 27.55905 45.34599 -6.885821 22.83465 43.11604 -6.066072 22.83465 45.34599 -6.885821 27.55905 42.74988 -6.283516 27.55905 43.11604 -6.066072 22.83465 42.74988 -6.283516 22.83465 43.11604 -6.066072 27.55905 42.80977 -6.705133 27.55905 43.11604 -6.066072 27.55905 42.74988 -6.283516 27.55905 45.03972 -7.524882 27.55905 45.34599 -6.885821 27.55905 45.34599 -6.885821 22.83465 45.03972 -7.524882 27.55905 45.03972 -7.524882 22.83465 45.34599 -6.885821 27.55905 43.11604 -6.066072 22.83465 42.80977 -6.705133 22.83465 42.74988 -6.283516 22.83465 45.03972 -7.524882 22.83465 45.34599 -6.885821 22.83465 42.80977 -6.705133 27.55905 42.74988 -6.283516 22.83465 42.80977 -6.705133 22.83465 42.74988 -6.283516 27.55905 45.03972 -7.524882 27.55905 42.80977 -6.705133 22.83465 45.03972 -7.524882 22.83465 42.80977 -6.705133 27.55905</float_array>
                    <technique_common>
                        <accessor count="30" source="#ID43" stride="3">
                            <param name="X" type="float" />
                            <param name="Y" type="float" />
                            <param name="Z" type="float" />
                        </accessor>
                    </technique_common>
                </source>
                <source id="ID41">
                    <float_array id="ID44" count="90">0.345033 0.9385906 3.273063e-18 0.345033 0.9385906 3.273063e-18 0.345033 0.9385906 3.273063e-18 0.345033 0.9385906 3.273063e-18 -0.5106053 0.8598152 3.273063e-18 -0.5106053 0.8598152 3.273063e-18 -0.5106053 0.8598152 3.273063e-18 -0.5106053 0.8598152 3.273063e-18 3.037104e-08 -2.182219e-08 1 3.037104e-08 -2.182219e-08 1 3.037104e-08 -2.182219e-08 1 3.037104e-08 -2.182219e-08 1 3.037104e-08 -2.182219e-08 1 0.901786 -0.4321828 -3.273063e-18 0.901786 -0.4321828 -3.273063e-18 0.901786 -0.4321828 -3.273063e-18 0.901786 -0.4321828 -3.273063e-18 3.037104e-08 -2.182219e-08 -1 3.037104e-08 -2.182219e-08 -1 3.037104e-08 -2.182219e-08 -1 3.037104e-08 -2.182219e-08 -1 3.037104e-08 -2.182219e-08 -1 -0.9900628 -0.1406258 0 -0.9900628 -0.1406258 0 -0.9900628 -0.1406258 0 -0.9900628 -0.1406258 0 -0.345033 -0.9385906 -6.546126e-18 -0.345033 -0.9385906 -6.546126e-18 -0.345033 -0.9385906 -6.546126e-18 -0.345033 -0.9385906 -6.546126e-18</float_array>
                    <technique_common>
                        <accessor count="30" source="#ID44" stride="3">
                            <param name="X" type="float" />
                            <param name="Y" type="float" />
                            <param name="Z" type="float" />
                        </accessor>
                    </technique_common>
                </source>
                <vertices id="ID42">
                    <input semantic="POSITION" source="#ID40" />
                    <input semantic="NORMAL" source="#ID41" />
                </vertices>
                <triangles count="16" material="Material2">
                    <input offset="0" semantic="VERTEX" source="#ID42" />
                    <p>0 1 2 1 0 3 4 5 6 5 4 7 8 9 10 9 8 11 9 11 12 13 14 15 14 13 16 17 18 19 18 17 20 20 17 21 22 23 24 23 22 25 26 27 28 27 26 29</p>
                </triangles>
            </mesh>
        </geometry>
        <geometry id="ID45">
            <mesh>
                <source id="ID46">
                    <float_array id="ID49" count="72">42.39702 -4.115236 22.83465 43.10298 -4.177 27.55905 43.10298 -4.177 22.83465 42.39702 -4.115236 27.55906 43.10298 -4.177 22.83465 42.43512 -6.255707 22.83464 42.39702 -4.115236 22.83465 43.14108 -6.317471 22.83464 42.39702 -4.115236 27.55906 42.43512 -6.255707 22.83464 42.43512 -6.255707 27.55905 42.39702 -4.115236 22.83465 42.43512 -6.255707 27.55905 43.10298 -4.177 27.55905 42.39702 -4.115236 27.55906 43.14108 -6.317471 27.55905 43.10298 -4.177 22.83465 43.14108 -6.317471 27.55905 43.14108 -6.317471 22.83464 43.10298 -4.177 27.55905 43.14108 -6.317471 22.83464 42.43512 -6.255707 27.55905 42.43512 -6.255707 22.83464 43.14108 -6.317471 27.55905</float_array>
                    <technique_common>
                        <accessor count="24" source="#ID49" stride="3">
                            <param name="X" type="float" />
                            <param name="Y" type="float" />
                            <param name="Z" type="float" />
                        </accessor>
                    </technique_common>
                </source>
                <source id="ID47">
                    <float_array id="ID50" count="72">0.08715599 0.9961947 3.278248e-08 0.08715599 0.9961947 3.278248e-08 0.08715599 0.9961947 3.278248e-08 0.08715599 0.9961947 3.278248e-08 6.446846e-08 7.36875e-07 -1 6.446846e-08 7.36875e-07 -1 6.446846e-08 7.36875e-07 -1 6.446846e-08 7.36875e-07 -1 -0.9998416 -0.01779737 3.729321e-09 -0.9998416 -0.01779737 3.729321e-09 -0.9998416 -0.01779737 3.729321e-09 -0.9998416 -0.01779737 3.729321e-09 1.627292e-06 -5.228295e-07 1 1.627292e-06 -5.228295e-07 1 1.627292e-06 -5.228295e-07 1 1.627292e-06 -5.228295e-07 1 0.9998416 0.01779729 1.089659e-08 0.9998416 0.01779729 1.089659e-08 0.9998416 0.01779729 1.089659e-08 0.9998416 0.01779729 1.089659e-08 -0.08715577 -0.9961947 -5.891514e-17 -0.08715577 -0.9961947 -5.891514e-17 -0.08715577 -0.9961947 -5.891514e-17 -0.08715577 -0.9961947 -5.891514e-17</float_array>
                    <technique_common>
                        <accessor count="24" source="#ID50" stride="3">
                            <param name="X" type="float" />
                            <param name="Y" type="float" />
                            <param name="Z" type="float" />
                        </accessor>
                    </technique_common>
                </source>
                <vertices id="ID48">
                    <input semantic="POSITION" source="#ID46" />
                    <input semantic="NORMAL" source="#ID47" />
                </vertices>
                <triangles count="12" material="Material2">
                    <input offset="0" semantic="VERTEX" source="#ID48" />
                    <p>0 1 2 1 0 3 4 5 6 5 4 7 8 9 10 9 8 11 12 13 14 13 12 15 16 17 18 17 16 19 20 21 22 21 20 23</p>
                </triangles>
            </mesh>
        </geometry>
        <geometry id="ID51">
            <mesh>
                <source id="ID52">
                    <float_array id="ID55" count="558">43.09142 -1.75998e-06 118.1102 46.17934 0.2211931 118.1102 48.63619 0.3862446 114.1363 46.44483 -3.21364 119.5763 46.17934 0.2211931 118.1102 43.09142 -1.75998e-06 118.1102 48.40572 -1.939065 119.0949 48.35299 -2.499125 119.3311 46.17934 0.2211931 118.1102 48.56429 -0.2906071 117.2347 48.63619 0.3862446 114.1363 43.09142 -1.75998e-06 118.1102 48.63619 0.3862446 114.1363 43.09142 -1.75998e-06 59.84712 76.83036 -29.18256 60.8332 48.35299 -2.499125 119.3311 76.77826 -29.73601 61.06654 48.40572 -1.939065 119.0949 48.40572 -1.939065 119.0949 48.56429 -0.2906071 117.2347 46.17934 0.2211931 118.1102 45.25485 -5.226979 119.0949 43.09142 -1.75998e-06 118.1102 43.00182 -3.094537 118.1102 46.44483 -3.21364 119.5763 45.81216 -5.150475 119.3311 48.35299 -2.499125 119.3311 46.44483 -3.21364 119.5763 47.51784 -4.241923 119.7384 75.1307 -25.00391 59.84712 48.56429 -0.2906071 117.2347 76.42373 -26.98987 60.13593 48.63619 0.3862446 114.1363 43.09142 -1.75998e-06 59.84712 42.94145 -5.556186 114.1363 43.09142 -1.75998e-06 118.1102 48.63619 0.3862446 114.1363 48.78128 0.2472001 59.84712 43.09142 -1.75998e-06 59.84712 76.42373 -26.98987 60.13593 48.40572 -1.939065 119.0949 76.83036 -29.18256 60.8332 48.56429 -0.2906071 117.2347 76.77826 -29.73601 61.06654 47.51784 -4.241923 119.7384 75.94194 -31.48123 61.47448 48.35299 -2.499125 119.3311 76.83036 -29.18256 60.8332 76.77826 -29.73601 61.06654 77.04767 -30.18215 3.937008e-05 43.09142 -1.75998e-06 118.1102 42.94145 -5.556186 114.1363 43.00182 -3.094537 118.1102 43.00182 -3.094537 118.1102 43.61463 -5.45555 117.2347 45.25485 -5.226979 119.0949 74.23388 -32.39106 61.06654 45.25485 -5.226979 119.0949 73.68316 -32.46666 60.8332 45.81216 -5.150475 119.3311 47.51784 -4.241923 119.7384 46.44483 -3.21364 119.5763 45.81216 -5.150475 119.3311 75.1307 -25.00391 59.84712 76.42373 -26.98987 60.13593 76.48932 -26.99569 3.937008e-05 48.78128 0.2472001 3.937008e-05 75.1307 -25.00391 59.84712 75.13645 -25.00942 3.937008e-05 48.78128 0.2472001 59.84712 48.63619 0.3862446 114.1363 43.09142 -1.75998e-06 59.84712 43.08655 -5.69523 59.84712 42.94145 -5.556186 114.1363 43.09142 -1.75998e-06 59.84712 48.78128 0.2472001 3.937008e-05 43.09142 -1.75998e-06 3.937008e-05 48.78128 0.2472001 59.84712 76.42373 -26.98987 60.13593 76.83036 -29.18256 60.8332 77.04851 -29.19687 3.937008e-05 75.94194 -31.48123 61.47448 45.81216 -5.150475 119.3311 74.23388 -32.39106 61.06654 47.51784 -4.241923 119.7384 76.77826 -29.73601 61.06654 75.94194 -31.48123 61.47448 76.3566 -31.87861 3.937008e-05 76.77826 -29.73601 61.06654 76.3566 -31.87861 3.937008e-05 77.04767 -30.18215 3.937008e-05 76.83036 -29.18256 60.8332 77.04767 -30.18215 3.937008e-05 77.04851 -29.19687 3.937008e-05 43.00182 -3.094537 118.1102 42.94145 -5.556186 114.1363 43.61463 -5.45555 117.2347 73.68316 -32.46666 60.8332 43.61463 -5.45555 117.2347 71.47515 -32.15369 60.13594 45.25485 -5.226979 119.0949 74.23388 -32.39106 61.06654 73.68316 -32.46666 60.8332 74.69108 -32.64123 3.937008e-05 75.1307 -25.00391 59.84712 76.48932 -26.99569 3.937008e-05 75.13645 -25.00942 3.937008e-05 76.42373 -26.98987 60.13593 77.04851 -29.19687 3.937008e-05 76.48932 -26.99569 3.937008e-05 43.09142 -1.75998e-06 3.937008e-05 69.44171 -30.95185 3.937008e-05 43.08655 -5.69523 3.937008e-05 48.78128 0.2472001 3.937008e-05 75.13645 -25.00942 3.937008e-05 71.48375 -32.21898 3.937008e-05 73.70673 -32.684 3.937008e-05 74.69108 -32.64123 3.937008e-05 76.3566 -31.87861 3.937008e-05 76.48932 -26.99569 3.937008e-05 77.04767 -30.18215 3.937008e-05 77.04851 -29.19687 3.937008e-05 43.09142 -1.75998e-06 59.84712 43.08655 -5.69523 27.55907 43.08655 -5.69523 59.84712 43.08767 -4.375741 27.55907 43.08767 -4.375741 22.83467 43.08655 -5.69523 3.937008e-05 43.08655 -5.69523 22.83467 43.09142 -1.75998e-06 3.937008e-05 69.43597 -30.94634 59.84712 43.08655 -5.69523 3.937008e-05 69.44171 -30.95185 3.937008e-05 44.47592 -7.026695 22.83467 43.08655 -5.69523 22.83467 44.47592 -7.026695 27.55907 43.08655 -5.69523 27.55907 43.08655 -5.69523 59.84712 42.94145 -5.556186 114.1363 75.94194 -31.48123 61.47448 74.23388 -32.39106 61.06654 76.3566 -31.87861 3.937008e-05 71.47515 -32.15369 60.13594 42.94145 -5.556186 114.1363 69.43597 -30.94634 59.84712 43.61463 -5.45555 117.2347 73.68316 -32.46666 60.8332 71.47515 -32.15369 60.13594 73.70673 -32.684 3.937008e-05 74.23388 -32.39106 61.06654 74.69108 -32.64123 3.937008e-05 76.3566 -31.87861 3.937008e-05 73.68316 -32.46666 60.8332 73.70673 -32.684 3.937008e-05 74.69108 -32.64123 3.937008e-05 71.47515 -32.15369 60.13594 71.48375 -32.21898 3.937008e-05 73.70673 -32.684 3.937008e-05 69.43597 -30.94634 59.84712 69.44171 -30.95185 3.937008e-05 71.48375 -32.21898 3.937008e-05 44.47592 -7.026695 22.83467 43.08767 -4.375741 22.83467 43.08655 -5.69523 22.83467 44.14414 -5.200409 22.83467 44.79105 -6.669344 22.83467 44.14414 -5.200409 27.55907 43.08767 -4.375741 22.83467 44.14414 -5.200409 22.83467 43.08767 -4.375741 27.55907 43.08767 -4.375741 27.55907 44.47592 -7.026695 27.55907 43.08655 -5.69523 27.55907 44.14414 -5.200409 27.55907 44.79105 -6.669344 27.55907 44.79105 -6.669344 27.55907 44.47592 -7.026695 22.83467 44.47592 -7.026695 27.55907 44.79105 -6.669344 22.83467 71.47515 -32.15369 60.13594 69.43597 -30.94634 59.84712 71.48375 -32.21898 3.937008e-05 44.14414 -5.200409 27.55907 44.79105 -6.669344 22.83467 44.79105 -6.669344 27.55907 44.14414 -5.200409 22.83467</float_array>
                    <technique_common>
                        <accessor count="186" source="#ID55" stride="3">
                            <param name="X" type="float" />
                            <param name="Y" type="float" />
                            <param name="Z" type="float" />
                        </accessor>
                    </technique_common>
                </source>
                <source id="ID53">
                    <float_array id="ID56" count="558">-0.07144898 0.9974405 -0.00274547 -0.07144898 0.9974405 -0.00274547 -0.07144898 0.9974405 -0.00274547 -0.02798319 0.3905757 0.9201454 -0.02798319 0.3905757 0.9201454 -0.02798319 0.3905757 0.9201454 -0.02798319 0.3905757 0.9201454 -0.02798319 0.3905757 0.9201454 0.278566 0.9369226 0.2111325 0.278566 0.9369226 0.2111325 0.278566 0.9369226 0.2111325 -0.06949118 0.9975826 6.546126e-18 -0.06949118 0.9975826 6.546126e-18 -0.06949118 0.9975826 6.546126e-18 0.9105641 0.08485943 0.4045639 0.9105641 0.08485943 0.4045639 0.9105641 0.08485943 0.4045639 0.9105641 0.08485943 0.4045639 0.3772769 0.6769118 0.6320226 0.3772769 0.6769118 0.6320226 0.3772769 0.6769118 0.6320226 -0.3914127 0.01133869 0.9201454 -0.3914127 0.01133869 0.9201454 -0.3914127 0.01133869 0.9201454 -0.3914127 0.01133869 0.9201454 -0.3914127 0.01133869 0.9201454 0.04883693 0.2050844 0.9775251 0.04883693 0.2050844 0.9775251 0.04883693 0.2050844 0.9775251 0.8199499 0.5548949 0.1406194 0.8199499 0.5548949 0.1406194 0.8199499 0.5548949 0.1406194 0.8199499 0.5548949 0.1406194 -0.999636 0.02698069 0 -0.999636 0.02698069 0 -0.999636 0.02698069 0 -0.04340491 0.999054 -0.002674765 -0.04340491 0.999054 -0.002674765 -0.04340491 0.999054 -0.002674765 0.9090852 0.2699696 0.3173018 0.9090852 0.2699696 0.3173018 0.9090852 0.2699696 0.3173018 0.9090852 0.2699696 0.3173018 0.8110482 -0.2669947 0.5204946 0.8110482 -0.2669947 0.5204946 0.8110482 -0.2669947 0.5204946 0.8110482 -0.2669947 0.5204946 0.995783 -0.0916005 0.005062258 0.995783 -0.0916005 0.005062258 0.995783 -0.0916005 0.005062258 -0.9995773 0.02894277 -0.00274547 -0.9995773 0.02894277 -0.00274547 -0.9995773 0.02894277 -0.00274547 -0.6602455 -0.4057381 0.6320226 -0.6602455 -0.4057381 0.6320226 -0.6602455 -0.4057381 0.6320226 -0.0460377 -0.9133502 0.4045639 -0.0460377 -0.9133502 0.4045639 -0.0460377 -0.9133502 0.4045639 -0.0460377 -0.9133502 0.4045639 -0.2028206 -0.05751912 0.9775251 -0.2028206 -0.05751912 0.9775251 -0.2028206 -0.05751912 0.9775251 0.8379711 0.5457139 0.0008612018 0.8379711 0.5457139 0.0008612018 0.8379711 0.5457139 0.0008612018 0.6918994 0.7219939 2.291144e-17 0.6918994 0.7219939 2.291144e-17 0.6918994 0.7219939 2.291144e-17 0.6918994 0.7219939 2.291144e-17 0.6918994 0.7219939 2.291144e-17 -0.9999961 0.0008554388 -0.002674765 -0.9999961 0.0008554388 -0.002674765 -0.9999961 0.0008554388 -0.002674765 -0.04340506 0.9990576 6.546126e-18 -0.04340506 0.9990576 6.546126e-18 -0.04340506 0.9990576 6.546126e-18 -0.04340506 0.9990576 6.546126e-18 0.9830306 0.1834086 0.003482046 0.9830306 0.1834086 0.003482046 0.9830306 0.1834086 0.003482046 0.3012634 -0.7989529 0.5204946 0.3012634 -0.7989529 0.5204946 0.3012634 -0.7989529 0.5204946 0.3012634 -0.7989529 0.5204946 0.9025734 -0.4304446 0.008870576 0.9025734 -0.4304446 0.008870576 0.9025734 -0.4304446 0.008870576 0.9260882 -0.3772451 0.006841631 0.9260882 -0.3772451 0.006841631 0.9260882 -0.3772451 0.006841631 0.9999932 -0.0008547955 0.003586209 0.9999932 -0.0008547955 0.003586209 0.9999932 -0.0008547955 0.003586209 -0.924221 -0.3181801 0.2111325 -0.924221 -0.3181801 0.2111325 -0.924221 -0.3181801 0.2111325 -0.231043 -0.9197492 0.3173019 -0.231043 -0.9197492 0.3173019 -0.231043 -0.9197492 0.3173019 -0.231043 -0.9197492 0.3173019 0.1338885 -0.9909835 0.005062258 0.1338885 -0.9909835 0.005062258 0.1338885 -0.9909835 0.005062258 0.8264992 0.562938 2.75378e-05 0.8264992 0.562938 2.75378e-05 0.8264992 0.562938 2.75378e-05 0.9692134 0.24622 0.001033302 0.9692134 0.24622 0.001033302 0.9692134 0.24622 0.001033302 0 0 -1 0 0 -1 0 0 -1 0 0 -1 0 0 -1 0 0 -1 0 0 -1 0 0 -1 0 0 -1 0 0 -1 0 0 -1 0 0 -1 -0.9999996 0.0008554862 2.507595e-09 -0.9999996 0.0008554862 2.507595e-09 -0.9999996 0.0008554862 2.507595e-09 -0.9999996 0.0008554862 2.507595e-09 -0.9999996 0.0008554862 2.507595e-09 -0.9999996 0.0008554862 2.507595e-09 -0.9999996 0.0008554862 2.507595e-09 -0.9999996 0.0008554862 2.507595e-09 -0.6918994 -0.7219939 -1.963838e-17 -0.6918994 -0.7219939 -1.963838e-17 -0.6918994 -0.7219939 -1.963838e-17 -0.6918994 -0.7219939 -1.963838e-17 -0.6918994 -0.7219939 -1.963838e-17 -0.6918994 -0.7219939 -1.963838e-17 -0.6918994 -0.7219939 -1.963838e-17 -0.6918994 -0.7219939 -1.963838e-17 -0.6918994 -0.7219939 -1.963838e-17 0.4684596 -0.8834404 0.008870576 0.4684596 -0.8834404 0.008870576 0.4684596 -0.8834404 0.008870576 -0.5195032 -0.8428183 0.1406194 -0.5195032 -0.8428183 0.1406194 -0.5195032 -0.8428183 0.1406194 -0.5195032 -0.8428183 0.1406194 -0.1414142 -0.9899444 0.003482046 -0.1414142 -0.9899444 0.003482046 -0.1414142 -0.9899444 0.003482046 0.4163089 -0.9091975 0.006841631 0.4163089 -0.9091975 0.006841631 0.4163089 -0.9091975 0.006841631 0.04340415 -0.9990512 0.003586209 0.04340415 -0.9990512 0.003586209 0.04340415 -0.9990512 0.003586209 -0.2047566 -0.9788124 0.001033302 -0.2047566 -0.9788124 0.001033302 -0.2047566 -0.9788124 0.001033302 -0.5272602 -0.8497039 2.75378e-05 -0.5272602 -0.8497039 2.75378e-05 -0.5272602 -0.8497039 2.75378e-05 0 0 1 0 0 1 0 0 1 0 0 1 0 0 1 -0.6153214 -0.7882763 0 -0.6153214 -0.7882763 0 -0.6153214 -0.7882763 0 -0.6153214 -0.7882763 0 0 0 -1 0 0 -1 0 0 -1 0 0 -1 0 0 -1 -0.7500239 0.6614107 3.273063e-18 -0.7500239 0.6614107 3.273063e-18 -0.7500239 0.6614107 3.273063e-18 -0.7500239 0.6614107 3.273063e-18 -0.5095636 -0.8604325 0.0008612017 -0.5095636 -0.8604325 0.0008612017 -0.5095636 -0.8604325 0.0008612017 -0.9151806 -0.403044 -1.636532e-18 -0.9151806 -0.403044 -1.636532e-18 -0.9151806 -0.403044 -1.636532e-18 -0.9151806 -0.403044 -1.636532e-18</float_array>
                    <technique_common>
                        <accessor count="186" source="#ID56" stride="3">
                            <param name="X" type="float" />
                            <param name="Y" type="float" />
                            <param name="Z" type="float" />
                        </accessor>
                    </technique_common>
                </source>
                <vertices id="ID54">
                    <input semantic="POSITION" source="#ID52" />
                    <input semantic="NORMAL" source="#ID53" />
                </vertices>
                <triangles count="90" material="Material2">
                    <input offset="0" semantic="VERTEX" source="#ID54" />
                    <p>0 1 2 3 4 5 4 3 6 6 3 7 8 9 10 11 12 13 14 15 16 15 14 17 18 19 20 21 22 23 22 21 24 24 21 25 26 27 28 29 30 31 30 29 32 33 34 35 36 37 38 39 40 41 40 39 42 43 44 45 44 43 46 47 48 49 50 51 52 53 54 55 56 57 58 57 56 59 60 61 62 63 64 65 66 67 68 67 66 69 67 69 70 71 72 73 74 75 76 75 74 77 78 79 80 81 82 83 82 81 84 85 86 87 88 89 90 91 92 93 94 95 96 97 98 99 98 97 100 101 102 103 104 105 106 107 108 109 110 111 112 111 110 113 111 113 114 111 114 115 115 114 116 116 114 117 117 114 118 118 114 119 118 119 120 120 119 121 122 123 124 123 122 125 125 122 126 126 127 128 127 126 129 129 126 122 130 131 132 131 130 133 131 133 134 133 130 135 135 130 136 136 130 137 137 130 138 139 140 141 142 143 144 143 142 145 146 147 148 149 150 151 152 153 154 155 156 157 158 159 160 161 162 163 162 161 164 164 161 165 166 167 168 167 166 169 170 171 172 171 170 173 171 173 174 175 176 177 176 175 178 179 180 181 182 183 184 183 182 185</p>
                </triangles>
            </mesh>
        </geometry>
        <geometry id="ID57">
            <mesh>
                <source id="ID58">
                    <float_array id="ID61" count="3246">0 -39.37008 354.3307 -4.092748 -38.93991 238.189 0 -39.37008 238.189 0 -39.37008 59.84709 -8.185496 -38.50975 -2.220446e-16 0 -39.37008 -2.220446e-16 -4.092748 -38.93991 59.84709 -8.1855 -38.50975 354.3307 0 -34.64567 377.9528 -8.1855 -38.50975 354.3307 0 -39.37008 354.3307 -7.203232 -33.88858 377.9528 -8.1855 -38.50975 354.3307 -16.01326 -35.96635 -2.220446e-16 -8.185496 -38.50975 -2.220446e-16 -16.01325 -35.96636 354.3307 -37.44318 12.16599 2.220446e-16 -39.15441 -4.115307 0 -39.15441 4.115268 0 -37.53859 3.950661 0 -35.89581 11.67935 0 -34.09551 19.685 -2.220446e-16 -32.68205 18.8976 4.440892e-16 -29.2577 26.34369 2.220446e-16 -28.03776 25.28994 0 -23.1412 31.85103 0 -22.16591 30.57699 2.220446e-16 -16.01331 35.96633 2.220446e-16 -15.32315 34.52768 2.220446e-16 -8.185575 38.50973 -2.220446e-16 -7.808516 36.96935 2.220446e-16 0 39.37008 4.440892e-16 0.04963846 37.79528 2.220446e-16 8.185575 38.50973 -2.220446e-16 7.907791 36.96935 2.220446e-16 15.42236 34.5277 4.440892e-16 16.01325 35.96635 2.220446e-16 22.26515 30.57702 -2.220446e-16 23.14115 31.85106 0 28.13704 25.28994 0 29.2577 26.34369 2.220446e-16 32.78133 18.8976 4.440892e-16 34.09551 19.685 -2.220446e-16 35.99509 11.67935 0 37.44318 12.16599 2.220446e-16 37.30931 5.496417 0 37.63787 0 0 38.81216 5.725437 2.220446e-16 -37.53859 -3.950693 2.220446e-16 -37.44317 -12.16603 2.220446e-16 -35.8958 -11.67939 -2.220446e-16 -34.09549 -19.68504 0 -32.68203 -18.89764 0 -29.25767 -26.34373 -2.220446e-16 -28.03773 -25.28998 -2.220446e-16 -23.14115 -31.85107 0 -22.16587 -30.57702 0 -16.01326 -35.96635 -2.220446e-16 -15.32309 -34.5277 -2.220446e-16 -8.185496 -38.50975 -2.220446e-16 -7.808437 -36.96936 0 0 -39.37008 -2.220446e-16 0.04963846 -37.79528 0 8.185496 -38.50975 -2.220446e-16 7.907717 -36.96936 0 15.42236 -34.5277 -2.220446e-16 16.01325 -35.96636 -2.220446e-16 22.26515 -30.57702 0 23.14115 -31.85107 0 28.137 -25.28998 -2.220446e-16 29.25767 -26.34373 -2.220446e-16 32.78131 -18.89764 0 34.09549 -19.68504 0 35.99508 -11.67939 -2.220446e-16 37.44317 -12.16603 2.220446e-16 37.30931 -5.496425 2.220446e-16 38.81216 -5.725441 0 43.09142 4.115291 0 43.09142 -4.115295 2.220446e-16 8.185496 -38.50975 -2.220446e-16 4.092752 -38.93991 59.84709 0 -39.37008 -2.220446e-16 8.185496 -38.50975 354.3307 0 -39.37008 59.84709 4.092748 -38.93991 238.189 0 -39.37008 238.189 0 -39.37008 354.3307 0 -39.37008 59.84709 -4.092748 -39.72732 59.84709 -4.092748 -38.93991 59.84709 0 -40.15748 59.84709 4.092752 -38.93991 59.84709 4.092752 -39.72732 59.84709 -4.092748 -38.93991 238.189 -4.092748 -39.72732 59.84709 -4.092748 -39.72732 238.189 -4.092748 -38.93991 59.84709 0 -40.15748 238.189 -4.092748 -38.93991 238.189 -4.092748 -39.72732 238.189 0 -39.37008 238.189 4.092748 -39.72732 238.189 4.092748 -38.93991 238.189 7.203232 -33.88858 377.9528 0 -39.37008 354.3307 8.185496 -38.50975 354.3307 0 -34.64567 377.9528 0 -27.36811 401.5748 -7.203232 -33.88858 377.9528 0 -34.64567 377.9528 -5.690157 -26.77005 401.5748 -7.203232 -33.88858 377.9528 -16.01325 -35.96636 354.3307 -8.1855 -38.50975 354.3307 -14.09167 -31.65039 377.9528 -16.01325 -35.96636 354.3307 -23.14115 -31.85107 0 -16.01326 -35.96635 -2.220446e-16 -23.14116 -31.85106 354.3307 -23.14115 -31.85107 0 -29.25767 -26.34373 354.3307 -29.25767 -26.34373 -2.220446e-16 -23.14116 -31.85106 354.3307 -34.09549 -19.68504 354.3307 -29.25767 -26.34373 -2.220446e-16 -29.25767 -26.34373 354.3307 -34.09549 -19.68504 0 -34.09549 -19.68504 354.3307 -37.44317 -12.16603 2.220446e-16 -34.09549 -19.68504 0 -37.44317 -12.16602 354.3307 -37.44317 12.16602 354.3307 -39.15441 4.115291 326.7717 -39.15441 4.115291 354.3307 -37.44318 12.16599 2.220446e-16 -39.15441 4.115268 118.1102 -39.15441 4.115268 149.6063 -39.15441 4.115268 0 -37.44317 12.16602 354.3307 -34.09551 19.685 -2.220446e-16 -37.44318 12.16599 2.220446e-16 -34.09551 19.685 354.3307 -29.25767 26.34372 354.3307 -34.09551 19.685 -2.220446e-16 -34.09551 19.685 354.3307 -29.2577 26.34369 2.220446e-16 -29.2577 26.34369 2.220446e-16 -23.14115 31.85106 354.3307 -23.1412 31.85103 0 -29.25767 26.34372 354.3307 -23.14115 31.85106 354.3307 -16.01331 35.96633 2.220446e-16 -23.1412 31.85103 0 -16.01331 35.96633 354.3307 -16.01331 35.96633 2.220446e-16 -8.185575 38.50973 354.3307 -8.185575 38.50973 -2.220446e-16 -16.01331 35.96633 354.3307 -8.185575 38.50973 354.3307 0 39.37008 4.440892e-16 -8.185575 38.50973 -2.220446e-16 0 39.37008 354.3307 0 39.37008 4.440892e-16 8.185575 38.50973 354.3307 8.185575 38.50973 -2.220446e-16 0 39.37008 354.3307 8.185575 38.50973 354.3307 16.01325 35.96635 2.220446e-16 8.185575 38.50973 -2.220446e-16 16.01331 35.96633 354.3307 16.01325 35.96635 2.220446e-16 23.1412 31.85103 354.3307 23.14115 31.85106 0 16.01331 35.96633 354.3307 23.1412 31.85103 354.3307 29.2577 26.34369 2.220446e-16 23.14115 31.85106 0 29.2577 26.34369 354.3307 29.2577 26.34369 2.220446e-16 34.09549 19.68504 354.3307 34.09551 19.685 -2.220446e-16 29.2577 26.34369 354.3307 34.09551 19.685 -2.220446e-16 37.44317 12.16602 354.3307 37.44318 12.16599 2.220446e-16 34.09549 19.68504 354.3307 39.15441 4.115268 149.6063 39.15441 4.115268 354.3307 39.15441 4.115268 326.7717 37.44317 12.16602 354.3307 38.81216 5.725437 118.1102 38.81216 5.725437 2.220446e-16 37.44318 12.16599 2.220446e-16 38.81216 5.725437 2.220446e-16 43.09142 4.115291 118.1102 43.09142 4.115291 0 38.81216 5.725437 118.1102 43.09142 4.115291 0 43.09142 -4.115295 118.1102 43.09142 -4.115295 2.220446e-16 43.09142 4.115291 118.1102 43.09142 -4.115295 2.220446e-16 38.81216 -5.725441 118.1102 38.81216 -5.725441 0 43.09142 -4.115295 118.1102 34.09549 -19.68504 0 37.44317 -12.16602 354.3307 34.09549 -19.68504 354.3307 37.44317 -12.16603 2.220446e-16 34.09549 -19.68504 0 29.25767 -26.34372 354.3307 29.25767 -26.34373 -2.220446e-16 34.09549 -19.68504 354.3307 29.25767 -26.34372 354.3307 23.14115 -31.85107 0 29.25767 -26.34373 -2.220446e-16 23.14116 -31.85106 354.3307 23.14115 -31.85107 0 16.01325 -35.96636 354.3307 16.01325 -35.96636 -2.220446e-16 23.14116 -31.85106 354.3307 16.01325 -35.96636 354.3307 8.185496 -38.50975 -2.220446e-16 16.01325 -35.96636 -2.220446e-16 8.185496 -38.50975 354.3307 4.092752 -38.93991 59.84709 4.092748 -39.72732 238.189 4.092752 -39.72732 59.84709 4.092748 -38.93991 238.189 4.092748 -39.72732 238.189 0 -40.15748 59.84709 4.092752 -39.72732 59.84709 0 -40.15748 238.189 0 -40.15748 238.189 -4.092748 -39.72732 59.84709 0 -40.15748 59.84709 -4.092748 -39.72732 238.189 14.09166 -31.6504 377.9528 8.185496 -38.50975 354.3307 16.01325 -35.96636 354.3307 7.203232 -33.88858 377.9528 5.690138 -26.77005 401.5748 0 -34.64567 377.9528 7.203232 -33.88858 377.9528 0 -27.36811 401.5748 0 -19.85383 419.6055 -5.690157 -26.77005 401.5748 0 -27.36811 401.5748 -4.127854 -19.41998 419.6055 -5.690157 -26.77005 401.5748 -14.09167 -31.65039 377.9528 -7.203232 -33.88858 377.9528 -11.1316 -25.00202 401.5748 -14.09167 -31.65039 377.9528 -23.14116 -31.85106 354.3307 -16.01325 -35.96636 354.3307 -20.36422 -28.02893 377.9528 -20.36422 -28.02893 377.9528 -29.25767 -26.34373 354.3307 -23.14116 -31.85106 354.3307 -25.74676 -23.18248 377.9528 -25.74676 -23.18248 377.9528 -34.09549 -19.68504 354.3307 -29.25767 -26.34373 354.3307 -30.00404 -17.32283 377.9528 -30.00404 -17.32283 377.9528 -37.44317 -12.16602 354.3307 -34.09549 -19.68504 354.3307 -32.94999 -10.70611 377.9528 -39.15441 -4.115307 354.3307 -38.81216 -5.725441 118.1102 -37.44317 -12.16602 354.3307 -39.15441 -4.115307 149.6063 -39.15441 -4.115307 326.7717 -38.81216 -5.725441 0 -37.44317 -12.16603 2.220446e-16 -39.15441 4.115268 149.6063 -39.15441 -4.115307 118.1102 -39.15441 -4.115307 149.6063 -39.15441 4.115268 118.1102 -39.15441 4.115291 326.7717 -39.15441 -4.115307 149.6063 -39.15441 -4.115307 326.7717 -39.15441 4.115268 149.6063 -39.15441 4.115291 354.3307 -39.15441 -4.115307 326.7717 -39.15441 -4.115307 354.3307 -39.15441 4.115291 326.7717 -43.30606 4.115291 354.3307 -39.15441 4.115291 326.7717 -48.3337 4.115291 326.7717 -39.15441 4.115291 354.3307 -32.94999 10.7061 377.9528 -39.15441 4.115291 354.3307 -34.45589 3.621437 377.9528 -37.44317 12.16602 354.3307 -30.00405 17.3228 377.9528 -37.44317 12.16602 354.3307 -32.94999 10.7061 377.9528 -34.09551 19.685 354.3307 -25.74675 23.18248 377.9528 -34.09551 19.685 354.3307 -30.00405 17.3228 377.9528 -29.25767 26.34372 354.3307 -25.74675 23.18248 377.9528 -23.14115 31.85106 354.3307 -29.25767 26.34372 354.3307 -20.36421 28.02894 377.9528 -23.14115 31.85106 354.3307 -14.09172 31.65037 377.9528 -16.01331 35.96633 354.3307 -20.36421 28.02894 377.9528 -14.09172 31.65037 377.9528 -8.185575 38.50973 354.3307 -16.01331 35.96633 354.3307 -7.203236 33.88858 377.9528 -7.203236 33.88858 377.9528 0 39.37008 354.3307 -8.185575 38.50973 354.3307 0 34.64567 377.9528 0 39.37008 354.3307 7.203307 33.88857 377.9528 8.185575 38.50973 354.3307 0 34.64567 377.9528 7.203307 33.88857 377.9528 16.01331 35.96633 354.3307 8.185575 38.50973 354.3307 14.09172 31.65037 377.9528 14.09172 31.65037 377.9528 23.1412 31.85103 354.3307 16.01331 35.96633 354.3307 20.36426 28.02891 377.9528 20.36426 28.02891 377.9528 29.2577 26.34369 354.3307 23.1412 31.85103 354.3307 25.74675 23.18248 377.9528 34.09549 19.68504 354.3307 25.74675 23.18248 377.9528 30.00405 17.3228 377.9528 29.2577 26.34369 354.3307 37.44317 12.16602 354.3307 30.00405 17.3228 377.9528 32.94999 10.7061 377.9528 34.09549 19.68504 354.3307 39.15441 -4.115307 149.6063 39.15441 4.115268 326.7717 39.15441 -4.115307 326.7717 39.15441 4.115268 149.6063 38.81216 5.725437 118.1102 39.15441 4.115268 149.6063 39.15441 -2.220446e-16 118.1102 39.15441 4.115268 354.3307 32.94999 10.7061 377.9528 34.45587 3.621456 377.9528 37.44317 12.16602 354.3307 39.15441 4.115268 326.7717 43.30606 4.115291 354.3307 48.3337 4.115291 326.7717 39.15441 4.115268 354.3307 39.15441 -4.115307 326.7717 39.15441 4.115268 354.3307 39.15441 -4.115307 354.3307 39.15441 4.115268 326.7717 43.09142 -4.115295 118.1102 39.15441 -2.220446e-16 118.1102 38.81216 -5.725441 118.1102 43.09142 4.115291 118.1102 38.81216 5.725437 118.1102 37.44317 -12.16602 354.3307 30.00404 -17.32283 377.9528 34.09549 -19.68504 354.3307 32.94999 -10.70611 377.9528 39.15441 -4.115307 0 37.44317 -12.16602 354.3307 37.44317 -12.16603 2.220446e-16 39.15441 -4.115307 354.3307 39.15441 -4.115307 326.7717 39.15441 -4.115307 149.6063 39.15441 -4.115307 118.1102 34.09549 -19.68504 354.3307 25.74675 -23.18248 377.9528 29.25767 -26.34372 354.3307 30.00404 -17.32283 377.9528 25.74675 -23.18248 377.9528 23.14116 -31.85106 354.3307 29.25767 -26.34372 354.3307 20.3642 -28.02894 377.9528 20.3642 -28.02894 377.9528 16.01325 -35.96636 354.3307 23.14116 -31.85106 354.3307 14.09166 -31.6504 377.9528 11.1316 -25.00202 401.5748 7.203232 -33.88858 377.9528 14.09166 -31.6504 377.9528 5.690138 -26.77005 401.5748 5.690138 -26.77005 401.5748 0 -19.85383 419.6055 0 -27.36811 401.5748 4.127831 -19.41998 419.6055 0 -12.8536 433.05 -4.127854 -19.41998 419.6055 0 -19.85383 419.6055 -2.672398 -12.57272 433.05 -4.127854 -19.41998 419.6055 -11.1316 -25.00202 401.5748 -5.690157 -26.77005 401.5748 -8.075287 -18.13738 419.6055 -11.1316 -25.00202 401.5748 -20.36422 -28.02893 377.9528 -14.09167 -31.65039 377.9528 -16.08658 -22.14126 401.5748 -16.08658 -22.14126 401.5748 -25.74676 -23.18248 377.9528 -20.36422 -28.02893 377.9528 -20.33846 -18.31284 401.5748 -20.33846 -18.31284 401.5748 -30.00404 -17.32283 377.9528 -25.74676 -23.18248 377.9528 -23.70148 -13.68406 401.5748 -23.70148 -13.68406 401.5748 -32.94999 -10.70611 377.9528 -30.00404 -17.32283 377.9528 -26.02862 -8.457213 401.5748 -32.94999 -10.70611 377.9528 -39.15441 -4.115307 354.3307 -37.44317 -12.16602 354.3307 -34.45588 -3.62147 377.9528 -39.15441 -2.220446e-16 118.1102 -38.81216 -5.725441 118.1102 -39.15441 -4.115307 149.6063 -38.81216 -5.725441 118.1102 -43.09142 -4.115295 2.220446e-16 -38.81216 -5.725441 0 -43.09142 -4.115295 118.1102 -39.15441 -4.115307 354.3307 -48.3337 -4.115295 326.7717 -39.15441 -4.115307 326.7717 -43.30606 -4.115295 354.3307 -39.15441 4.115268 149.6063 -39.15441 -2.220446e-16 118.1102 -39.15441 -4.115307 149.6063 -39.15441 4.115291 326.7717 -48.3337 -4.115295 326.7717 -48.3337 4.115291 326.7717 -39.15441 -4.115307 326.7717 -34.45588 -3.62147 377.9528 -39.15441 4.115291 354.3307 -39.15441 -4.115307 354.3307 -34.45589 3.621437 377.9528 -38.99617 -3.621461 377.9528 -48.3337 -4.115295 326.7717 -43.30606 -4.115295 354.3307 -48.3337 4.115291 326.7717 -34.68721 -2.860748 401.5748 -34.68721 2.860741 401.5748 -38.99617 3.621456 377.9528 -43.30606 4.115291 354.3307 -38.99617 3.621456 377.9528 -39.15441 4.115291 354.3307 -43.30606 4.115291 354.3307 -34.45589 3.621437 377.9528 -26.02863 8.457185 401.5748 -34.45589 3.621437 377.9528 -27.21819 2.860727 401.5748 -32.94999 10.7061 377.9528 -23.7015 13.68403 401.5748 -32.94999 10.7061 377.9528 -26.02863 8.457185 401.5748 -30.00405 17.3228 377.9528 -20.3385 18.31281 401.5748 -30.00405 17.3228 377.9528 -23.7015 13.68403 401.5748 -25.74675 23.18248 377.9528 -20.3385 18.31281 401.5748 -20.36421 28.02894 377.9528 -25.74675 23.18248 377.9528 -16.08656 22.14126 401.5748 -16.08656 22.14126 401.5748 -14.09172 31.65037 377.9528 -20.36421 28.02894 377.9528 -11.13166 25.00199 401.5748 -11.13166 25.00199 401.5748 -7.203236 33.88858 377.9528 -14.09172 31.65037 377.9528 -5.690209 26.77004 401.5748 -5.690209 26.77004 401.5748 0 34.64567 377.9528 -7.203236 33.88858 377.9528 0 27.3681 401.5748 0 34.64567 377.9528 5.690142 26.77005 401.5748 7.203307 33.88857 377.9528 0 27.3681 401.5748 5.690142 26.77005 401.5748 14.09172 31.65037 377.9528 7.203307 33.88857 377.9528 11.13161 25.00201 401.5748 11.13161 25.00201 401.5748 20.36426 28.02891 377.9528 14.09172 31.65037 377.9528 16.08661 22.14124 401.5748 20.36426 28.02891 377.9528 20.3385 18.31281 401.5748 25.74675 23.18248 377.9528 16.08661 22.14124 401.5748 30.00405 17.3228 377.9528 20.3385 18.31281 401.5748 23.70147 13.68405 401.5748 25.74675 23.18248 377.9528 32.94999 10.7061 377.9528 23.70147 13.68405 401.5748 26.02861 8.457209 401.5748 30.00405 17.3228 377.9528 39.15441 4.115268 118.1102 39.15441 -4.115307 118.1102 39.15441 4.115268 149.6063 39.15441 -4.115307 149.6063 39.15441 -2.220446e-16 118.1102 39.15441 4.115268 326.7717 48.3337 -4.115295 326.7717 39.15441 -4.115307 326.7717 48.3337 4.115291 326.7717 39.15441 -2.220446e-16 118.1102 38.81216 -5.725441 118.1102 38.81216 5.725437 118.1102 34.45587 3.621456 377.9528 26.02861 8.457209 401.5748 27.21819 2.860727 401.5748 32.94999 10.7061 377.9528 39.15441 4.115268 354.3307 38.99617 3.621456 377.9528 43.30606 4.115291 354.3307 34.45587 3.621456 377.9528 39.15441 4.115268 354.3307 34.45588 -3.62147 377.9528 39.15441 -4.115307 354.3307 34.45587 3.621456 377.9528 48.3337 -4.115295 326.7717 38.99617 -3.621461 377.9528 43.30606 -4.115295 354.3307 48.3337 4.115291 326.7717 34.68721 -2.860748 401.5748 34.68721 2.860741 401.5748 38.99617 3.621456 377.9528 43.30606 4.115291 354.3307 39.15441 -2.220446e-16 118.1102 39.15441 -4.115307 149.6063 38.81216 -5.725441 118.1102 39.15441 -4.115307 354.3307 32.94999 -10.70611 377.9528 37.44317 -12.16602 354.3307 34.45588 -3.62147 377.9528 32.94999 -10.70611 377.9528 23.70148 -13.68406 401.5748 30.00404 -17.32283 377.9528 26.02862 -8.457213 401.5748 43.30606 -4.115295 354.3307 39.15441 -4.115307 326.7717 48.3337 -4.115295 326.7717 39.15441 -4.115307 354.3307 30.00404 -17.32283 377.9528 20.33846 -18.31284 401.5748 25.74675 -23.18248 377.9528 23.70148 -13.68406 401.5748 20.33846 -18.31284 401.5748 20.3642 -28.02894 377.9528 25.74675 -23.18248 377.9528 16.08658 -22.14126 401.5748 16.08658 -22.14126 401.5748 14.09166 -31.6504 377.9528 20.3642 -28.02894 377.9528 11.1316 -25.00202 401.5748 8.075287 -18.13738 419.6055 5.690138 -26.77005 401.5748 11.1316 -25.00202 401.5748 4.127831 -19.41998 419.6055 2.672426 -12.57272 433.05 0 -19.85383 419.6055 4.127831 -19.41998 419.6055 0 -12.8536 433.05 0 -4.622587 445.6559 -2.672398 -12.57272 433.05 0 -12.8536 433.05 -0.9611035 -4.521575 445.6559 -2.672398 -12.57272 433.05 -8.075287 -18.13738 419.6055 -4.127854 -19.41998 419.6055 -5.228012 -11.74235 433.05 -8.075287 -18.13738 419.6055 -16.08658 -22.14126 401.5748 -11.1316 -25.00202 401.5748 -11.66978 -16.06209 419.6055 -16.08658 -22.14126 401.5748 -14.75426 -13.28481 419.6055 -20.33846 -18.31284 401.5748 -11.66978 -16.06209 419.6055 -14.75426 -13.28481 419.6055 -23.70148 -13.68406 401.5748 -20.33846 -18.31284 401.5748 -17.19393 -9.926913 419.6055 -17.19393 -9.926913 419.6055 -26.02862 -8.457213 401.5748 -23.70148 -13.68406 401.5748 -18.88212 -6.135173 419.6055 -26.02862 -8.457213 401.5748 -34.45588 -3.62147 377.9528 -32.94999 -10.70611 377.9528 -27.21817 -2.860748 401.5748 -34.45588 -3.62147 377.9528 -43.30606 -4.115295 354.3307 -39.15441 -4.115307 354.3307 -38.99617 -3.621461 377.9528 -38.81216 -5.725441 118.1102 -43.09142 4.115291 118.1102 -43.09142 -4.115295 118.1102 -39.15441 -2.220446e-16 118.1102 -38.81216 5.725437 118.1102 -38.81216 -5.725441 118.1102 -39.15441 -2.220446e-16 118.1102 -38.81216 5.725437 118.1102 -43.09142 4.115291 118.1102 -43.09142 -4.115295 2.220446e-16 -43.09142 -4.115295 118.1102 -43.09142 4.115291 0 -38.81216 5.725437 2.220446e-16 -43.09142 -4.115295 2.220446e-16 -43.09142 4.115291 0 -39.15441 0 0 -38.81216 -5.725441 0 -38.81216 5.725437 118.1102 -39.15441 -2.220446e-16 118.1102 -39.15441 4.115268 149.6063 -27.21817 -2.860748 401.5748 -34.45589 3.621437 377.9528 -34.45588 -3.62147 377.9528 -27.21819 2.860727 401.5748 -27.21817 -2.860748 401.5748 -38.99617 -3.621461 377.9528 -34.45588 -3.62147 377.9528 -34.68721 -2.860748 401.5748 -27.21817 -2.860748 401.5748 -34.68721 2.860741 401.5748 -34.68721 -2.860748 401.5748 -27.21819 2.860727 401.5748 -38.99617 3.621456 377.9528 -27.21819 2.860727 401.5748 -34.45589 3.621437 377.9528 -34.68721 2.860741 401.5748 -18.8821 6.135165 419.6055 -27.21819 2.860727 401.5748 -19.74508 2.075274 419.6055 -26.02863 8.457185 401.5748 -17.19391 9.926909 419.6055 -26.02863 8.457185 401.5748 -18.8821 6.135165 419.6055 -23.7015 13.68403 401.5748 -14.7543 13.28478 419.6055 -23.7015 13.68403 401.5748 -17.19391 9.926909 419.6055 -20.3385 18.31281 401.5748 -14.7543 13.28478 419.6055 -16.08656 22.14126 401.5748 -20.3385 18.31281 401.5748 -11.66982 16.06206 419.6055 -11.66982 16.06206 419.6055 -11.13166 25.00199 401.5748 -16.08656 22.14126 401.5748 -8.075272 18.13737 419.6055 -8.075272 18.13737 419.6055 -5.690209 26.77004 401.5748 -11.13166 25.00199 401.5748 -4.127835 19.41997 419.6055 -4.127835 19.41997 419.6055 0 27.3681 401.5748 -5.690209 26.77004 401.5748 0 19.85382 419.6055 0 19.85382 419.6055 5.690142 26.77005 401.5748 0 27.3681 401.5748 4.127835 19.41997 419.6055 4.127835 19.41997 419.6055 11.13161 25.00201 401.5748 5.690142 26.77005 401.5748 8.075272 18.13737 419.6055 11.13161 25.00201 401.5748 11.66978 16.06208 419.6055 16.08661 22.14124 401.5748 8.075272 18.13737 419.6055 11.66978 16.06208 419.6055 20.3385 18.31281 401.5748 16.08661 22.14124 401.5748 14.7543 13.28478 419.6055 23.70147 13.68405 401.5748 14.7543 13.28478 419.6055 17.19391 9.926909 419.6055 20.3385 18.31281 401.5748 26.02861 8.457209 401.5748 17.19391 9.926909 419.6055 18.88213 6.13515 419.6055 23.70147 13.68405 401.5748 38.93873 -4.115295 118.1102 38.93873 4.115291 118.1102 27.21819 2.860727 401.5748 38.99617 3.621456 377.9528 34.45587 3.621456 377.9528 34.68721 2.860741 401.5748 34.45587 3.621456 377.9528 27.21817 -2.860748 401.5748 34.45588 -3.62147 377.9528 27.21819 2.860727 401.5748 27.21819 2.860727 401.5748 18.88213 6.13515 419.6055 19.74508 2.075274 419.6055 26.02861 8.457209 401.5748 34.68721 -2.860748 401.5748 34.45588 -3.62147 377.9528 38.99617 -3.621461 377.9528 27.21817 -2.860748 401.5748 38.99617 -3.621461 377.9528 39.15441 -4.115307 354.3307 43.30606 -4.115295 354.3307 34.45588 -3.62147 377.9528 34.68721 -2.860748 401.5748 27.21819 2.860727 401.5748 27.21817 -2.860748 401.5748 34.68721 2.860741 401.5748 34.45588 -3.62147 377.9528 26.02862 -8.457213 401.5748 32.94999 -10.70611 377.9528 27.21817 -2.860748 401.5748 26.02862 -8.457213 401.5748 17.19391 -9.926921 419.6055 23.70148 -13.68406 401.5748 18.88212 -6.135173 419.6055 23.70148 -13.68406 401.5748 14.75426 -13.28481 419.6055 20.33846 -18.31284 401.5748 17.19391 -9.926921 419.6055 14.75426 -13.28481 419.6055 16.08658 -22.14126 401.5748 20.33846 -18.31284 401.5748 11.66978 -16.06209 419.6055 11.66978 -16.06209 419.6055 11.1316 -25.00202 401.5748 16.08658 -22.14126 401.5748 8.075287 -18.13738 419.6055 5.228012 -11.74235 433.05 4.127831 -19.41998 419.6055 8.075287 -18.13738 419.6055 2.672426 -12.57272 433.05 0.9610709 -4.521575 445.6559 0 -12.8536 433.05 2.672426 -12.57272 433.05 0 -4.622587 445.6559 -0.9611035 -4.521575 445.6559 -5.228012 -11.74235 433.05 -2.672398 -12.57272 433.05 -1.880189 -4.222941 445.6559 0 -8.213228e-06 451.8449 -0.9611035 -4.521575 445.6559 0 -4.622587 445.6559 -5.228012 -11.74235 433.05 -11.66978 -16.06209 419.6055 -8.075287 -18.13738 419.6055 -7.555138 -10.39878 433.05 -7.555138 -10.39878 433.05 -14.75426 -13.28481 419.6055 -11.66978 -16.06209 419.6055 -9.552094 -8.600736 433.05 -9.552094 -8.600736 433.05 -17.19393 -9.926913 419.6055 -14.75426 -13.28481 419.6055 -11.13155 -6.426799 433.05 -11.13155 -6.426799 433.05 -18.88212 -6.135173 419.6055 -17.19393 -9.926913 419.6055 -12.22448 -3.971984 433.05 -18.88212 -6.135173 419.6055 -27.21817 -2.860748 401.5748 -26.02862 -8.457213 401.5748 -19.74506 -2.075293 419.6055 -43.09142 4.115291 118.1102 -38.81216 5.725437 2.220446e-16 -43.09142 4.115291 0 -38.81216 5.725437 118.1102 -38.93873 4.115291 118.1102 -38.93873 -4.115295 118.1102 -19.74506 -2.075293 419.6055 -27.21819 2.860727 401.5748 -27.21817 -2.860748 401.5748 -19.74508 2.075274 419.6055 -12.22448 3.971972 433.05 -19.74508 2.075274 419.6055 -12.7832 1.343552 433.05 -18.8821 6.135165 419.6055 -11.13153 6.426787 433.05 -18.8821 6.135165 419.6055 -12.22448 3.971972 433.05 -17.19391 9.926909 419.6055 -9.552071 8.600724 433.05 -17.19391 9.926909 419.6055 -11.13153 6.426787 433.05 -14.7543 13.28478 419.6055 -9.552071 8.600724 433.05 -11.66982 16.06206 419.6055 -14.7543 13.28478 419.6055 -7.555181 10.39876 433.05 -7.555181 10.39876 433.05 -8.075272 18.13737 419.6055 -11.66982 16.06206 419.6055 -5.228059 11.74233 433.05 -5.228059 11.74233 433.05 -4.127835 19.41997 419.6055 -8.075272 18.13737 419.6055 -2.672449 12.5727 433.05 -2.672449 12.5727 433.05 0 19.85382 419.6055 -4.127835 19.41997 419.6055 0 12.85359 433.05 0 12.85359 433.05 4.127835 19.41997 419.6055 0 19.85382 419.6055 2.672449 12.5727 433.05 2.672449 12.5727 433.05 8.075272 18.13737 419.6055 4.127835 19.41997 419.6055 5.228016 11.74233 433.05 5.228016 11.74233 433.05 11.66978 16.06208 419.6055 8.075272 18.13737 419.6055 7.555142 10.39877 433.05 11.66978 16.06208 419.6055 9.552106 8.600717 433.05 14.7543 13.28478 419.6055 7.555142 10.39877 433.05 17.19391 9.926909 419.6055 9.552106 8.600717 433.05 11.13153 6.426787 433.05 14.7543 13.28478 419.6055 18.88213 6.13515 419.6055 11.13153 6.426787 433.05 12.22448 3.971972 433.05 17.19391 9.926909 419.6055 27.21819 2.860727 401.5748 19.74506 -2.075293 419.6055 27.21817 -2.860748 401.5748 19.74508 2.075274 419.6055 19.74508 2.075274 419.6055 12.22448 3.971972 433.05 12.78317 1.343559 433.05 18.88213 6.13515 419.6055 27.21817 -2.860748 401.5748 18.88212 -6.135173 419.6055 26.02862 -8.457213 401.5748 19.74506 -2.075293 419.6055 18.88212 -6.135173 419.6055 11.13155 -6.426799 433.05 17.19391 -9.926921 419.6055 12.22448 -3.971984 433.05 17.19391 -9.926921 419.6055 9.552094 -8.600736 433.05 14.75426 -13.28481 419.6055 11.13155 -6.426799 433.05 9.552094 -8.600736 433.05 11.66978 -16.06209 419.6055 14.75426 -13.28481 419.6055 7.555138 -10.39878 433.05 7.555138 -10.39878 433.05 8.075287 -18.13738 419.6055 11.66978 -16.06209 419.6055 5.228012 -11.74235 433.05 1.880156 -4.222945 445.6559 2.672426 -12.57272 433.05 5.228012 -11.74235 433.05 0.9610709 -4.521575 445.6559 0 -8.213228e-06 451.8449 0 -4.622587 445.6559 0.9610709 -4.521575 445.6559 -1.880189 -4.222941 445.6559 -7.555138 -10.39878 433.05 -5.228012 -11.74235 433.05 -2.717101 -3.739752 445.6559 0 -8.213228e-06 451.8449 -1.880189 -4.222941 445.6559 -0.9611035 -4.521575 445.6559 -2.717101 -3.739752 445.6559 -9.552094 -8.600736 433.05 -7.555138 -10.39878 433.05 -3.435262 -3.093115 445.6559 -3.435262 -3.093115 445.6559 -11.13155 -6.426799 433.05 -9.552094 -8.600736 433.05 -4.003287 -2.311296 445.6559 -12.22448 -3.971984 433.05 -19.74506 -2.075293 419.6055 -18.88212 -6.135173 419.6055 -12.7832 -1.343575 433.05 -4.003287 -2.311296 445.6559 -12.22448 -3.971984 433.05 -11.13155 -6.426799 433.05 -4.396319 -1.428463 445.6559 -12.7832 -1.343575 433.05 -19.74508 2.075274 419.6055 -19.74506 -2.075293 419.6055 -12.7832 1.343552 433.05 -4.39635 1.428444 445.6559 -12.7832 1.343552 433.05 -4.597276 0.4831799 445.6559 -12.22448 3.971972 433.05 -4.003291 2.311278 445.6559 -12.22448 3.971972 433.05 -4.39635 1.428444 445.6559 -11.13153 6.426787 433.05 -3.435229 3.093103 445.6559 -11.13153 6.426787 433.05 -4.003291 2.311278 445.6559 -9.552071 8.600724 433.05 -3.435229 3.093103 445.6559 -7.555181 10.39876 433.05 -9.552071 8.600724 433.05 -2.717108 3.739736 445.6559 -2.717108 3.739736 445.6559 -5.228059 11.74233 433.05 -7.555181 10.39876 433.05 -1.880156 4.222929 445.6559 -1.880156 4.222929 445.6559 -2.672449 12.5727 433.05 -5.228059 11.74233 433.05 -0.961113 4.521559 445.6559 -0.961113 4.521559 445.6559 0 12.85359 433.05 -2.672449 12.5727 433.05 0 4.622575 445.6559 0 4.622575 445.6559 2.672449 12.5727 433.05 0 12.85359 433.05 0.9610709 4.521559 445.6559 0.9610709 4.521559 445.6559 5.228016 11.74233 433.05 2.672449 12.5727 433.05 1.880195 4.222925 445.6559 1.880195 4.222925 445.6559 7.555142 10.39877 433.05 5.228016 11.74233 433.05 2.717068 3.739738 445.6559 2.717068 3.739738 445.6559 9.552106 8.600717 433.05 7.555142 10.39877 433.05 3.435229 3.093103 445.6559 11.13153 6.426787 433.05 3.435229 3.093103 445.6559 4.003256 2.311283 445.6559 9.552106 8.600717 433.05 12.22448 3.971972 433.05 4.003256 2.311283 445.6559 4.39635 1.428444 445.6559 11.13153 6.426787 433.05 19.74508 2.075274 419.6055 12.78317 -1.34357 433.05 19.74506 -2.075293 419.6055 12.78317 1.343559 433.05 12.78317 1.343559 433.05 4.39635 1.428444 445.6559 4.59724 0.4831823 445.6559 12.22448 3.971972 433.05 19.74506 -2.075293 419.6055 12.22448 -3.971984 433.05 18.88212 -6.135173 419.6055 12.78317 -1.34357 433.05 12.22448 -3.971984 433.05 4.003287 -2.311296 445.6559 11.13155 -6.426799 433.05 4.39635 -1.428463 445.6559 11.13155 -6.426799 433.05 3.435229 -3.093117 445.6559 9.552094 -8.600736 433.05 4.003287 -2.311296 445.6559 9.552094 -8.600736 433.05 2.717068 -3.739752 445.6559 7.555138 -10.39878 433.05 3.435229 -3.093117 445.6559 2.717068 -3.739752 445.6559 5.228012 -11.74235 433.05 7.555138 -10.39878 433.05 1.880156 -4.222945 445.6559 0 -8.213228e-06 451.8449 0.9610709 -4.521575 445.6559 1.880156 -4.222945 445.6559 0 -8.213228e-06 451.8449 -2.717101 -3.739752 445.6559 -1.880189 -4.222941 445.6559 0 -8.213228e-06 451.8449 -3.435262 -3.093115 445.6559 -2.717101 -3.739752 445.6559 0 -8.213228e-06 451.8449 -4.003287 -2.311296 445.6559 -3.435262 -3.093115 445.6559 -4.396319 -1.428463 445.6559 -12.7832 -1.343575 433.05 -12.22448 -3.971984 433.05 -4.597276 -0.4831988 445.6559 0 -8.213228e-06 451.8449 -4.396319 -1.428463 445.6559 -4.003287 -2.311296 445.6559 -4.597276 -0.4831988 445.6559 -12.7832 1.343552 433.05 -12.7832 -1.343575 433.05 -4.597276 0.4831799 445.6559 -4.39635 1.428444 445.6559 -4.597276 0.4831799 445.6559 0 -8.213228e-06 451.8449 -4.003291 2.311278 445.6559 -4.39635 1.428444 445.6559 0 -8.213228e-06 451.8449 -3.435229 3.093103 445.6559 -4.003291 2.311278 445.6559 0 -8.213228e-06 451.8449 0 -8.213228e-06 451.8449 -2.717108 3.739736 445.6559 -3.435229 3.093103 445.6559 0 -8.213228e-06 451.8449 -1.880156 4.222929 445.6559 -2.717108 3.739736 445.6559 0 -8.213228e-06 451.8449 -0.961113 4.521559 445.6559 -1.880156 4.222929 445.6559 0 -8.213228e-06 451.8449 0 4.622575 445.6559 -0.961113 4.521559 445.6559 0 -8.213228e-06 451.8449 0.9610709 4.521559 445.6559 0 4.622575 445.6559 0 -8.213228e-06 451.8449 1.880195 4.222925 445.6559 0.9610709 4.521559 445.6559 0 -8.213228e-06 451.8449 2.717068 3.739738 445.6559 1.880195 4.222925 445.6559 0 -8.213228e-06 451.8449 3.435229 3.093103 445.6559 2.717068 3.739738 445.6559 3.435229 3.093103 445.6559 0 -8.213228e-06 451.8449 4.003256 2.311283 445.6559 4.003256 2.311283 445.6559 0 -8.213228e-06 451.8449 4.39635 1.428444 445.6559 12.78317 1.343559 433.05 4.59724 -0.4831965 445.6559 12.78317 -1.34357 433.05 4.59724 0.4831823 445.6559 4.39635 1.428444 445.6559 0 -8.213228e-06 451.8449 4.59724 0.4831823 445.6559 12.78317 -1.34357 433.05 4.39635 -1.428463 445.6559 12.22448 -3.971984 433.05 4.59724 -0.4831965 445.6559 0 -8.213228e-06 451.8449 4.003287 -2.311296 445.6559 4.39635 -1.428463 445.6559 0 -8.213228e-06 451.8449 3.435229 -3.093117 445.6559 4.003287 -2.311296 445.6559 0 -8.213228e-06 451.8449 2.717068 -3.739752 445.6559 3.435229 -3.093117 445.6559 0 -8.213228e-06 451.8449 1.880156 -4.222945 445.6559 2.717068 -3.739752 445.6559 0 -8.213228e-06 451.8449 -4.597276 -0.4831988 445.6559 -4.396319 -1.428463 445.6559 -4.597276 0.4831799 445.6559 -4.597276 -0.4831988 445.6559 0 -8.213228e-06 451.8449 4.59724 0.4831823 445.6559 0 -8.213228e-06 451.8449 4.59724 -0.4831965 445.6559 0 -8.213228e-06 451.8449 4.39635 -1.428463 445.6559 4.59724 -0.4831965 445.6559</float_array>
                    <technique_common>
                        <accessor count="1082" source="#ID61" stride="3">
                            <param name="X" type="float" />
                            <param name="Y" type="float" />
                            <param name="Z" type="float" />
                        </accessor>
                    </technique_common>
                </source>
                <source id="ID59">
                    <float_array id="ID62" count="3246">-0.1045285 -0.9945219 -4.185107e-10 -0.1045285 -0.9945219 -4.185107e-10 -0.1045285 -0.9945219 -4.185107e-10 -0.1045285 -0.9945219 -4.185107e-10 -0.1045285 -0.9945219 -4.185107e-10 -0.1045285 -0.9945219 -4.185107e-10 -0.1045285 -0.9945219 -4.185107e-10 -0.1045285 -0.9945219 -4.185107e-10 -0.1025199 -0.975414 0.1950824 -0.1025199 -0.975414 0.1950824 -0.1025199 -0.975414 0.1950824 -0.1025199 -0.975414 0.1950824 -0.309017 -0.9510565 -4.718211e-09 -0.309017 -0.9510565 -4.718211e-09 -0.309017 -0.9510565 -4.718211e-09 -0.309017 -0.9510565 -4.718211e-09 0 0 -1 0 0 -1 0 0 -1 0 0 -1 0 0 -1 0 0 -1 0 0 -1 0 0 -1 0 0 -1 0 0 -1 0 0 -1 0 0 -1 0 0 -1 0 0 -1 0 0 -1 0 0 -1 0 0 -1 0 0 -1 0 0 -1 0 0 -1 0 0 -1 0 0 -1 0 0 -1 0 0 -1 0 0 -1 0 0 -1 0 0 -1 0 0 -1 0 0 -1 0 0 -1 0 0 -1 0 0 -1 0 0 -1 0 0 -1 0 0 -1 0 0 -1 0 0 -1 0 0 -1 0 0 -1 0 0 -1 0 0 -1 0 0 -1 0 0 -1 0 0 -1 0 0 -1 0 0 -1 0 0 -1 0 0 -1 0 0 -1 0 0 -1 0 0 -1 0 0 -1 0 0 -1 0 0 -1 0 0 -1 0 0 -1 0 0 -1 0 0 -1 0 0 -1 0 0 -1 0 0 -1 0 0 -1 0 0 -1 0.1045285 -0.9945219 2.91272e-10 0.1045285 -0.9945219 2.91272e-10 0.1045285 -0.9945219 2.91272e-10 0.1045285 -0.9945219 2.91272e-10 0.1045285 -0.9945219 2.91272e-10 0.1045285 -0.9945219 2.91272e-10 0.1045285 -0.9945219 2.91272e-10 0.1045285 -0.9945219 2.91272e-10 0 0 -1 0 0 -1 0 0 -1 0 0 -1 0 0 -1 0 0 -1 -1 0 0 -1 0 0 -1 0 0 -1 0 0 0 0 1 0 0 1 0 0 1 0 0 1 0 0 1 0 0 1 0.10252 -0.975414 0.1950824 0.10252 -0.975414 0.1950824 0.10252 -0.975414 0.1950824 0.10252 -0.975414 0.1950824 -0.09994212 -0.9508889 0.2929537 -0.09994212 -0.9508889 0.2929537 -0.09994212 -0.9508889 0.2929537 -0.09994212 -0.9508889 0.2929537 -0.3030797 -0.9327837 0.1950824 -0.3030797 -0.9327837 0.1950824 -0.3030797 -0.9327837 0.1950824 -0.3030797 -0.9327837 0.1950824 -0.4999997 -0.8660256 -2.16255e-09 -0.4999997 -0.8660256 -2.16255e-09 -0.4999997 -0.8660256 -2.16255e-09 -0.4999997 -0.8660256 -2.16255e-09 -0.6691306 -0.7431448 -3.44981e-09 -0.6691306 -0.7431448 -3.44981e-09 -0.6691306 -0.7431448 -3.44981e-09 -0.6691306 -0.7431448 -3.44981e-09 -0.809017 -0.5877853 2.124862e-09 -0.809017 -0.5877853 2.124862e-09 -0.809017 -0.5877853 2.124862e-09 -0.809017 -0.5877853 2.124862e-09 -0.9135455 -0.4067365 2.146681e-09 -0.9135455 -0.4067365 2.146681e-09 -0.9135455 -0.4067365 2.146681e-09 -0.9135455 -0.4067365 2.146681e-09 -0.9781477 0.2079112 3.374265e-09 -0.9781477 0.2079112 3.374265e-09 -0.9781477 0.2079112 3.374265e-09 -0.9781477 0.2079112 3.374265e-09 -0.9781477 0.2079112 3.374265e-09 -0.9781477 0.2079112 3.374265e-09 -0.9781477 0.2079112 3.374265e-09 -0.9135457 0.4067361 -2.890804e-09 -0.9135457 0.4067361 -2.890804e-09 -0.9135457 0.4067361 -2.890804e-09 -0.9135457 0.4067361 -2.890804e-09 -0.8090178 0.5877842 6.030787e-09 -0.8090178 0.5877842 6.030787e-09 -0.8090178 0.5877842 6.030787e-09 -0.8090178 0.5877842 6.030787e-09 -0.6691312 0.7431443 3.493812e-11 -0.6691312 0.7431443 3.493812e-11 -0.6691312 0.7431443 3.493812e-11 -0.6691312 0.7431443 3.493812e-11 -0.5000009 0.8660249 -1.200329e-08 -0.5000009 0.8660249 -1.200329e-08 -0.5000009 0.8660249 -1.200329e-08 -0.5000009 0.8660249 -1.200329e-08 -0.3090185 0.951056 4.231638e-10 -0.3090185 0.951056 4.231638e-10 -0.3090185 0.951056 4.231638e-10 -0.3090185 0.951056 4.231638e-10 -0.1045294 0.9945218 6.546126e-18 -0.1045294 0.9945218 6.546126e-18 -0.1045294 0.9945218 6.546126e-18 -0.1045294 0.9945218 6.546126e-18 0.1045294 0.9945218 6.546126e-18 0.1045294 0.9945218 6.546126e-18 0.1045294 0.9945218 6.546126e-18 0.1045294 0.9945218 6.546126e-18 0.3090183 0.9510561 3.88781e-09 0.3090183 0.9510561 3.88781e-09 0.3090183 0.9510561 3.88781e-09 0.3090183 0.9510561 3.88781e-09 0.5000005 0.8660251 -6.87816e-09 0.5000005 0.8660251 -6.87816e-09 0.5000005 0.8660251 -6.87816e-09 0.5000005 0.8660251 -6.87816e-09 0.6691314 0.7431441 -7.008643e-09 0.6691314 0.7431441 -7.008643e-09 0.6691314 0.7431441 -7.008643e-09 0.6691314 0.7431441 -7.008643e-09 0.8090177 0.5877843 -1.018988e-08 0.8090177 0.5877843 -1.018988e-08 0.8090177 0.5877843 -1.018988e-08 0.8090177 0.5877843 -1.018988e-08 0.9135457 0.4067362 -3.232914e-09 0.9135457 0.4067362 -3.232914e-09 0.9135457 0.4067362 -3.232914e-09 0.9135457 0.4067362 -3.232914e-09 0.9781477 0.2079114 4.920962e-09 0.9781477 0.2079114 4.920962e-09 0.9781477 0.2079114 4.920962e-09 0.9781477 0.2079114 4.920962e-09 0.9781477 0.2079114 4.920962e-09 0.9781477 0.2079114 4.920962e-09 0.9781477 0.2079114 4.920962e-09 0.3521631 0.9359386 3.273063e-18 0.3521631 0.9359386 3.273063e-18 0.3521631 0.9359386 3.273063e-18 0.3521631 0.9359386 3.273063e-18 1 0 0 1 0 0 1 0 0 1 0 0 0.3521631 -0.9359386 -3.273063e-18 0.3521631 -0.9359386 -3.273063e-18 0.3521631 -0.9359386 -3.273063e-18 0.3521631 -0.9359386 -3.273063e-18 0.9135455 -0.4067365 2.290877e-09 0.9135455 -0.4067365 2.290877e-09 0.9135455 -0.4067365 2.290877e-09 0.9135455 -0.4067365 2.290877e-09 0.8090169 -0.5877854 1.870094e-09 0.8090169 -0.5877854 1.870094e-09 0.8090169 -0.5877854 1.870094e-09 0.8090169 -0.5877854 1.870094e-09 0.6691307 -0.7431447 1.566331e-09 0.6691307 -0.7431447 1.566331e-09 0.6691307 -0.7431447 1.566331e-09 0.6691307 -0.7431447 1.566331e-09 0.4999998 -0.8660255 -1.550353e-09 0.4999998 -0.8660255 -1.550353e-09 0.4999998 -0.8660255 -1.550353e-09 0.4999998 -0.8660255 -1.550353e-09 0.3090168 -0.9510566 1.274657e-09 0.3090168 -0.9510566 1.274657e-09 0.3090168 -0.9510566 1.274657e-09 0.3090168 -0.9510566 1.274657e-09 1 -5.337954e-07 2.289252e-08 1 -5.337954e-07 2.289252e-08 1 -5.337954e-07 2.289252e-08 1 -5.337954e-07 2.289252e-08 0.1045266 -0.9945221 1.237488e-09 0.1045266 -0.9945221 1.237488e-09 0.1045266 -0.9945221 1.237488e-09 0.1045266 -0.9945221 1.237488e-09 -0.1045266 -0.9945221 -6.546126e-18 -0.1045266 -0.9945221 -6.546126e-18 -0.1045266 -0.9945221 -6.546126e-18 -0.1045266 -0.9945221 -6.546126e-18 0.3030797 -0.9327838 0.1950824 0.3030797 -0.9327838 0.1950824 0.3030797 -0.9327838 0.1950824 0.3030797 -0.9327838 0.1950824 0.099942 -0.9508889 0.2929537 0.099942 -0.9508889 0.2929537 0.099942 -0.9508889 0.2929537 0.099942 -0.9508889 0.2929537 -0.09656298 -0.9187365 0.3828823 -0.09656298 -0.9187365 0.3828823 -0.09656298 -0.9187365 0.3828823 -0.09656298 -0.9187365 0.3828823 -0.2954593 -0.9093305 0.2929536 -0.2954593 -0.9093305 0.2929536 -0.2954593 -0.9093305 0.2929536 -0.2954593 -0.9093305 0.2929536 -0.4903932 -0.8493864 0.1950824 -0.4903932 -0.8493864 0.1950824 -0.4903932 -0.8493864 0.1950824 -0.4903932 -0.8493864 0.1950824 -0.6562747 -0.7288665 0.1950824 -0.6562747 -0.7288665 0.1950824 -0.6562747 -0.7288665 0.1950824 -0.6562747 -0.7288665 0.1950824 -0.7934733 -0.5764919 0.1950824 -0.7934733 -0.5764919 0.1950824 -0.7934733 -0.5764919 0.1950824 -0.7934733 -0.5764919 0.1950824 -0.8959934 -0.3989219 0.1950823 -0.8959934 -0.3989219 0.1950823 -0.8959934 -0.3989219 0.1950823 -0.8959934 -0.3989219 0.1950823 -0.9781476 -0.2079119 -4.025703e-09 -0.9781476 -0.2079119 -4.025703e-09 -0.9781476 -0.2079119 -4.025703e-09 -0.9781476 -0.2079119 -4.025703e-09 -0.9781476 -0.2079119 -4.025703e-09 -0.9781476 -0.2079119 -4.025703e-09 -0.9781476 -0.2079119 -4.025703e-09 -1 -4.783394e-07 -3.121436e-24 -1 -4.783394e-07 -3.121436e-24 -1 -4.783394e-07 -3.121436e-24 -1 -4.783394e-07 -3.121436e-24 -1 -3.188922e-07 1.111113e-08 -1 -3.188922e-07 1.111113e-08 -1 -3.188922e-07 1.111113e-08 -1 -3.188922e-07 1.111113e-08 -1 0 0 -1 0 0 -1 0 0 -1 0 0 0 1 0 0 1 0 0 1 0 0 1 0 -0.9593542 0.2039174 0.1950824 -0.9593542 0.2039174 0.1950824 -0.9593542 0.2039174 0.1950824 -0.9593542 0.2039174 0.1950824 -0.8959937 0.3989212 0.1950824 -0.8959937 0.3989212 0.1950824 -0.8959937 0.3989212 0.1950824 -0.8959937 0.3989212 0.1950824 -0.7934735 0.5764917 0.1950825 -0.7934735 0.5764917 0.1950825 -0.7934735 0.5764917 0.1950825 -0.7934735 0.5764917 0.1950825 -0.6562745 0.7288666 0.1950826 -0.6562745 0.7288666 0.1950826 -0.6562745 0.7288666 0.1950826 -0.6562745 0.7288666 0.1950826 -0.4903943 0.8493858 0.1950825 -0.4903943 0.8493858 0.1950825 -0.4903943 0.8493858 0.1950825 -0.4903943 0.8493858 0.1950825 -0.3030809 0.9327833 0.1950826 -0.3030809 0.9327833 0.1950826 -0.3030809 0.9327833 0.1950826 -0.3030809 0.9327833 0.1950826 -0.1025207 0.975414 0.1950823 -0.1025207 0.975414 0.1950823 -0.1025207 0.975414 0.1950823 -0.1025207 0.975414 0.1950823 0.1025209 0.9754139 0.1950824 0.1025209 0.9754139 0.1950824 0.1025209 0.9754139 0.1950824 0.1025209 0.9754139 0.1950824 0.3030815 0.9327832 0.1950824 0.3030815 0.9327832 0.1950824 0.3030815 0.9327832 0.1950824 0.3030815 0.9327832 0.1950824 0.4903947 0.8493856 0.1950824 0.4903947 0.8493856 0.1950824 0.4903947 0.8493856 0.1950824 0.4903947 0.8493856 0.1950824 0.6562756 0.7288657 0.1950823 0.6562756 0.7288657 0.1950823 0.6562756 0.7288657 0.1950823 0.6562756 0.7288657 0.1950823 0.7934733 0.5764919 0.1950827 0.7934733 0.5764919 0.1950827 0.7934733 0.5764919 0.1950827 0.7934733 0.5764919 0.1950827 0.8959937 0.3989212 0.1950824 0.8959937 0.3989212 0.1950824 0.8959937 0.3989212 0.1950824 0.8959937 0.3989212 0.1950824 1 -4.783394e-07 -3.121436e-24 1 -4.783394e-07 -3.121436e-24 1 -4.783394e-07 -3.121436e-24 1 -4.783394e-07 -3.121436e-24 0.9981878 0.05966843 -0.007796386 0.9981878 0.05966843 -0.007796386 0.9981878 0.05966843 -0.007796386 0.9593543 0.2039169 0.1950825 0.9593543 0.2039169 0.1950825 0.9593543 0.2039169 0.1950825 0.9593543 0.2039169 0.1950825 -3.102639e-06 1 -2.830098e-07 -3.102639e-06 1 -2.830098e-07 -3.102639e-06 1 -2.830098e-07 -3.102639e-06 1 -2.830098e-07 1 -4.783394e-07 -3.121436e-24 1 -4.783394e-07 -3.121436e-24 1 -4.783394e-07 -3.121436e-24 1 -4.783394e-07 -3.121436e-24 0 0 1 0 0 1 0 0 1 0 0 1 0 0 1 0.8959934 -0.3989219 0.1950823 0.8959934 -0.3989219 0.1950823 0.8959934 -0.3989219 0.1950823 0.8959934 -0.3989219 0.1950823 0.9781475 -0.207912 8.880493e-10 0.9781475 -0.207912 8.880493e-10 0.9781475 -0.207912 8.880493e-10 0.9781475 -0.207912 8.880493e-10 0.9781475 -0.207912 8.880493e-10 0.9781475 -0.207912 8.880493e-10 0.9781475 -0.207912 8.880493e-10 0.7934731 -0.5764922 0.1950824 0.7934731 -0.5764922 0.1950824 0.7934731 -0.5764922 0.1950824 0.7934731 -0.5764922 0.1950824 0.6562745 -0.7288666 0.1950825 0.6562745 -0.7288666 0.1950825 0.6562745 -0.7288666 0.1950825 0.6562745 -0.7288666 0.1950825 0.4903933 -0.8493864 0.1950825 0.4903933 -0.8493864 0.1950825 0.4903933 -0.8493864 0.1950825 0.4903933 -0.8493864 0.1950825 0.2954592 -0.9093305 0.2929537 0.2954592 -0.9093305 0.2929537 0.2954592 -0.9093305 0.2929537 0.2954592 -0.9093305 0.2929537 0.09656268 -0.9187365 0.3828823 0.09656268 -0.9187365 0.3828823 0.09656268 -0.9187365 0.3828823 0.09656268 -0.9187365 0.3828823 -0.09282198 -0.8831416 0.4598314 -0.09282198 -0.8831416 0.4598314 -0.09282198 -0.8831416 0.4598314 -0.09282198 -0.8831416 0.4598314 -0.2854689 -0.8785833 0.3828823 -0.2854689 -0.8785833 0.3828823 -0.2854689 -0.8785833 0.3828823 -0.2854689 -0.8785833 0.3828823 -0.478063 -0.8280301 0.2929537 -0.478063 -0.8280301 0.2929537 -0.478063 -0.8280301 0.2929537 -0.478063 -0.8280301 0.2929537 -0.6397741 -0.7105401 0.2929537 -0.6397741 -0.7105401 0.2929537 -0.6397741 -0.7105401 0.2929537 -0.6397741 -0.7105401 0.2929537 -0.7735224 -0.5619976 0.2929537 -0.7735224 -0.5619976 0.2929537 -0.7735224 -0.5619976 0.2929537 -0.7735224 -0.5619976 0.2929537 -0.8734652 -0.3888917 0.2929535 -0.8734652 -0.3888917 0.2929535 -0.8734652 -0.3888917 0.2929535 -0.8734652 -0.3888917 0.2929535 -0.9593542 -0.2039175 0.1950823 -0.9593542 -0.2039175 0.1950823 -0.9593542 -0.2039175 0.1950823 -0.9593542 -0.2039175 0.1950823 -0.9981878 -0.05966838 -0.007796331 -0.9981878 -0.05966838 -0.007796331 -0.9981878 -0.05966838 -0.007796331 -0.3521631 -0.9359386 -3.273063e-18 -0.3521631 -0.9359386 -3.273063e-18 -0.3521631 -0.9359386 -3.273063e-18 -0.3521631 -0.9359386 -3.273063e-18 -1.551319e-06 -1 1.415048e-07 -1.551319e-06 -1 1.415048e-07 -1.551319e-06 -1 1.415048e-07 -1.551319e-06 -1 1.415048e-07 -1 -4.783394e-07 -6.25003e-08 -1 -4.783394e-07 -6.25003e-08 -1 -4.783394e-07 -6.25003e-08 0 0 -1 0 0 -1 0 0 -1 0 0 -1 -0.9807869 -2.326701e-07 0.1950822 -0.9807869 -2.326701e-07 0.1950822 -0.9807869 -2.326701e-07 0.1950822 -0.9807869 -2.326701e-07 0.1950822 -0.9837631 2.174489e-12 0.1794719 -0.9837631 2.174489e-12 0.1794719 -0.9837631 2.174489e-12 0.1794719 -0.9837631 2.174489e-12 0.1794719 -0.9837631 2.174489e-12 0.1794719 -0.9837631 2.174489e-12 0.1794719 -0.9837631 2.174489e-12 0.1794719 -0.9837631 2.174489e-12 0.1794719 2.219123e-06 0.9997815 0.02090107 2.219123e-06 0.9997815 0.02090107 2.219123e-06 0.9997815 0.02090107 2.219123e-06 0.9997815 0.02090107 -0.935233 0.1987904 0.2929534 -0.935233 0.1987904 0.2929534 -0.935233 0.1987904 0.2929534 -0.935233 0.1987904 0.2929534 -0.8734656 0.3888908 0.2929535 -0.8734656 0.3888908 0.2929535 -0.8734656 0.3888908 0.2929535 -0.8734656 0.3888908 0.2929535 -0.7735231 0.5619968 0.2929534 -0.7735231 0.5619968 0.2929534 -0.7735231 0.5619968 0.2929534 -0.7735231 0.5619968 0.2929534 -0.6397733 0.7105408 0.2929536 -0.6397733 0.7105408 0.2929536 -0.6397733 0.7105408 0.2929536 -0.6397733 0.7105408 0.2929536 -0.4780645 0.8280293 0.2929537 -0.4780645 0.8280293 0.2929537 -0.4780645 0.8280293 0.2929537 -0.4780645 0.8280293 0.2929537 -0.2954604 0.9093302 0.2929535 -0.2954604 0.9093302 0.2929535 -0.2954604 0.9093302 0.2929535 -0.2954604 0.9093302 0.2929535 -0.09994256 0.9508888 0.2929538 -0.09994256 0.9508888 0.2929538 -0.09994256 0.9508888 0.2929538 -0.09994256 0.9508888 0.2929538 0.09994261 0.9508889 0.2929537 0.09994261 0.9508889 0.2929537 0.09994261 0.9508889 0.2929537 0.09994261 0.9508889 0.2929537 0.2954605 0.90933 0.2929539 0.2954605 0.90933 0.2929539 0.2954605 0.90933 0.2929539 0.2954605 0.90933 0.2929539 0.4780637 0.8280297 0.2929539 0.4780637 0.8280297 0.2929539 0.4780637 0.8280297 0.2929539 0.4780637 0.8280297 0.2929539 0.6397748 0.7105395 0.2929536 0.6397748 0.7105395 0.2929536 0.6397748 0.7105395 0.2929536 0.6397748 0.7105395 0.2929536 0.7735234 0.5619962 0.2929536 0.7735234 0.5619962 0.2929536 0.7735234 0.5619962 0.2929536 0.7735234 0.5619962 0.2929536 0.8734653 0.3888912 0.292954 0.8734653 0.3888912 0.292954 0.8734653 0.3888912 0.292954 0.8734653 0.3888912 0.292954 1 -4.783394e-07 -3.121436e-24 1 -4.783394e-07 -3.121436e-24 1 -4.783394e-07 -6.25003e-08 1 -4.783394e-07 -6.25003e-08 1 -4.783394e-07 -6.25003e-08 0 0 -1 0 0 -1 0 0 -1 0 0 -1 0 0 -1 0 0 -1 0 0 -1 0.9352329 0.1987907 0.2929535 0.9352329 0.1987907 0.2929535 0.9352329 0.1987907 0.2929535 0.9352329 0.1987907 0.2929535 -2.590429e-06 0.9997816 0.0209001 -2.590429e-06 0.9997816 0.0209001 -2.590429e-06 0.9997816 0.0209001 -2.590429e-06 0.9997816 0.0209001 0.9807868 2.009438e-07 0.1950825 0.9807868 2.009438e-07 0.1950825 0.9807868 2.009438e-07 0.1950825 0.9807868 2.009438e-07 0.1950825 0.9837631 2.174566e-12 0.1794719 0.9837631 2.174566e-12 0.1794719 0.9837631 2.174566e-12 0.1794719 0.9837631 2.174566e-12 0.1794719 0.9837631 2.174566e-12 0.1794719 0.9837631 2.174566e-12 0.1794719 0.9837631 2.174566e-12 0.1794719 0.9837631 2.174566e-12 0.1794719 0.9981878 -0.05966838 -0.007796331 0.9981878 -0.05966838 -0.007796331 0.9981878 -0.05966838 -0.007796331 0.9593542 -0.2039175 0.1950823 0.9593542 -0.2039175 0.1950823 0.9593542 -0.2039175 0.1950823 0.9593542 -0.2039175 0.1950823 0.8734652 -0.3888917 0.2929535 0.8734652 -0.3888917 0.2929535 0.8734652 -0.3888917 0.2929535 0.8734652 -0.3888917 0.2929535 1.551319e-06 -1 1.415048e-07 1.551319e-06 -1 1.415048e-07 1.551319e-06 -1 1.415048e-07 1.551319e-06 -1 1.415048e-07 0.7735223 -0.5619977 0.2929536 0.7735223 -0.5619977 0.2929536 0.7735223 -0.5619977 0.2929536 0.7735223 -0.5619977 0.2929536 0.6397736 -0.7105406 0.2929536 0.6397736 -0.7105406 0.2929536 0.6397736 -0.7105406 0.2929536 0.6397736 -0.7105406 0.2929536 0.4780631 -0.8280301 0.2929536 0.4780631 -0.8280301 0.2929536 0.4780631 -0.8280301 0.2929536 0.4780631 -0.8280301 0.2929536 0.2854684 -0.8785835 0.3828823 0.2854684 -0.8785835 0.3828823 0.2854684 -0.8785835 0.3828823 0.2854684 -0.8785835 0.3828823 0.09282149 -0.8831417 0.4598314 0.09282149 -0.8831417 0.4598314 0.09282149 -0.8831417 0.4598314 0.09282149 -0.8831417 0.4598314 -0.0876664 -0.8340899 0.5446179 -0.0876664 -0.8340899 0.5446179 -0.0876664 -0.8340899 0.5446179 -0.0876664 -0.8340899 0.5446179 -0.274409 -0.8445439 0.4598318 -0.274409 -0.8445439 0.4598318 -0.274409 -0.8445439 0.4598318 -0.274409 -0.8445439 0.4598318 -0.4618986 -0.8000317 0.3828824 -0.4618986 -0.8000317 0.3828824 -0.4618986 -0.8000317 0.3828824 -0.4618986 -0.8000317 0.3828824 -0.6181413 -0.6865145 0.3828827 -0.6181413 -0.6865145 0.3828827 -0.6181413 -0.6865145 0.3828827 -0.6181413 -0.6865145 0.3828827 -0.7473664 -0.5429959 0.3828825 -0.7473664 -0.5429959 0.3828825 -0.7473664 -0.5429959 0.3828825 -0.7473664 -0.5429959 0.3828825 -0.8439307 -0.375742 0.3828823 -0.8439307 -0.375742 0.3828823 -0.8439307 -0.375742 0.3828823 -0.8439307 -0.375742 0.3828823 -0.935233 -0.1987893 0.2929539 -0.935233 -0.1987893 0.2929539 -0.935233 -0.1987893 0.2929539 -0.935233 -0.1987893 0.2929539 -2.428386e-06 -0.9997815 0.02090158 -2.428386e-06 -0.9997815 0.02090158 -2.428386e-06 -0.9997815 0.02090158 -2.428386e-06 -0.9997815 0.02090158 0 0 1 0 0 1 0 0 1 0 0 1 0 0 1 0 0 -1 0 0 -1 0 0 -1 -1 0 0 -1 0 0 -1 0 0 -1 0 0 0 0 -1 0 0 -1 0 0 -1 0 0 -1 0 0 -1 -0.9981878 0.05966843 -0.007796386 -0.9981878 0.05966843 -0.007796386 -0.9981878 0.05966843 -0.007796386 -0.9561266 -1.584018e-06 0.2929538 -0.9561266 -1.584018e-06 0.2929538 -0.9561266 -1.584018e-06 0.2929538 -0.9561266 -1.584018e-06 0.2929538 -5.612271e-07 -0.9994819 0.0321872 -5.612271e-07 -0.9994819 0.0321872 -5.612271e-07 -0.9994819 0.0321872 -5.612271e-07 -0.9994819 0.0321872 0 0 1 0 0 1 0 0 1 0 0 1 2.483951e-06 0.9994819 0.03218625 2.483951e-06 0.9994819 0.03218625 2.483951e-06 0.9994819 0.03218625 2.483951e-06 0.9994819 0.03218625 -0.9036094 0.1920698 0.3828827 -0.9036094 0.1920698 0.3828827 -0.9036094 0.1920698 0.3828827 -0.9036094 0.1920698 0.3828827 -0.8439306 0.3757414 0.3828831 -0.8439306 0.3757414 0.3828831 -0.8439306 0.3757414 0.3828831 -0.8439306 0.3757414 0.3828831 -0.7473689 0.5429922 0.3828827 -0.7473689 0.5429922 0.3828827 -0.7473689 0.5429922 0.3828827 -0.7473689 0.5429922 0.3828827 -0.6181408 0.6865152 0.3828822 -0.6181408 0.6865152 0.3828822 -0.6181408 0.6865152 0.3828822 -0.6181408 0.6865152 0.3828822 -0.4618989 0.8000314 0.3828827 -0.4618989 0.8000314 0.3828827 -0.4618989 0.8000314 0.3828827 -0.4618989 0.8000314 0.3828827 -0.2854703 0.8785827 0.3828827 -0.2854703 0.8785827 0.3828827 -0.2854703 0.8785827 0.3828827 -0.2854703 0.8785827 0.3828827 -0.0965631 0.9187364 0.3828824 -0.0965631 0.9187364 0.3828824 -0.0965631 0.9187364 0.3828824 -0.0965631 0.9187364 0.3828824 0.0965626 0.9187365 0.3828825 0.0965626 0.9187365 0.3828825 0.0965626 0.9187365 0.3828825 0.0965626 0.9187365 0.3828825 0.2854692 0.8785831 0.3828825 0.2854692 0.8785831 0.3828825 0.2854692 0.8785831 0.3828825 0.2854692 0.8785831 0.3828825 0.4618979 0.800032 0.3828826 0.4618979 0.800032 0.3828826 0.4618979 0.800032 0.3828826 0.4618979 0.800032 0.3828826 0.6181409 0.6865148 0.3828828 0.6181409 0.6865148 0.3828828 0.6181409 0.6865148 0.3828828 0.6181409 0.6865148 0.3828828 0.7473697 0.5429913 0.3828825 0.7473697 0.5429913 0.3828825 0.7473697 0.5429913 0.3828825 0.7473697 0.5429913 0.3828825 0.8439301 0.3757435 0.3828823 0.8439301 0.3757435 0.3828823 0.8439301 0.3757435 0.3828823 0.8439301 0.3757435 0.3828823 0 0 1 0 0 1 -1.384876e-06 0.9994819 0.03218691 -1.384876e-06 0.9994819 0.03218691 -1.384876e-06 0.9994819 0.03218691 -1.384876e-06 0.9994819 0.03218691 0.9561266 -6.239472e-07 0.2929536 0.9561266 -6.239472e-07 0.2929536 0.9561266 -6.239472e-07 0.2929536 0.9561266 -6.239472e-07 0.2929536 0.9036097 0.1920699 0.382882 0.9036097 0.1920699 0.382882 0.9036097 0.1920699 0.382882 0.9036097 0.1920699 0.382882 5.612271e-07 -0.9994819 0.0321872 5.612271e-07 -0.9994819 0.0321872 5.612271e-07 -0.9994819 0.0321872 5.612271e-07 -0.9994819 0.0321872 2.428386e-06 -0.9997815 0.02090158 2.428386e-06 -0.9997815 0.02090158 2.428386e-06 -0.9997815 0.02090158 2.428386e-06 -0.9997815 0.02090158 0 0 1 0 0 1 0 0 1 0 0 1 0.935233 -0.1987893 0.2929539 0.935233 -0.1987893 0.2929539 0.935233 -0.1987893 0.2929539 0.935233 -0.1987893 0.2929539 0.8439301 -0.375743 0.3828827 0.8439301 -0.375743 0.3828827 0.8439301 -0.375743 0.3828827 0.8439301 -0.375743 0.3828827 0.7473668 -0.5429951 0.3828827 0.7473668 -0.5429951 0.3828827 0.7473668 -0.5429951 0.3828827 0.7473668 -0.5429951 0.3828827 0.6181413 -0.6865145 0.3828827 0.6181413 -0.6865145 0.3828827 0.6181413 -0.6865145 0.3828827 0.6181413 -0.6865145 0.3828827 0.4618986 -0.8000317 0.3828824 0.4618986 -0.8000317 0.3828824 0.4618986 -0.8000317 0.3828824 0.4618986 -0.8000317 0.3828824 0.2744093 -0.844544 0.4598314 0.2744093 -0.844544 0.4598314 0.2744093 -0.844544 0.4598314 0.2744093 -0.844544 0.4598314 0.08766592 -0.8340899 0.544618 0.08766592 -0.8340899 0.544618 0.08766592 -0.8340899 0.544618 0.08766592 -0.8340899 0.544618 -0.2591684 -0.7976362 0.5446176 -0.2591684 -0.7976362 0.5446176 -0.2591684 -0.7976362 0.5446176 -0.2591684 -0.7976362 0.5446176 -0.08390783 -0.7983632 0.5963016 -0.08390783 -0.7983632 0.5963016 -0.08390783 -0.7983632 0.5963016 -0.444004 -0.7690352 0.4598318 -0.444004 -0.7690352 0.4598318 -0.444004 -0.7690352 0.4598318 -0.444004 -0.7690352 0.4598318 -0.5941907 -0.6599187 0.4598312 -0.5941907 -0.6599187 0.4598312 -0.5941907 -0.6599187 0.4598312 -0.5941907 -0.6599187 0.4598312 -0.7184114 -0.5219584 0.4598309 -0.7184114 -0.5219584 0.4598309 -0.7184114 -0.5219584 0.4598309 -0.7184114 -0.5219584 0.4598309 -0.8112347 -0.3611827 0.4598319 -0.8112347 -0.3611827 0.4598319 -0.8112347 -0.3611827 0.4598319 -0.8112347 -0.3611827 0.4598319 -0.9036105 -0.1920655 0.3828823 -0.9036105 -0.1920655 0.3828823 -0.9036105 -0.1920655 0.3828823 -0.9036105 -0.1920655 0.3828823 -0.3521631 0.9359386 3.273063e-18 -0.3521631 0.9359386 3.273063e-18 -0.3521631 0.9359386 3.273063e-18 -0.3521631 0.9359386 3.273063e-18 0 0 1 0 0 1 -0.9237971 -3.895293e-06 0.3828823 -0.9237971 -3.895293e-06 0.3828823 -0.9237971 -3.895293e-06 0.3828823 -0.9237971 -3.895293e-06 0.3828823 -0.8685998 0.184633 0.4598315 -0.8685998 0.184633 0.4598315 -0.8685998 0.184633 0.4598315 -0.8685998 0.184633 0.4598315 -0.811234 0.3611845 0.4598316 -0.811234 0.3611845 0.4598316 -0.811234 0.3611845 0.4598316 -0.811234 0.3611845 0.4598316 -0.7184136 0.5219543 0.4598321 -0.7184136 0.5219543 0.4598321 -0.7184136 0.5219543 0.4598321 -0.7184136 0.5219543 0.4598321 -0.5941942 0.6599151 0.4598319 -0.5941942 0.6599151 0.4598319 -0.5941942 0.6599151 0.4598319 -0.5941942 0.6599151 0.4598319 -0.4440028 0.7690364 0.4598311 -0.4440028 0.7690364 0.4598311 -0.4440028 0.7690364 0.4598311 -0.4440028 0.7690364 0.4598311 -0.2744096 0.8445441 0.4598312 -0.2744096 0.8445441 0.4598312 -0.2744096 0.8445441 0.4598312 -0.2744096 0.8445441 0.4598312 -0.09282155 0.8831416 0.4598316 -0.09282155 0.8831416 0.4598316 -0.09282155 0.8831416 0.4598316 -0.09282155 0.8831416 0.4598316 0.09282155 0.8831416 0.4598316 0.09282155 0.8831416 0.4598316 0.09282155 0.8831416 0.4598316 0.09282155 0.8831416 0.4598316 0.2744104 0.8445437 0.4598314 0.2744104 0.8445437 0.4598314 0.2744104 0.8445437 0.4598314 0.2744104 0.8445437 0.4598314 0.4440025 0.7690362 0.4598317 0.4440025 0.7690362 0.4598317 0.4440025 0.7690362 0.4598317 0.4440025 0.7690362 0.4598317 0.5941901 0.659919 0.4598315 0.5941901 0.659919 0.4598315 0.5941901 0.659919 0.4598315 0.5941901 0.659919 0.4598315 0.7184153 0.5219526 0.4598315 0.7184153 0.5219526 0.4598315 0.7184153 0.5219526 0.4598315 0.7184153 0.5219526 0.4598315 0.8112329 0.3611865 0.459832 0.8112329 0.3611865 0.459832 0.8112329 0.3611865 0.459832 0.8112329 0.3611865 0.459832 0.9237971 -3.895293e-06 0.3828823 0.9237971 -3.895293e-06 0.3828823 0.9237971 -3.895293e-06 0.3828823 0.9237971 -3.895293e-06 0.3828823 0.8686004 0.1846275 0.4598327 0.8686004 0.1846275 0.4598327 0.8686004 0.1846275 0.4598327 0.8686004 0.1846275 0.4598327 0.9036105 -0.1920655 0.3828823 0.9036105 -0.1920655 0.3828823 0.9036105 -0.1920655 0.3828823 0.9036105 -0.1920655 0.3828823 0.8112339 -0.3611848 0.4598315 0.8112339 -0.3611848 0.4598315 0.8112339 -0.3611848 0.4598315 0.8112339 -0.3611848 0.4598315 0.7184125 -0.5219571 0.4598306 0.7184125 -0.5219571 0.4598306 0.7184125 -0.5219571 0.4598306 0.7184125 -0.5219571 0.4598306 0.5941907 -0.6599187 0.4598312 0.5941907 -0.6599187 0.4598312 0.5941907 -0.6599187 0.4598312 0.5941907 -0.6599187 0.4598312 0.444004 -0.7690352 0.4598318 0.444004 -0.7690352 0.4598318 0.444004 -0.7690352 0.4598318 0.444004 -0.7690352 0.4598318 0.2591702 -0.7976352 0.5446181 0.2591702 -0.7976352 0.5446181 0.2591702 -0.7976352 0.5446181 0.2591702 -0.7976352 0.5446181 0.08391067 -0.798363 0.5963015 0.08391067 -0.798363 0.5963015 0.08391067 -0.798363 0.5963015 -0.4193421 -0.7263224 0.5446173 -0.4193421 -0.7263224 0.5446173 -0.4193421 -0.7263224 0.5446173 -0.4193421 -0.7263224 0.5446173 -0.2480704 -0.7634692 0.5963019 -0.2480704 -0.7634692 0.5963019 -0.2480704 -0.7634692 0.5963019 -0.5611859 -0.6232673 0.5446175 -0.5611859 -0.6232673 0.5446175 -0.5611859 -0.6232673 0.5446175 -0.5611859 -0.6232673 0.5446175 -0.6785099 -0.4929662 0.5446179 -0.6785099 -0.4929662 0.5446179 -0.6785099 -0.4929662 0.5446179 -0.6785099 -0.4929662 0.5446179 -0.8686011 -0.1846273 0.4598314 -0.8686011 -0.1846273 0.4598314 -0.8686011 -0.1846273 0.4598314 -0.8686011 -0.1846273 0.4598314 -0.7661799 -0.3411152 0.544618 -0.7661799 -0.3411152 0.544618 -0.7661799 -0.3411152 0.544618 -0.7661799 -0.3411152 0.544618 -0.8880066 -3.561232e-06 0.4598308 -0.8880066 -3.561232e-06 0.4598308 -0.8880066 -3.561232e-06 0.4598308 -0.8880066 -3.561232e-06 0.4598308 -0.8203557 0.1743802 0.5446174 -0.8203557 0.1743802 0.5446174 -0.8203557 0.1743802 0.5446174 -0.8203557 0.1743802 0.5446174 -0.7661771 0.3411233 0.5446169 -0.7661771 0.3411233 0.5446169 -0.7661771 0.3411233 0.5446169 -0.7661771 0.3411233 0.5446169 -0.6785086 0.4929683 0.5446176 -0.6785086 0.4929683 0.5446176 -0.6785086 0.4929683 0.5446176 -0.6785086 0.4929683 0.5446176 -0.5611953 0.6232583 0.5446181 -0.5611953 0.6232583 0.5446181 -0.5611953 0.6232583 0.5446181 -0.5611953 0.6232583 0.5446181 -0.4193417 0.7263217 0.5446185 -0.4193417 0.7263217 0.5446185 -0.4193417 0.7263217 0.5446185 -0.4193417 0.7263217 0.5446185 -0.2591695 0.7976353 0.5446184 -0.2591695 0.7976353 0.5446184 -0.2591695 0.7976353 0.5446184 -0.2591695 0.7976353 0.5446184 -0.08766627 0.8340899 0.544618 -0.08766627 0.8340899 0.544618 -0.08766627 0.8340899 0.544618 -0.08766627 0.8340899 0.544618 0.0876667 0.8340897 0.5446181 0.0876667 0.8340897 0.5446181 0.0876667 0.8340897 0.5446181 0.0876667 0.8340897 0.5446181 0.25917 0.7976352 0.5446182 0.25917 0.7976352 0.5446182 0.25917 0.7976352 0.5446182 0.25917 0.7976352 0.5446182 0.4193427 0.7263216 0.5446179 0.4193427 0.7263216 0.5446179 0.4193427 0.7263216 0.5446179 0.4193427 0.7263216 0.5446179 0.5611859 0.6232662 0.5446187 0.5611859 0.6232662 0.5446187 0.5611859 0.6232662 0.5446187 0.5611859 0.6232662 0.5446187 0.6785134 0.4929604 0.5446188 0.6785134 0.4929604 0.5446188 0.6785134 0.4929604 0.5446188 0.6785134 0.4929604 0.5446188 0.7661755 0.3411258 0.5446176 0.7661755 0.3411258 0.5446176 0.7661755 0.3411258 0.5446176 0.7661755 0.3411258 0.5446176 0.8880058 -3.561227e-06 0.4598322 0.8880058 -3.561227e-06 0.4598322 0.8880058 -3.561227e-06 0.4598322 0.8880058 -3.561227e-06 0.4598322 0.8203577 0.1743699 0.5446176 0.8203577 0.1743699 0.5446176 0.8203577 0.1743699 0.5446176 0.8203577 0.1743699 0.5446176 0.8686013 -0.1846245 0.4598321 0.8686013 -0.1846245 0.4598321 0.8686013 -0.1846245 0.4598321 0.8686013 -0.1846245 0.4598321 0.7661791 -0.341118 0.5446174 0.7661791 -0.341118 0.5446174 0.7661791 -0.341118 0.5446174 0.7661791 -0.341118 0.5446174 0.6785081 -0.4929679 0.5446185 0.6785081 -0.4929679 0.5446185 0.6785081 -0.4929679 0.5446185 0.6785081 -0.4929679 0.5446185 0.5611853 -0.623267 0.5446185 0.5611853 -0.623267 0.5446185 0.5611853 -0.623267 0.5446185 0.5611853 -0.623267 0.5446185 0.4193422 -0.7263218 0.544618 0.4193422 -0.7263218 0.544618 0.4193422 -0.7263218 0.544618 0.4193422 -0.7263218 0.544618 0.2480676 -0.7634706 0.5963012 0.2480676 -0.7634706 0.5963012 0.2480676 -0.7634706 0.5963012 -0.4013781 -0.6952118 0.596302 -0.4013781 -0.6952118 0.596302 -0.4013781 -0.6952118 0.596302 -0.5371525 -0.5965658 0.5963023 -0.5371525 -0.5965658 0.5963023 -0.5371525 -0.5965658 0.5963023 -0.6494459 -0.471851 0.5963025 -0.6494459 -0.471851 0.5963025 -0.6494459 -0.471851 0.5963025 -0.8203545 -0.1743837 0.5446181 -0.8203545 -0.1743837 0.5446181 -0.8203545 -0.1743837 0.5446181 -0.8203545 -0.1743837 0.5446181 -0.733368 -0.3264903 0.5963015 -0.733368 -0.3264903 0.5963015 -0.733368 -0.3264903 0.5963015 -0.8386842 4.582288e-17 0.544618 -0.8386842 4.582288e-17 0.544618 -0.8386842 4.582288e-17 0.544618 -0.8386842 4.582288e-17 0.544618 -0.7852168 0.1669056 0.5963029 -0.7852168 0.1669056 0.5963029 -0.7852168 0.1669056 0.5963029 -0.7333586 0.3265089 0.5963028 -0.7333586 0.3265089 0.5963028 -0.7333586 0.3265089 0.5963028 -0.6494339 0.4718687 0.5963016 -0.6494339 0.4718687 0.5963016 -0.6494339 0.4718687 0.5963016 -0.5371669 0.5965534 0.5963017 -0.5371669 0.5965534 0.5963017 -0.5371669 0.5965534 0.5963017 -0.4013669 0.6952186 0.5963017 -0.4013669 0.6952186 0.5963017 -0.4013669 0.6952186 0.5963017 -0.2480778 0.7634668 0.5963018 -0.2480778 0.7634668 0.5963018 -0.2480778 0.7634668 0.5963018 -0.08391023 0.7983628 0.5963019 -0.08391023 0.7983628 0.5963019 -0.08391023 0.7983628 0.5963019 0.08391388 0.7983625 0.5963017 0.08391388 0.7983625 0.5963017 0.08391388 0.7983625 0.5963017 0.2480608 0.7634725 0.5963016 0.2480608 0.7634725 0.5963016 0.2480608 0.7634725 0.5963016 0.4013916 0.6952044 0.5963016 0.4013916 0.6952044 0.5963016 0.4013916 0.6952044 0.5963016 0.537152 0.5965678 0.5963007 0.537152 0.5965678 0.5963007 0.537152 0.5965678 0.5963007 0.6494472 0.4718518 0.5963005 0.6494472 0.4718518 0.5963005 0.6494472 0.4718518 0.5963005 0.7333492 0.3265324 0.5963015 0.7333492 0.3265324 0.5963015 0.7333492 0.3265324 0.5963015 0.838684 1.636532e-17 0.5446184 0.838684 1.636532e-17 0.5446184 0.838684 1.636532e-17 0.5446184 0.838684 1.636532e-17 0.5446184 0.7852237 0.1668781 0.5963015 0.7852237 0.1668781 0.5963015 0.7852237 0.1668781 0.5963015 0.8203578 -0.1743698 0.5446175 0.8203578 -0.1743698 0.5446175 0.8203578 -0.1743698 0.5446175 0.8203578 -0.1743698 0.5446175 0.7333574 -0.3265118 0.5963027 0.7333574 -0.3265118 0.5963027 0.7333574 -0.3265118 0.5963027 0.6494343 -0.4718683 0.5963015 0.6494343 -0.4718683 0.5963015 0.6494343 -0.4718683 0.5963015 0.5371521 -0.5965679 0.5963006 0.5371521 -0.5965679 0.5963006 0.5371521 -0.5965679 0.5963006 0.401381 -0.6952112 0.5963008 0.401381 -0.6952112 0.5963008 0.401381 -0.6952112 0.5963008 -0.7852123 -0.1669308 0.5963017 -0.7852123 -0.1669308 0.5963017 -0.7852123 -0.1669308 0.5963017 -0.8027594 4.909595e-17 0.5963031 -0.8027594 4.909595e-17 0.5963031 -0.8027594 4.909595e-17 0.5963031 0.8027616 -1.669262e-16 0.5963002 0.8027616 -1.669262e-16 0.5963002 0.8027616 -1.669262e-16 0.5963002 0.7852239 -0.1668773 0.5963015 0.7852239 -0.1668773 0.5963015 0.7852239 -0.1668773 0.5963015</float_array>
                    <technique_common>
                        <accessor count="1082" source="#ID62" stride="3">
                            <param name="X" type="float" />
                            <param name="Y" type="float" />
                            <param name="Z" type="float" />
                        </accessor>
                    </technique_common>
                </source>
                <vertices id="ID60">
                    <input semantic="POSITION" source="#ID58" />
                    <input semantic="NORMAL" source="#ID59" />
                </vertices>
                <triangles count="574" material="Material2">
                    <input offset="0" semantic="VERTEX" source="#ID60" />
                    <p>0 1 2 3 4 5 4 3 6 4 6 7 7 6 1 7 1 0 8 9 10 9 8 11 12 13 14 13 12 15 16 17 18 17 16 19 19 16 20 20 16 21 20 21 22 22 21 23 22 23 24 24 23 25 24 25 26 26 25 27 26 27 28 28 27 29 28 29 30 30 29 31 30 31 32 32 31 33 32 33 34 34 33 35 35 33 36 35 36 37 37 36 38 37 38 39 39 38 40 39 40 41 41 40 42 41 42 43 43 42 44 43 44 45 45 44 46 46 44 47 17 48 49 48 17 19 49 48 50 49 50 51 51 50 52 51 52 53 53 52 54 53 54 55 55 54 56 55 56 57 57 56 58 57 58 59 59 58 60 59 60 61 61 60 62 61 62 63 63 62 64 63 64 65 63 65 66 66 65 67 66 67 68 68 67 69 68 69 70 70 69 71 70 71 72 72 71 73 72 73 74 74 73 75 74 75 46 74 46 76 76 46 47 76 47 77 76 77 78 79 80 81 80 79 82 81 80 83 80 82 84 84 82 85 85 82 86 87 88 89 88 87 90 90 87 91 90 91 92 93 94 95 94 93 96 97 98 99 98 97 100 100 97 101 100 101 102 103 104 105 104 103 106 107 108 109 108 107 110 111 112 113 112 111 114 115 116 117 116 115 118 119 120 121 120 119 122 123 124 125 124 123 126 127 128 129 128 127 130 131 132 133 132 131 134 132 135 136 135 132 137 137 132 134 138 139 140 139 138 141 142 143 144 143 142 145 146 147 148 147 146 149 150 151 152 151 150 153 154 155 156 155 154 157 158 159 160 159 158 161 162 163 164 163 162 165 166 167 168 167 166 169 170 171 172 171 170 173 174 175 176 175 174 177 178 179 180 179 178 181 182 183 184 183 182 185 186 187 188 187 186 189 189 186 190 189 190 191 189 191 192 193 194 195 194 193 196 197 198 199 198 197 200 201 202 203 202 201 204 205 206 207 206 205 208 209 210 211 210 209 212 213 214 215 214 213 216 217 218 219 218 217 220 221 222 223 222 221 224 225 226 227 226 225 228 229 230 231 230 229 232 233 234 235 234 233 236 237 238 239 238 237 240 241 242 243 242 241 244 245 246 247 246 245 248 249 250 251 250 249 252 253 254 255 254 253 256 257 258 259 258 257 260 261 262 263 262 261 264 265 266 267 266 265 268 269 270 271 270 269 272 272 269 273 271 274 275 274 271 270 276 277 278 277 276 279 280 281 282 281 280 283 284 285 286 285 284 287 288 289 290 289 288 291 292 293 294 293 292 295 296 297 298 297 296 299 300 301 302 301 300 303 304 305 306 305 304 307 308 309 310 309 308 311 312 313 314 313 312 315 316 317 318 317 316 319 320 321 322 321 320 323 324 325 326 325 324 327 328 329 330 329 328 331 332 333 334 333 332 335 336 337 338 337 336 339 340 341 342 341 340 343 344 345 346 345 344 347 348 349 350 351 352 353 352 351 354 355 356 357 356 355 358 359 360 361 360 359 362 363 364 365 364 366 367 366 364 363 368 369 370 369 368 371 372 373 374 373 372 375 375 372 376 376 372 377 377 372 378 379 380 381 380 379 382 383 384 385 384 383 386 387 388 389 388 387 390 391 392 393 392 391 394 395 396 397 396 395 398 399 400 401 400 399 402 403 404 405 404 403 406 407 408 409 408 407 410 411 412 413 412 411 414 415 416 417 416 415 418 419 420 421 420 419 422 423 424 425 424 423 426 427 428 429 430 431 432 431 430 433 434 435 436 435 434 437 438 439 440 441 442 443 442 441 444 445 446 447 446 445 448 449 450 451 450 449 452 452 449 453 452 453 454 452 454 455 452 455 456 457 458 459 458 457 460 461 462 463 462 461 464 465 466 467 466 465 468 469 470 471 470 469 472 473 474 475 474 473 476 477 478 479 478 477 480 481 482 483 482 481 484 485 486 487 486 485 488 489 490 491 490 489 492 493 494 495 494 493 496 497 498 499 498 497 500 501 502 503 502 501 504 505 506 507 506 505 508 509 510 511 510 509 512 513 344 514 344 513 347 515 516 517 518 519 520 519 518 521 522 523 524 525 526 527 526 525 528 529 530 531 530 529 532 533 534 535 534 533 536 537 538 539 538 537 540 538 540 541 541 540 542 542 540 543 543 540 544 545 546 547 548 549 550 549 548 551 552 553 554 553 552 555 556 557 558 557 556 559 560 561 562 561 560 563 564 565 566 565 564 567 568 569 570 569 568 571 572 573 574 573 572 575 576 577 578 577 576 579 580 581 582 581 580 583 584 585 586 585 584 587 588 589 590 589 588 591 592 593 594 593 592 595 596 597 598 597 596 599 600 601 602 601 600 603 604 605 606 605 604 607 608 609 610 609 608 611 612 613 614 613 612 615 616 613 615 617 618 619 620 621 622 621 620 623 624 625 626 625 624 627 628 625 627 629 630 631 632 633 634 633 632 635 636 637 638 637 636 639 640 641 642 641 640 643 644 645 646 645 644 647 648 649 650 649 648 651 652 653 654 653 652 655 656 657 658 657 656 659 660 661 662 661 660 663 664 665 666 665 664 667 668 669 670 669 668 671 672 673 674 673 672 675 676 677 678 677 676 679 680 681 682 681 680 683 684 685 686 685 684 687 688 689 690 689 688 691 692 693 694 693 692 695 696 697 698 697 696 699 700 367 365 367 700 701 702 703 704 703 702 705 706 707 708 707 706 709 710 711 712 711 710 713 714 715 716 715 714 717 718 719 720 719 718 721 722 723 724 723 722 725 726 727 728 727 726 729 730 731 732 731 730 733 734 735 736 735 734 737 738 739 740 739 738 741 742 743 744 743 742 745 746 747 748 747 746 749 750 751 752 751 750 753 754 755 756 755 754 757 758 759 760 761 762 763 762 761 764 765 766 767 766 765 768 769 770 771 770 769 772 773 774 775 774 773 776 777 778 779 778 777 780 781 782 783 782 781 784 612 785 786 785 612 616 787 788 789 788 787 790 791 792 793 792 791 794 795 796 797 796 795 798 799 800 801 800 799 802 803 804 805 804 803 806 807 808 809 808 807 810 811 812 813 812 811 814 815 816 817 816 815 818 819 820 821 820 819 822 823 824 825 824 823 826 827 828 829 828 827 830 831 832 833 832 831 834 835 836 837 836 835 838 839 840 841 840 839 842 843 844 845 844 843 846 847 848 849 848 847 850 851 852 853 852 851 854 855 856 857 856 855 858 859 860 861 860 859 862 863 864 865 864 863 866 867 868 869 868 867 870 871 872 873 872 871 874 875 876 877 878 879 880 879 878 881 882 883 884 885 886 887 886 885 888 889 890 891 890 889 892 893 894 895 894 893 896 897 898 899 898 897 900 901 902 903 902 901 904 905 906 907 906 905 908 909 910 911 910 909 912 913 914 915 914 913 916 917 918 919 918 917 920 921 922 923 922 921 924 925 926 927 926 925 928 929 930 931 930 929 932 933 934 935 934 933 936 937 938 939 938 937 940 941 942 943 942 941 944 945 946 947 946 945 948 949 950 951 950 949 952 953 954 955 954 953 956 957 958 959 958 957 960 961 962 963 962 961 964 965 966 967 966 965 968 969 970 971 970 969 972 973 974 975 974 973 976 977 978 979 978 977 980 981 982 983 982 981 984 985 986 987 988 989 990 991 992 993 994 995 996 997 998 999 998 997 1000 1001 1002 1003 1004 1005 1006 1005 1004 1007 1008 1009 1010 1011 1012 1013 1014 1015 1016 1017 1018 1019 1020 1021 1022 1023 1024 1025 1026 1027 1028 1029 1030 1031 1032 1033 1034 1035 1036 1037 1038 1039 1040 1041 1042 1043 1044 1045 1046 1047 1048 1049 1048 1047 1050 1051 1052 1053 1054 1055 1056 1055 1054 1057 1058 1059 1060 1061 1062 1063 1064 1065 1066 1067 1068 1069 1070 1071 1072 1073 1074 1075 1076 1077 1078 1079 1080 1081</p>
                </triangles>
            </mesh>
        </geometry>
        <geometry id="ID63">
            <mesh>
                <source id="ID64">
                    <float_array id="ID67" count="1839">19.79811 -6.661338e-16 414.2531 24.83185 2.981889 410.5933 23.55385 3.313295 410.4102 23.55385 3.313295 410.4102 29.74748 5.758496 406.1386 27.27946 6.398496 405.785 24.83185 2.981889 410.5933 19.79811 -6.661338e-16 414.2531 23.55385 3.313295 410.4102 22.16715 3.517376 410.2114 25.95203 2.535887 410.7539 24.83185 2.981889 410.5933 19.79811 -6.661338e-16 414.2531 24.83185 2.981889 410.5933 31.91071 4.897197 406.4488 29.74748 5.758496 406.1386 25.95203 2.535887 410.7539 27.27946 6.398496 405.785 33.8236 7.846433 401.0484 30.46072 8.718488 400.5665 29.74748 5.758496 406.1386 22.16715 3.517376 410.2114 27.27946 6.398496 405.785 24.60151 6.79261 405.4012 23.55385 3.313295 410.4102 19.79811 -6.661338e-16 414.2531 22.16715 3.517376 410.2114 20.72502 3.586287 410.0047 26.87133 1.992433 410.8858 25.95203 2.535887 410.7539 19.79811 -6.661338e-16 414.2531 26.87133 1.992433 410.8858 31.91071 4.897197 406.4488 25.95203 2.535887 410.7539 33.68603 3.847702 406.7031 29.74748 5.758496 406.1386 36.77119 6.672843 401.4709 33.8236 7.846433 401.0484 31.91071 4.897197 406.4488 30.46072 8.718488 400.5665 36.96221 9.313228 396.2118 32.97069 10.3483 395.6398 33.8236 7.846433 401.0484 24.60151 6.79261 405.4012 30.46072 8.718488 400.5665 26.81178 9.2555 400.0437 27.27946 6.398496 405.785 20.72502 3.586287 410.0047 24.60151 6.79261 405.4012 21.81653 6.925681 405.002 22.16715 3.517376 410.2114 19.79811 -6.661338e-16 414.2531 20.72502 3.586287 410.0047 19.28289 3.517378 409.798 27.55443 1.372411 410.9835 26.87133 1.992433 410.8858 19.79811 -6.661338e-16 414.2531 27.55443 1.372411 410.9835 33.68603 3.847702 406.7031 26.87133 1.992433 410.8858 35.00521 2.650344 406.8921 31.91071 4.897197 406.4488 39.19021 5.242819 401.8177 36.77119 6.672843 401.4709 33.68603 3.847702 406.7031 33.8236 7.846433 401.0484 40.46083 7.920248 396.7134 36.96221 9.313228 396.2118 36.77119 6.672843 401.4709 36.96221 9.313228 396.2118 33.03334 10.04951 395.4969 32.97069 10.3483 395.6398 26.81178 9.2555 400.0437 32.97069 10.3483 395.6398 28.63962 10.9857 395.0193 30.46072 8.718488 400.5665 21.81653 6.925681 405.002 26.81178 9.2555 400.0437 23.01702 9.436823 399.5 24.60151 6.79261 405.4012 19.28289 3.517378 409.798 21.81653 6.925681 405.002 19.03157 6.79261 404.6031 20.72502 3.586287 410.0047 19.79811 -6.661338e-16 414.2531 19.28289 3.517378 409.798 17.89619 3.3133 409.5992 27.97508 0.699648 411.0437 27.55443 1.372411 410.9835 19.79811 -6.661338e-16 414.2531 27.97508 0.699648 411.0437 35.00521 2.650344 406.8921 27.55443 1.372411 410.9835 35.81756 1.351134 407.0087 35.00521 2.650344 406.8921 39.19021 5.242819 401.8177 33.68603 3.847702 406.7031 40.98772 3.611316 402.0752 36.77119 6.672843 401.4709 43.33205 6.222898 397.1248 40.46083 7.920248 396.7134 39.19021 5.242819 401.8177 40.46083 7.920248 396.7134 40.29008 7.6725 396.5449 36.96221 9.313228 396.2118 36.96221 9.313228 396.2118 36.9054 9.033472 396.0555 33.03334 10.04951 395.4969 33.03334 10.04951 395.4969 28.82267 10.67942 394.8902 32.97069 10.3483 395.6398 32.97069 10.3483 395.6398 28.82267 10.67942 394.8902 28.63962 10.9857 395.0193 23.01702 9.436823 399.5 28.63962 10.9857 395.0193 24.13547 11.20093 394.3736 26.81178 9.2555 400.0437 19.03157 6.79261 404.6031 23.01702 9.436823 399.5 19.22228 9.2555 398.9559 21.81653 6.925681 405.002 17.89619 3.3133 409.5992 19.03157 6.79261 404.6031 16.35361 6.3985 404.2193 19.28289 3.517378 409.798 28.11712 -4.218847e-15 411.0642 27.97508 0.699648 411.0437 19.79811 -6.661338e-16 414.2531 28.11712 -4.218847e-15 411.0642 35.81756 1.351134 407.0087 27.97508 0.699648 411.0437 36.09186 -6.661338e-16 407.048 35.81756 1.351134 407.0087 40.98772 3.611316 402.0752 35.00521 2.650344 406.8921 42.09461 1.841032 402.2339 39.19021 5.242819 401.8177 45.46555 4.286406 397.4307 43.33205 6.222898 397.1248 40.98772 3.611316 402.0752 43.33205 6.222898 397.1248 43.05953 6.020795 396.9457 40.46083 7.920248 396.7134 43.05953 6.020795 396.9457 40.29008 7.6725 396.5449 40.46083 7.920248 396.7134 40.29008 7.6725 396.5449 36.9054 9.033472 396.0555 36.96221 9.313228 396.2118 36.9054 9.033472 396.0555 33.07797 8.796059 395.8972 33.03334 10.04951 395.4969 36.47077 7.916244 396.3835 33.03334 10.04951 395.4969 29.39657 9.337846 395.3697 28.82267 10.67942 394.8902 33.07797 8.796059 395.8972 28.82267 10.67942 394.8902 24.43716 10.89707 394.2594 28.63962 10.9857 395.0193 28.63962 10.9857 395.0193 24.43716 10.89707 394.2594 24.13547 11.20093 394.3736 19.22228 9.2555 398.9559 24.13547 11.20093 394.3736 19.63135 10.9857 393.7283 23.01702 9.436823 399.5 16.35361 6.3985 404.2193 19.22228 9.2555 398.9559 15.57334 8.718492 398.4331 19.03157 6.79261 404.6031 28.11712 -4.218847e-15 411.0642 19.79811 -6.661338e-16 414.2531 27.97509 -0.699648 411.0437 35.81756 -1.351131 407.0087 28.11712 -4.218847e-15 411.0642 27.97509 -0.699648 411.0437 36.09186 -6.661338e-16 407.048 36.09186 -6.661338e-16 407.048 42.09461 1.841032 402.2339 35.81756 1.351134 407.0087 42.46835 -4.218847e-15 402.2874 42.09461 1.841032 402.2339 45.46555 4.286406 397.4307 40.98772 3.611316 402.0752 46.77937 2.185191 397.6189 45.46555 4.286406 397.4307 45.11154 4.142874 397.2429 43.33205 6.222898 397.1248 45.11154 4.142874 397.2429 43.05953 6.020795 396.9457 43.33205 6.222898 397.1248 40.29008 7.6725 396.5449 41.88512 5.289465 397.1594 39.44457 6.732213 396.8098 43.05953 6.020795 396.9457 36.9054 9.033472 396.0555 39.44457 6.732213 396.8098 36.47077 7.916244 396.3835 40.29008 7.6725 396.5449 36.47077 7.916244 396.3835 32.82447 7.243811 397.8087 33.07797 8.796059 395.8972 35.61854 6.51926 398.2091 33.07797 8.796059 395.8972 29.79273 7.689988 397.374 29.39657 9.337846 395.3697 32.82447 7.243811 397.8087 28.82267 10.67942 394.8902 25.56804 9.520783 394.8213 24.43716 10.89707 394.2594 29.39657 9.337846 395.3697 24.43716 10.89707 394.2594 20.04896 10.69271 393.629 24.13547 11.20093 394.3736 24.13547 11.20093 394.3736 20.04896 10.69271 393.629 19.63135 10.9857 393.7283 15.57334 8.718492 398.4331 19.63135 10.9857 393.7283 15.30029 10.34831 393.1075 19.22228 9.2555 398.9559 27.97509 -0.699648 411.0437 19.79811 -6.661338e-16 414.2531 27.55443 -1.372411 410.9835 35.00521 -2.650344 406.8921 27.97509 -0.699648 411.0437 27.55443 -1.372411 410.9835 35.81756 -1.351131 407.0087 42.09461 -1.84103 402.2339 36.09186 -6.661338e-16 407.048 35.81756 -1.351131 407.0087 42.46835 -4.218847e-15 402.2874 42.46835 -4.218847e-15 402.2874 46.77937 2.185191 397.6189 42.09461 1.841032 402.2339 47.22299 -2.442491e-15 397.6823 46.77937 2.185191 397.6189 46.37224 2.110537 397.4256 45.46555 4.286406 397.4307 46.37224 2.110537 397.4256 45.11154 4.142874 397.2429 45.46555 4.286406 397.4307 43.05953 6.020795 396.9457 43.69862 3.643446 397.4193 41.88512 5.289465 397.1594 45.11154 4.142874 397.2429 39.44457 6.732213 396.8098 40.0774 4.356031 398.848 38.06756 5.544177 398.5598 41.88512 5.289465 397.1594 39.44457 6.732213 396.8098 35.61854 6.51926 398.2091 36.47077 7.916244 396.3835 38.06756 5.544177 398.5598 20.4552 7.243815 396.0358 23.48691 -7.689988 396.4705 20.45517 -7.243811 396.0358 23.48694 7.689996 396.4705 26.63982 -7.840646 396.9224 26.63982 7.840646 396.9224 29.79273 -7.689992 397.374 29.79273 7.689988 397.374 32.82447 7.243811 397.8087 32.82447 -7.243815 397.8087 35.61854 6.51926 398.2091 35.61854 -6.51926 398.2091 38.06756 5.544177 398.5598 38.06756 -5.544173 398.5598 40.0774 4.356031 398.848 40.0774 -4.356031 398.848 41.57087 3.000486 399.0618 41.57087 -3.000483 399.0618 42.49055 1.529633 399.1937 42.49055 -1.529633 399.1937 42.80106 -2.442491e-15 399.2382 29.39657 9.337846 395.3697 26.63982 7.840646 396.9224 25.56804 9.520783 394.8213 29.79273 7.689988 397.374 24.43716 10.89707 394.2594 21.73955 9.33785 394.2724 20.04896 10.69271 393.629 25.56804 9.520783 394.8213 20.04896 10.69271 393.629 15.83144 10.07345 393.0242 19.63135 10.9857 393.7283 19.63135 10.9857 393.7283 15.83144 10.07345 393.0242 15.30029 10.34831 393.1075 27.55443 -1.372411 410.9835 19.79811 -6.661338e-16 414.2531 26.87133 -1.992433 410.8858 33.68603 -3.847705 406.7031 27.55443 -1.372411 410.9835 26.87133 -1.992433 410.8858 35.00521 -2.650344 406.8921 40.98772 -3.611314 402.0752 35.81756 -1.351131 407.0087 35.00521 -2.650344 406.8921 42.09461 -1.84103 402.2339 46.77937 -2.185191 397.6189 42.46835 -4.218847e-15 402.2874 42.09461 -1.84103 402.2339 47.22299 -2.442491e-15 397.6823 47.22299 -2.442491e-15 397.6823 46.79736 -2.442491e-15 397.4874 46.77937 2.185191 397.6189 46.79736 -2.442491e-15 397.4874 46.37224 2.110537 397.4256 46.77937 2.185191 397.6189 45.11154 4.142874 397.2429 44.81535 1.857412 397.5795 43.69862 3.643446 397.4193 46.37224 2.110537 397.4256 41.88512 5.289465 397.1594 41.57087 3.000486 399.0618 40.0774 4.356031 398.848 43.69862 3.643446 397.4193 29.79273 -7.689992 397.374 33.07796 -8.796059 395.8972 29.39656 -9.337846 395.3697 32.82447 -7.243815 397.8087 26.63982 -7.840646 396.9224 29.39656 -9.337846 395.3697 25.56804 -9.520783 394.8213 29.79273 -7.689992 397.374 23.48691 -7.689988 396.4705 25.56804 -9.520783 394.8213 21.7395 -9.337846 394.2724 26.63982 -7.840646 396.9224 20.45517 -7.243811 396.0358 21.7395 -9.337846 394.2724 18.0581 -8.796055 393.7449 23.48691 -7.689988 396.4705 18.05814 8.796063 393.7449 20.45517 -7.243811 396.0358 18.0581 -8.796055 393.7449 20.4552 7.243815 396.0358 21.73955 9.33785 394.2724 20.4552 7.243815 396.0358 18.05814 8.796063 393.7449 23.48694 7.689996 396.4705 25.56804 9.520783 394.8213 23.48694 7.689996 396.4705 21.73955 9.33785 394.2724 26.63982 7.840646 396.9224 43.69862 3.643446 397.4193 42.49055 1.529633 399.1937 41.57087 3.000486 399.0618 44.81535 1.857412 397.5795 44.81535 1.857412 397.5795 42.80106 -2.442491e-15 399.2382 42.49055 1.529633 399.1937 45.19244 -6.661338e-16 397.6335 42.80106 -2.442491e-15 399.2382 44.81535 -1.857409 397.5795 42.49055 -1.529633 399.1937 45.19244 -6.661338e-16 397.6335 42.49055 -1.529633 399.1937 43.69862 -3.643444 397.4193 41.57087 -3.000483 399.0618 44.81535 -1.857409 397.5795 41.57087 -3.000483 399.0618 41.88512 -5.289465 397.1594 40.0774 -4.356031 398.848 43.69862 -3.643444 397.4193 40.0774 -4.356031 398.848 39.44457 -6.732213 396.8098 38.06756 -5.544173 398.5598 41.88512 -5.289465 397.1594 35.61854 -6.51926 398.2091 39.44457 -6.732213 396.8098 36.47077 -7.916244 396.3835 38.06756 -5.544173 398.5598 32.82447 -7.243815 397.8087 36.47077 -7.916244 396.3835 33.07796 -8.796059 395.8972 35.61854 -6.51926 398.2091 20.04896 10.69271 393.629 18.05814 8.796063 393.7449 15.83144 10.07345 393.0242 21.73955 9.33785 394.2724 15.30029 10.34831 393.1075 15.8314 -10.07344 393.0242 15.30025 -10.3483 393.1075 15.83144 10.07345 393.0242 26.87133 -1.992433 410.8858 19.79811 -6.661338e-16 414.2531 25.95203 -2.535887 410.7539 31.91071 -4.897197 406.4488 26.87133 -1.992433 410.8858 25.95203 -2.535887 410.7539 33.68603 -3.847705 406.7031 39.19021 -5.242819 401.8177 35.00521 -2.650344 406.8921 33.68603 -3.847705 406.7031 40.98772 -3.611314 402.0752 45.46555 -4.286406 397.4307 42.09461 -1.84103 402.2339 40.98772 -3.611314 402.0752 46.77937 -2.185191 397.6189 47.22299 -2.442491e-15 397.6823 46.77937 -2.185191 397.6189 46.79736 -2.442491e-15 397.4874 46.37224 2.110537 397.4256 45.19244 -6.661338e-16 397.6335 44.81535 1.857412 397.5795 46.79736 -2.442491e-15 397.4874 29.39656 -9.337846 395.3697 33.03333 -10.04951 395.4969 28.82266 -10.67942 394.8902 33.07796 -8.796059 395.8972 25.56804 -9.520783 394.8213 28.82266 -10.67942 394.8902 24.43715 -10.89707 394.2594 29.39656 -9.337846 395.3697 21.7395 -9.337846 394.2724 24.43715 -10.89707 394.2594 20.04893 -10.6927 393.629 25.56804 -9.520783 394.8213 18.0581 -8.796055 393.7449 20.04893 -10.6927 393.629 15.8314 -10.07344 393.0242 21.7395 -9.337846 394.2724 15.83144 10.07345 393.0242 18.0581 -8.796055 393.7449 15.8314 -10.07344 393.0242 18.05814 8.796063 393.7449 45.19244 -6.661338e-16 397.6335 46.37224 -2.110537 397.4256 44.81535 -1.857409 397.5795 46.79736 -2.442491e-15 397.4874 44.81535 -1.857409 397.5795 45.11154 -4.142874 397.2429 43.69862 -3.643444 397.4193 46.37224 -2.110537 397.4256 43.69862 -3.643444 397.4193 43.05953 -6.020795 396.9457 41.88512 -5.289465 397.1594 45.11154 -4.142874 397.2429 41.88512 -5.289465 397.1594 40.29008 -7.6725 396.5449 39.44457 -6.732213 396.8098 43.05953 -6.020795 396.9457 39.44457 -6.732213 396.8098 36.90539 -9.033472 396.0555 36.47077 -7.916244 396.3835 40.29008 -7.6725 396.5449 33.07796 -8.796059 395.8972 36.90539 -9.033472 396.0555 33.03333 -10.04951 395.4969 36.47077 -7.916244 396.3835 19.63131 -10.9857 393.7283 15.30025 -10.3483 393.1075 15.8314 -10.07344 393.0242 25.95203 -2.535887 410.7539 19.79811 -6.661338e-16 414.2531 24.83185 -2.981889 410.5933 31.91071 -4.897197 406.4488 24.83185 -2.981889 410.5933 29.74748 -5.758496 406.1386 25.95203 -2.535887 410.7539 39.19021 -5.242819 401.8177 31.91071 -4.897197 406.4488 36.77119 -6.672843 401.4709 33.68603 -3.847705 406.7031 45.46555 -4.286406 397.4307 39.19021 -5.242819 401.8177 43.33205 -6.222898 397.1248 40.98772 -3.611314 402.0752 46.77937 -2.185191 397.6189 45.46555 -4.286406 397.4307 46.37224 -2.110537 397.4256 46.79736 -2.442491e-15 397.4874 46.77937 -2.185191 397.6189 46.37224 -2.110537 397.4256 33.03333 -10.04951 395.4969 32.97068 -10.34831 395.6398 28.82266 -10.67942 394.8902 28.82266 -10.67942 394.8902 28.63961 -10.9857 395.0193 24.43715 -10.89707 394.2594 24.43715 -10.89707 394.2594 24.13546 -11.20093 394.3736 20.04893 -10.6927 393.629 20.04893 -10.6927 393.629 19.63131 -10.9857 393.7283 15.8314 -10.07344 393.0242 46.37224 -2.110537 397.4256 45.46555 -4.286406 397.4307 45.11154 -4.142874 397.2429 45.11154 -4.142874 397.2429 43.33205 -6.222898 397.1248 43.05953 -6.020795 396.9457 43.05953 -6.020795 396.9457 40.46083 -7.920248 396.7134 40.29008 -7.6725 396.5449 40.29008 -7.6725 396.5449 36.96221 -9.313228 396.2118 36.90539 -9.033472 396.0555 36.96221 -9.313228 396.2118 33.03333 -10.04951 395.4969 36.90539 -9.033472 396.0555 19.63131 -10.9857 393.7283 15.5733 -8.718488 398.4331 15.30025 -10.3483 393.1075 19.22224 -9.255496 398.9559 19.79811 -6.661338e-16 414.2531 23.55385 -3.313298 410.4102 24.83185 -2.981889 410.5933 29.74748 -5.758496 406.1386 23.55385 -3.313298 410.4102 27.27946 -6.3985 405.785 24.83185 -2.981889 410.5933 36.77119 -6.672843 401.4709 29.74748 -5.758496 406.1386 33.82359 -7.846433 401.0484 31.91071 -4.897197 406.4488 43.33205 -6.222898 397.1248 36.77119 -6.672843 401.4709 40.46083 -7.920248 396.7134 39.19021 -5.242819 401.8177 45.46555 -4.286406 397.4307 43.33205 -6.222898 397.1248 45.11154 -4.142874 397.2429 32.97068 -10.34831 395.6398 28.63961 -10.9857 395.0193 28.82266 -10.67942 394.8902 36.96221 -9.313228 396.2118 32.97068 -10.34831 395.6398 33.03333 -10.04951 395.4969 28.63961 -10.9857 395.0193 24.13546 -11.20093 394.3736 24.43715 -10.89707 394.2594 24.13546 -11.20093 394.3736 19.63131 -10.9857 393.7283 20.04893 -10.6927 393.629 43.33205 -6.222898 397.1248 40.46083 -7.920248 396.7134 43.05953 -6.020795 396.9457 40.46083 -7.920248 396.7134 36.96221 -9.313228 396.2118 40.29008 -7.6725 396.5449 24.13546 -11.20093 394.3736 19.22224 -9.255496 398.9559 19.63131 -10.9857 393.7283 23.01701 -9.436823 399.5 19.22224 -9.255496 398.9559 16.35359 -6.398496 404.2193 15.5733 -8.718488 398.4331 19.03154 -6.79261 404.6031 19.79811 -6.661338e-16 414.2531 22.16714 -3.517378 410.2114 23.55385 -3.313298 410.4102 27.27946 -6.3985 405.785 22.16714 -3.517378 410.2114 24.6015 -6.79261 405.4012 23.55385 -3.313298 410.4102 33.82359 -7.846433 401.0484 27.27946 -6.3985 405.785 30.46072 -8.718488 400.5665 29.74748 -5.758496 406.1386 40.46083 -7.920248 396.7134 33.82359 -7.846433 401.0484 36.96221 -9.313228 396.2118 36.77119 -6.672843 401.4709 32.97068 -10.34831 395.6398 26.81178 -9.2555 400.0437 28.63961 -10.9857 395.0193 30.46072 -8.718488 400.5665 36.96221 -9.313228 396.2118 30.46072 -8.718488 400.5665 32.97068 -10.34831 395.6398 33.82359 -7.846433 401.0484 28.63961 -10.9857 395.0193 23.01701 -9.436823 399.5 24.13546 -11.20093 394.3736 26.81178 -9.2555 400.0437 23.01701 -9.436823 399.5 19.03154 -6.79261 404.6031 19.22224 -9.255496 398.9559 21.81652 -6.925685 405.002 19.03154 -6.79261 404.6031 17.89617 -3.313298 409.5992 16.35359 -6.398496 404.2193 19.28288 -3.517378 409.798 19.79811 -6.661338e-16 414.2531 20.72501 -3.586287 410.0047 22.16714 -3.517378 410.2114 24.6015 -6.79261 405.4012 20.72501 -3.586287 410.0047 21.81652 -6.925685 405.002 22.16714 -3.517378 410.2114 30.46072 -8.718488 400.5665 24.6015 -6.79261 405.4012 26.81178 -9.2555 400.0437 27.27946 -6.3985 405.785 26.81178 -9.2555 400.0437 21.81652 -6.925685 405.002 23.01701 -9.436823 399.5 24.6015 -6.79261 405.4012 21.81652 -6.925685 405.002 19.28288 -3.517378 409.798 19.03154 -6.79261 404.6031 20.72501 -3.586287 410.0047 19.79811 -6.661338e-16 414.2531 17.89617 -3.313298 409.5992 19.28288 -3.517378 409.798 19.79811 -6.661338e-16 414.2531 19.28288 -3.517378 409.798 20.72501 -3.586287 410.0047</float_array>
                    <technique_common>
                        <accessor count="613" source="#ID67" stride="3">
                            <param name="X" type="float" />
                            <param name="Y" type="float" />
                            <param name="Z" type="float" />
                        </accessor>
                    </technique_common>
                </source>
                <source id="ID65">
                    <float_array id="ID68" count="1839">0.08483791 0.7121315 0.6969012 0.08483791 0.7121315 0.6969012 0.08483791 0.7121315 0.6969012 0.1147097 0.7812821 0.6135471 0.1147097 0.7812821 0.6135471 0.1147097 0.7812821 0.6135471 0.1147097 0.7812821 0.6135471 0.01548881 0.7497403 0.6615509 0.01548881 0.7497403 0.6615509 0.01548881 0.7497403 0.6615509 0.1532769 0.6523102 0.7422921 0.1532769 0.6523102 0.7422921 0.1532769 0.6523102 0.7422921 0.1927501 0.7230453 0.6633648 0.1927501 0.7230453 0.6633648 0.1927501 0.7230453 0.6633648 0.1927501 0.7230453 0.6633648 0.1554397 0.864011 0.4788773 0.1554397 0.864011 0.4788773 0.1554397 0.864011 0.4788773 0.1554397 0.864011 0.4788773 0.03775713 0.8170046 0.5753936 0.03775713 0.8170046 0.5753936 0.03775713 0.8170046 0.5753936 0.03775713 0.8170046 0.5753936 -0.05457448 0.7688412 0.6371066 -0.05457448 0.7688412 0.6371066 -0.05457448 0.7688412 0.6371066 0.2196739 0.5646673 0.7955465 0.2196739 0.5646673 0.7955465 0.2196739 0.5646673 0.7955465 0.2714076 0.6345376 0.7236711 0.2714076 0.6345376 0.7236711 0.2714076 0.6345376 0.7236711 0.2714076 0.6345376 0.7236711 0.2468841 0.8110252 0.5303644 0.2468841 0.8110252 0.5303644 0.2468841 0.8110252 0.5303644 0.2468841 0.8110252 0.5303644 0.1784259 0.9034601 0.3897743 0.1784259 0.9034601 0.3897743 0.1784259 0.9034601 0.3897743 0.1784259 0.9034601 0.3897743 0.06872478 0.8953824 0.4399628 0.06872478 0.8953824 0.4399628 0.06872478 0.8953824 0.4399628 0.06872478 0.8953824 0.4399628 -0.03878263 0.834986 0.5489029 -0.03878263 0.834986 0.5489029 -0.03878263 0.834986 0.5489029 -0.03878263 0.834986 0.5489029 -0.1262477 0.7714347 0.6236586 -0.1262477 0.7714347 0.6236586 -0.1262477 0.7714347 0.6236586 0.2805148 0.4431354 0.8514355 0.2805148 0.4431354 0.8514355 0.2805148 0.4431354 0.8514355 0.3466663 0.5064821 0.7894925 0.3466663 0.5064821 0.7894925 0.3466663 0.5064821 0.7894925 0.3466663 0.5064821 0.7894925 0.3440723 0.7263158 0.5950458 0.3440723 0.7263158 0.5950458 0.3440723 0.7263158 0.5950458 0.3440723 0.7263158 0.5950458 0.2773013 0.8545638 0.4391181 0.2773013 0.8545638 0.4391181 0.2773013 0.8545638 0.4391181 0.2773013 0.8545638 0.4391181 0.2416403 0.4594747 -0.8546888 0.2416403 0.4594747 -0.8546888 0.2416403 0.4594747 -0.8546888 0.08664753 0.9318287 0.3524023 0.08664753 0.9318287 0.3524023 0.08664753 0.9318287 0.3524023 0.08664753 0.9318287 0.3524023 -0.01556346 0.9108984 0.4123371 -0.01556346 0.9108984 0.4123371 -0.01556346 0.9108984 0.4123371 -0.01556346 0.9108984 0.4123371 -0.1164664 0.8376076 0.5337125 -0.1164664 0.8376076 0.5337125 -0.1164664 0.8376076 0.5337125 -0.1164664 0.8376076 0.5337125 -0.2005528 0.7575083 0.6212566 -0.2005528 0.7575083 0.6212566 -0.2005528 0.7575083 0.6212566 0.328771 0.2861497 0.9000156 0.328771 0.2861497 0.9000156 0.328771 0.2861497 0.9000156 0.4095508 0.3322566 0.8496315 0.4095508 0.3322566 0.8496315 0.4095508 0.3322566 0.8496315 0.4095508 0.3322566 0.8496315 0.4439659 0.5948897 0.670075 0.4439659 0.5948897 0.670075 0.4439659 0.5948897 0.670075 0.4439659 0.5948897 0.670075 0.3856544 0.7740938 0.5020452 0.3856544 0.7740938 0.5020452 0.3856544 0.7740938 0.5020452 0.3856544 0.7740938 0.5020452 0.283541 0.3979893 -0.8724729 0.283541 0.3979893 -0.8724729 0.283541 0.3979893 -0.8724729 0.2395682 0.4360051 -0.8674714 0.2395682 0.4360051 -0.8674714 0.2395682 0.4360051 -0.8674714 0.1933884 0.4560517 -0.8686874 0.1933884 0.4560517 -0.8686874 0.1933884 0.4560517 -0.8686874 0.1930308 0.4768964 -0.8575015 0.1930308 0.4768964 -0.8575015 0.1930308 0.4768964 -0.8575015 -0.001410105 0.9456691 0.3251275 -0.001410105 0.9456691 0.3251275 -0.001410105 0.9456691 0.3251275 -0.001410105 0.9456691 0.3251275 -0.1002356 0.9132328 0.3949159 -0.1002356 0.9132328 0.3949159 -0.1002356 0.9132328 0.3949159 -0.1002356 0.9132328 0.3949159 -0.1973294 0.8249418 0.5296528 -0.1973294 0.8249418 0.5296528 -0.1973294 0.8249418 0.5296528 -0.1973294 0.8249418 0.5296528 0.3561623 0.09949326 0.9291122 0.3561623 0.09949326 0.9291122 0.3561623 0.09949326 0.9291122 0.4467192 0.1165607 0.8870488 0.4467192 0.1165607 0.8870488 0.4467192 0.1165607 0.8870488 0.4467192 0.1165607 0.8870488 0.5345958 0.4009561 0.7439365 0.5345958 0.4009561 0.7439365 0.5345958 0.4009561 0.7439365 0.5345958 0.4009561 0.7439365 0.5018117 0.6440421 0.5774035 0.5018117 0.6440421 0.5774035 0.5018117 0.6440421 0.5774035 0.5018117 0.6440421 0.5774035 0.3273361 0.3400272 -0.8816079 0.3273361 0.3400272 -0.8816079 0.3273361 0.3400272 -0.8816079 0.3393126 0.3578379 -0.8699535 0.3393126 0.3578379 -0.8699535 0.3393126 0.3578379 -0.8699535 0.2931444 0.4202532 -0.8587512 0.2931444 0.4202532 -0.8587512 0.2931444 0.4202532 -0.8587512 0.05807497 -0.3019049 -0.9515675 0.05807497 -0.3019049 -0.9515675 0.05807497 -0.3019049 -0.9515675 0.05807497 -0.3019049 -0.9515675 0.09191512 -0.3000441 -0.9494868 0.09191512 -0.3000441 -0.9494868 0.09191512 -0.3000441 -0.9494868 0.09191512 -0.3000441 -0.9494868 0.1487652 0.4583414 -0.8762375 0.1487652 0.4583414 -0.8762375 0.1487652 0.4583414 -0.8762375 0.1471404 0.4725879 -0.8689133 0.1471404 0.4725879 -0.8689133 0.1471404 0.4725879 -0.8689133 -0.08922711 0.9476314 0.3066484 -0.08922711 0.9476314 0.3066484 -0.08922711 0.9476314 0.3066484 -0.08922711 0.9476314 0.3066484 -0.18832 0.9025324 0.3872608 -0.18832 0.9025324 0.3872608 -0.18832 0.9025324 0.3872608 -0.18832 0.9025324 0.3872608 0.3561624 -0.09949127 0.9291124 0.3561624 -0.09949127 0.9291124 0.3561624 -0.09949127 0.9291124 0.4467193 -0.1165593 0.8870489 0.4467193 -0.1165593 0.8870489 0.4467193 -0.1165593 0.8870489 0.4467193 -0.1165593 0.8870489 0.5920744 0.1432759 0.7930447 0.5920744 0.1432759 0.7930447 0.5920744 0.1432759 0.7930447 0.5920744 0.1432759 0.7930447 0.612858 0.4418863 0.655089 0.612858 0.4418863 0.655089 0.612858 0.4418863 0.655089 0.612858 0.4418863 0.655089 0.366719 0.2630618 -0.8923652 0.366719 0.2630618 -0.8923652 0.366719 0.2630618 -0.8923652 0.3784189 0.2735293 -0.8842968 0.3784189 0.2735293 -0.8842968 0.3784189 0.2735293 -0.8842968 -0.01465847 -0.2588854 -0.9657968 -0.01465847 -0.2588854 -0.9657968 -0.01465847 -0.2588854 -0.9657968 -0.01465847 -0.2588854 -0.9657968 0.02197282 -0.2894338 -0.9569458 0.02197282 -0.2894338 -0.9569458 0.02197282 -0.2894338 -0.9569458 0.02197282 -0.2894338 -0.9569458 -0.1072779 -0.7647771 -0.6353011 -0.1072779 -0.7647771 -0.6353011 -0.1072779 -0.7647771 -0.6353011 -0.1072779 -0.7647771 -0.6353011 -0.02338472 -0.7745201 -0.6321169 -0.02338472 -0.7745201 -0.6321169 -0.02338472 -0.7745201 -0.6321169 -0.02338472 -0.7745201 -0.6321169 0.1223672 -0.2872383 -0.9500108 0.1223672 -0.2872383 -0.9500108 0.1223672 -0.2872383 -0.9500108 0.1223672 -0.2872383 -0.9500108 0.1074359 0.4414089 -0.8908511 0.1074359 0.4414089 -0.8908511 0.1074359 0.4414089 -0.8908511 0.105435 0.4508809 -0.8863351 0.105435 0.4508809 -0.8863351 0.105435 0.4508809 -0.8863351 -0.1804911 0.9378888 0.2962898 -0.1804911 0.9378888 0.2962898 -0.1804911 0.9378888 0.2962898 -0.1804911 0.9378888 0.2962898 0.3287705 -0.2861513 0.9000152 0.3287705 -0.2861513 0.9000152 0.3287705 -0.2861513 0.9000152 0.4095506 -0.3322574 0.8496313 0.4095506 -0.3322574 0.8496313 0.4095506 -0.3322574 0.8496313 0.4095506 -0.3322574 0.8496313 0.5920745 -0.1432756 0.7930447 0.5920745 -0.1432756 0.7930447 0.5920745 -0.1432756 0.7930447 0.5920745 -0.1432756 0.7930447 0.6867524 0.1600078 0.7090618 0.6867524 0.1600078 0.7090618 0.6867524 0.1600078 0.7090618 0.6867524 0.1600078 0.7090618 0.3975608 0.1677871 -0.9021047 0.3975608 0.1677871 -0.9021047 0.3975608 0.1677871 -0.9021047 0.4065121 0.1715061 -0.8974038 0.4065121 0.1715061 -0.8974038 0.4065121 0.1715061 -0.8974038 -0.0485328 -0.2076851 -0.976991 -0.0485328 -0.2076851 -0.976991 -0.0485328 -0.2076851 -0.976991 -0.0485328 -0.2076851 -0.976991 -0.2956396 -0.6660988 -0.6847697 -0.2956396 -0.6660988 -0.6847697 -0.2956396 -0.6660988 -0.6847697 -0.2956396 -0.6660988 -0.6847697 -0.1978295 -0.7316765 -0.6523135 -0.1978295 -0.7316765 -0.6523135 -0.1978295 -0.7316765 -0.6523135 -0.1978295 -0.7316765 -0.6523135 0.1418544 -9.709836e-08 -0.9898875 0.1418544 -9.709836e-08 -0.9898875 0.1418544 -9.709836e-08 -0.9898875 0.1418544 -9.709836e-08 -0.9898875 0.1418544 -9.709836e-08 -0.9898875 0.1418544 -9.709836e-08 -0.9898875 0.1418544 -9.709836e-08 -0.9898875 0.1418544 -9.709836e-08 -0.9898875 0.1418544 -9.709836e-08 -0.9898875 0.1418544 -9.709836e-08 -0.9898875 0.1418544 -9.709836e-08 -0.9898875 0.1418544 -9.709836e-08 -0.9898875 0.1418544 -9.709836e-08 -0.9898875 0.1418544 -9.709836e-08 -0.9898875 0.1418544 -9.709836e-08 -0.9898875 0.1418544 -9.709836e-08 -0.9898875 0.1418544 -9.709836e-08 -0.9898875 0.1418544 -9.709836e-08 -0.9898875 0.1418544 -9.709836e-08 -0.9898875 0.1418544 -9.709836e-08 -0.9898875 0.1418544 -9.709836e-08 -0.9898875 0.05515801 -0.7659081 -0.6405797 0.05515801 -0.7659081 -0.6405797 0.05515801 -0.7659081 -0.6405797 0.05515801 -0.7659081 -0.6405797 0.1492236 -0.2661088 -0.9523226 0.1492236 -0.2661088 -0.9523226 0.1492236 -0.2661088 -0.9523226 0.1492236 -0.2661088 -0.9523226 0.07041932 0.4089435 -0.9098386 0.07041932 0.4089435 -0.9098386 0.07041932 0.4089435 -0.9098386 0.06988983 0.4106033 -0.9091316 0.06988983 0.4106033 -0.9091316 0.06988983 0.4106033 -0.9091316 0.2805152 -0.4431342 0.851436 0.2805152 -0.4431342 0.851436 0.2805152 -0.4431342 0.851436 0.3466667 -0.5064813 0.7894928 0.3466667 -0.5064813 0.7894928 0.3466667 -0.5064813 0.7894928 0.3466667 -0.5064813 0.7894928 0.5345958 -0.4009565 0.7439363 0.5345958 -0.4009565 0.7439363 0.5345958 -0.4009565 0.7439363 0.5345958 -0.4009565 0.7439363 0.6867524 -0.1600079 0.7090618 0.6867524 -0.1600079 0.7090618 0.6867524 -0.1600079 0.7090618 0.6867524 -0.1600079 0.7090618 0.4156024 0.05804325 -0.9076925 0.4156024 0.05804325 -0.9076925 0.4156024 0.05804325 -0.9076925 0.4195011 0.05796761 -0.9059021 0.4195011 0.05796761 -0.9059021 0.4195011 0.05796761 -0.9059021 -0.07548574 -0.1357101 -0.9878688 -0.07548574 -0.1357101 -0.9878688 -0.07548574 -0.1357101 -0.9878688 -0.07548574 -0.1357101 -0.9878688 -0.3976362 -0.5535641 -0.7317461 -0.3976362 -0.5535641 -0.7317461 -0.3976362 -0.5535641 -0.7317461 -0.3976362 -0.5535641 -0.7317461 -0.02338496 0.7745209 -0.6321159 -0.02338496 0.7745209 -0.6321159 -0.02338496 0.7745209 -0.6321159 -0.02338496 0.7745209 -0.6321159 0.05515832 0.7659083 -0.6405794 0.05515832 0.7659083 -0.6405794 0.05515832 0.7659083 -0.6405794 0.05515832 0.7659083 -0.6405794 0.1298456 0.7410432 -0.658783 0.1298456 0.7410432 -0.658783 0.1298456 0.7410432 -0.658783 0.1298456 0.7410432 -0.658783 0.2012283 0.7002332 -0.6849676 0.2012283 0.7002332 -0.6849676 0.2012283 0.7002332 -0.6849676 0.2012283 0.7002332 -0.6849676 0.6909237 -1.528391e-06 -0.7229277 0.6909237 -1.528391e-06 -0.7229277 0.6909237 -1.528391e-06 -0.7229277 0.6909237 -1.528391e-06 -0.7229277 0.201228 -0.7002338 -0.684967 0.201228 -0.7002338 -0.684967 0.201228 -0.7002338 -0.684967 0.201228 -0.7002338 -0.684967 0.1298456 -0.7410438 -0.6587824 0.1298456 -0.7410438 -0.6587824 0.1298456 -0.7410438 -0.6587824 0.1298456 -0.7410438 -0.6587824 -0.4915598 -0.3777361 -0.7846556 -0.4915598 -0.3777361 -0.7846556 -0.4915598 -0.3777361 -0.7846556 -0.4915598 -0.3777361 -0.7846556 -0.5520338 -0.1359721 -0.8226605 -0.5520338 -0.1359721 -0.8226605 -0.5520338 -0.1359721 -0.8226605 -0.5520338 -0.1359721 -0.8226605 -0.5520338 0.1359723 -0.8226605 -0.5520338 0.1359723 -0.8226605 -0.5520338 0.1359723 -0.8226605 -0.5520338 0.1359723 -0.8226605 -0.4915599 0.3777363 -0.7846554 -0.4915599 0.3777363 -0.7846554 -0.4915599 0.3777363 -0.7846554 -0.4915599 0.3777363 -0.7846554 -0.3976365 0.5535636 -0.7317462 -0.3976365 0.5535636 -0.7317462 -0.3976365 0.5535636 -0.7317462 -0.3976365 0.5535636 -0.7317462 -0.2956391 0.6660988 -0.6847699 -0.2956391 0.6660988 -0.6847699 -0.2956391 0.6660988 -0.6847699 -0.2956391 0.6660988 -0.6847699 -0.1978297 0.731676 -0.6523141 -0.1978297 0.731676 -0.6523141 -0.1978297 0.731676 -0.6523141 -0.1978297 0.731676 -0.6523141 -0.1072784 0.7647774 -0.6353006 -0.1072784 0.7647774 -0.6353006 -0.1072784 0.7647774 -0.6353006 -0.1072784 0.7647774 -0.6353006 0.1721313 -0.2390769 -0.9556218 0.1721313 -0.2390769 -0.9556218 0.1721313 -0.2390769 -0.9556218 0.1721313 -0.2390769 -0.9556218 -0.1549833 1.238021e-06 -0.9879171 -0.1549833 1.238021e-06 -0.9879171 -0.1549833 1.238021e-06 -0.9879171 -0.1549833 1.238021e-06 -0.9879171 0.2196734 -0.564668 0.7955461 0.2196734 -0.564668 0.7955461 0.2196734 -0.564668 0.7955461 0.2714071 -0.6345383 0.7236708 0.2714071 -0.6345383 0.7236708 0.2714071 -0.6345383 0.7236708 0.2714071 -0.6345383 0.7236708 0.4439664 -0.5948892 0.6700751 0.4439664 -0.5948892 0.6700751 0.4439664 -0.5948892 0.6700751 0.4439664 -0.5948892 0.6700751 0.6128579 -0.4418862 0.6550891 0.6128579 -0.4418862 0.6550891 0.6128579 -0.4418862 0.6550891 0.6128579 -0.4418862 0.6550891 0.4156024 -0.05804325 -0.9076925 0.4156024 -0.05804325 -0.9076925 0.4156024 -0.05804325 -0.9076925 -0.09059575 -0.04733704 -0.9947621 -0.09059575 -0.04733704 -0.9947621 -0.09059575 -0.04733704 -0.9947621 -0.09059575 -0.04733704 -0.9947621 0.09191513 0.3000441 -0.9494868 0.09191513 0.3000441 -0.9494868 0.09191513 0.3000441 -0.9494868 0.09191513 0.3000441 -0.9494868 0.1223669 0.2872381 -0.9500109 0.1223669 0.2872381 -0.9500109 0.1223669 0.2872381 -0.9500109 0.1223669 0.2872381 -0.9500109 0.1492229 0.2661092 -0.9523226 0.1492229 0.2661092 -0.9523226 0.1492229 0.2661092 -0.9523226 0.1492229 0.2661092 -0.9523226 0.1721371 0.2390817 -0.9556196 0.1721371 0.2390817 -0.9556196 0.1721371 0.2390817 -0.9556196 0.1721371 0.2390817 -0.9556196 0.3079308 4.15336e-07 -0.9514088 0.3079308 4.15336e-07 -0.9514088 0.3079308 4.15336e-07 -0.9514088 0.3079308 4.15336e-07 -0.9514088 -0.09059571 0.04733706 -0.9947621 -0.09059571 0.04733706 -0.9947621 -0.09059571 0.04733706 -0.9947621 -0.09059571 0.04733706 -0.9947621 -0.07548556 0.1357099 -0.9878688 -0.07548556 0.1357099 -0.9878688 -0.07548556 0.1357099 -0.9878688 -0.07548556 0.1357099 -0.9878688 -0.04853271 0.2076849 -0.9769911 -0.04853271 0.2076849 -0.9769911 -0.04853271 0.2076849 -0.9769911 -0.04853271 0.2076849 -0.9769911 -0.01465847 0.2588854 -0.9657968 -0.01465847 0.2588854 -0.9657968 -0.01465847 0.2588854 -0.9657968 -0.01465847 0.2588854 -0.9657968 0.02197283 0.2894337 -0.9569458 0.02197283 0.2894337 -0.9569458 0.02197283 0.2894337 -0.9569458 0.02197283 0.2894337 -0.9569458 0.05807496 0.3019047 -0.9515676 0.05807496 0.3019047 -0.9515676 0.05807496 0.3019047 -0.9515676 0.05807496 0.3019047 -0.9515676 0.06987185 -0.4106877 -0.9090949 0.06987185 -0.4106877 -0.9090949 0.06987185 -0.4106877 -0.9090949 0.1532769 -0.6523102 0.7422921 0.1532769 -0.6523102 0.7422921 0.1532769 -0.6523102 0.7422921 0.1927501 -0.7230453 0.6633648 0.1927501 -0.7230453 0.6633648 0.1927501 -0.7230453 0.6633648 0.1927501 -0.7230453 0.6633648 0.3440722 -0.7263161 0.5950456 0.3440722 -0.7263161 0.5950456 0.3440722 -0.7263161 0.5950456 0.3440722 -0.7263161 0.5950456 0.5018118 -0.6440418 0.5774037 0.5018118 -0.6440418 0.5774037 0.5018118 -0.6440418 0.5774037 0.5018118 -0.6440418 0.5774037 0.3975608 -0.1677871 -0.9021047 0.3975608 -0.1677871 -0.9021047 0.3975608 -0.1677871 -0.9021047 0.4195011 -0.05796761 -0.9059021 0.4195011 -0.05796761 -0.9059021 0.4195011 -0.05796761 -0.9059021 0.1933882 -0.4560468 -0.86869 0.1933882 -0.4560468 -0.86869 0.1933882 -0.4560468 -0.86869 0.1487653 -0.458343 -0.8762366 0.1487653 -0.458343 -0.8762366 0.1487653 -0.458343 -0.8762366 0.1074343 -0.4414101 -0.8908507 0.1074343 -0.4414101 -0.8908507 0.1074343 -0.4414101 -0.8908507 0.07042558 -0.4089519 -0.9098344 0.07042558 -0.4089519 -0.9098344 0.07042558 -0.4089519 -0.9098344 0.4065121 -0.1715061 -0.8974038 0.4065121 -0.1715061 -0.8974038 0.4065121 -0.1715061 -0.8974038 0.3784189 -0.2735293 -0.8842968 0.3784189 -0.2735293 -0.8842968 0.3784189 -0.2735293 -0.8842968 0.3393126 -0.3578379 -0.8699535 0.3393126 -0.3578379 -0.8699535 0.3393126 -0.3578379 -0.8699535 0.2931431 -0.4202503 -0.858753 0.2931431 -0.4202503 -0.858753 0.2931431 -0.4202503 -0.858753 0.2395675 -0.4360026 -0.8674728 0.2395675 -0.4360026 -0.8674728 0.2395675 -0.4360026 -0.8674728 -0.1804916 -0.9378887 0.2962895 -0.1804916 -0.9378887 0.2962895 -0.1804916 -0.9378887 0.2962895 -0.1804916 -0.9378887 0.2962895 0.08483891 -0.7121307 0.6969019 0.08483891 -0.7121307 0.6969019 0.08483891 -0.7121307 0.6969019 0.1147107 -0.7812814 0.6135478 0.1147107 -0.7812814 0.6135478 0.1147107 -0.7812814 0.6135478 0.1147107 -0.7812814 0.6135478 0.2468839 -0.8110254 0.5303642 0.2468839 -0.8110254 0.5303642 0.2468839 -0.8110254 0.5303642 0.2468839 -0.8110254 0.5303642 0.3856544 -0.7740938 0.5020452 0.3856544 -0.7740938 0.5020452 0.3856544 -0.7740938 0.5020452 0.3856544 -0.7740938 0.5020452 0.366719 -0.2630618 -0.8923652 0.366719 -0.2630618 -0.8923652 0.366719 -0.2630618 -0.8923652 0.1930305 -0.4768983 -0.8575006 0.1930305 -0.4768983 -0.8575006 0.1930305 -0.4768983 -0.8575006 0.2416394 -0.4594698 -0.8546917 0.2416394 -0.4594698 -0.8546917 0.2416394 -0.4594698 -0.8546917 0.1471405 -0.4725898 -0.8689123 0.1471405 -0.4725898 -0.8689123 0.1471405 -0.4725898 -0.8689123 0.1054337 -0.4508806 -0.8863354 0.1054337 -0.4508806 -0.8863354 0.1054337 -0.4508806 -0.8863354 0.3273361 -0.3400272 -0.8816079 0.3273361 -0.3400272 -0.8816079 0.3273361 -0.3400272 -0.8816079 0.283541 -0.3979893 -0.8724729 0.283541 -0.3979893 -0.8724729 0.283541 -0.3979893 -0.8724729 -0.08922724 -0.9476314 0.3066484 -0.08922724 -0.9476314 0.3066484 -0.08922724 -0.9476314 0.3066484 -0.08922724 -0.9476314 0.3066484 -0.1883205 -0.9025322 0.3872608 -0.1883205 -0.9025322 0.3872608 -0.1883205 -0.9025322 0.3872608 -0.1883205 -0.9025322 0.3872608 0.01548871 -0.7497401 0.6615511 0.01548871 -0.7497401 0.6615511 0.01548871 -0.7497401 0.6615511 0.03775623 -0.817005 0.5753932 0.03775623 -0.817005 0.5753932 0.03775623 -0.817005 0.5753932 0.03775623 -0.817005 0.5753932 0.1554403 -0.8640109 0.4788773 0.1554403 -0.8640109 0.4788773 0.1554403 -0.8640109 0.4788773 0.1554403 -0.8640109 0.4788773 0.2773011 -0.8545638 0.4391181 0.2773011 -0.8545638 0.4391181 0.2773011 -0.8545638 0.4391181 0.2773011 -0.8545638 0.4391181 0.08664699 -0.9318288 0.3524024 0.08664699 -0.9318288 0.3524024 0.08664699 -0.9318288 0.3524024 0.08664699 -0.9318288 0.3524024 0.1784262 -0.9034599 0.3897747 0.1784262 -0.9034599 0.3897747 0.1784262 -0.9034599 0.3897747 0.1784262 -0.9034599 0.3897747 -0.001410106 -0.9456691 0.3251275 -0.001410106 -0.9456691 0.3251275 -0.001410106 -0.9456691 0.3251275 -0.001410106 -0.9456691 0.3251275 -0.1002359 -0.913233 0.3949155 -0.1002359 -0.913233 0.3949155 -0.1002359 -0.913233 0.3949155 -0.1002359 -0.913233 0.3949155 -0.1973307 -0.8249413 0.5296531 -0.1973307 -0.8249413 0.5296531 -0.1973307 -0.8249413 0.5296531 -0.1973307 -0.8249413 0.5296531 -0.05457557 -0.7688412 0.6371065 -0.05457557 -0.7688412 0.6371065 -0.05457557 -0.7688412 0.6371065 -0.03878196 -0.8349858 0.5489031 -0.03878196 -0.8349858 0.5489031 -0.03878196 -0.8349858 0.5489031 -0.03878196 -0.8349858 0.5489031 0.06872434 -0.8953826 0.4399624 0.06872434 -0.8953826 0.4399624 0.06872434 -0.8953826 0.4399624 0.06872434 -0.8953826 0.4399624 -0.01556297 -0.9108985 0.412337 -0.01556297 -0.9108985 0.412337 -0.01556297 -0.9108985 0.412337 -0.01556297 -0.9108985 0.412337 -0.1164666 -0.8376074 0.5337128 -0.1164666 -0.8376074 0.5337128 -0.1164666 -0.8376074 0.5337128 -0.1164666 -0.8376074 0.5337128 -0.2005546 -0.7575075 0.621257 -0.2005546 -0.7575075 0.621257 -0.2005546 -0.7575075 0.621257 -0.1262471 -0.7714346 0.6236589 -0.1262471 -0.7714346 0.6236589 -0.1262471 -0.7714346 0.6236589</float_array>
                    <technique_common>
                        <accessor count="613" source="#ID68" stride="3">
                            <param name="X" type="float" />
                            <param name="Y" type="float" />
                            <param name="Z" type="float" />
                        </accessor>
                    </technique_common>
                </source>
                <vertices id="ID66">
                    <input semantic="POSITION" source="#ID64" />
                    <input semantic="NORMAL" source="#ID65" />
                </vertices>
                <triangles count="285" material="Material2">
                    <input offset="0" semantic="VERTEX" source="#ID66" />
                    <p>0 1 2 3 4 5 4 3 6 7 8 9 10 11 12 13 14 15 14 13 16 17 18 19 18 17 20 21 22 23 22 21 24 25 26 27 28 29 30 31 32 33 32 31 34 35 36 37 36 35 38 39 40 41 40 39 42 43 44 45 44 43 46 47 48 49 48 47 50 51 52 53 54 55 56 57 58 59 58 57 60 61 62 63 62 61 64 65 66 67 66 65 68 69 70 71 72 73 74 73 72 75 76 77 78 77 76 79 80 81 82 81 80 83 84 85 86 87 88 89 90 91 92 91 90 93 94 95 96 95 94 97 98 99 100 99 98 101 102 103 104 105 106 107 108 109 110 111 112 113 114 115 116 115 114 117 118 119 120 119 118 121 122 123 124 123 122 125 126 127 128 129 130 131 130 129 132 133 134 135 134 133 136 137 138 139 138 137 140 141 142 143 144 145 146 147 148 149 150 151 152 151 150 153 154 155 156 155 154 157 158 159 160 161 162 163 164 165 166 165 164 167 168 169 170 169 168 171 172 173 174 175 176 177 176 175 178 179 180 181 180 179 182 183 184 185 184 183 186 187 188 189 190 191 192 193 194 195 194 193 196 197 198 199 198 197 200 201 202 203 202 201 204 205 206 207 206 205 208 209 210 211 210 209 212 213 214 215 216 217 218 219 220 221 220 219 222 223 224 225 226 227 228 227 226 229 230 231 232 231 230 233 234 235 236 235 234 237 238 239 240 241 242 243 244 245 246 245 244 247 248 249 250 249 248 251 252 253 254 253 252 255 256 257 258 257 256 259 257 259 260 260 259 261 260 261 262 262 261 263 262 263 264 262 264 265 265 264 266 265 266 267 267 266 268 267 268 269 269 268 270 269 270 271 271 270 272 271 272 273 273 272 274 273 274 275 275 274 276 277 278 279 278 277 280 281 282 283 282 281 284 285 286 287 288 289 290 291 292 293 294 295 296 295 294 297 298 299 300 299 298 301 302 303 304 303 302 305 306 307 308 309 310 311 312 313 314 313 312 315 316 317 318 317 316 319 320 321 322 321 320 323 324 325 326 325 324 327 328 329 330 329 328 331 332 333 334 333 332 335 336 337 338 337 336 339 340 341 342 341 340 343 344 345 346 345 344 347 348 349 350 349 348 351 352 353 354 353 352 355 356 357 358 357 356 359 360 361 362 361 360 363 364 365 366 365 364 367 368 369 370 369 368 371 372 373 374 373 372 375 376 377 378 377 376 379 380 381 382 381 380 383 384 385 386 385 384 387 388 389 390 391 392 393 392 391 394 395 396 397 396 395 398 399 400 401 400 399 402 403 404 405 406 407 408 407 406 409 410 411 412 411 410 413 414 415 416 415 414 417 418 419 420 419 418 421 422 423 424 423 422 425 426 427 428 427 426 429 430 431 432 431 430 433 434 435 436 435 434 437 438 439 440 439 438 441 442 443 444 443 442 445 446 447 448 447 446 449 450 451 452 451 450 453 454 455 456 457 458 459 460 461 462 461 460 463 464 465 466 465 464 467 468 469 470 469 468 471 472 473 474 475 476 477 478 479 480 481 482 483 484 485 486 487 488 489 490 491 492 493 494 495 496 497 498 499 500 501 502 503 504 505 506 507 506 505 508 509 510 511 512 513 514 513 512 515 516 517 518 517 516 519 520 521 522 521 520 523 524 525 526 527 528 529 530 531 532 533 534 535 536 537 538 539 540 541 542 543 544 545 546 547 546 545 548 549 550 551 550 549 552 553 554 555 556 557 558 557 556 559 560 561 562 561 560 563 564 565 566 565 564 567 568 569 570 569 568 571 572 573 574 573 572 575 576 577 578 577 576 579 580 581 582 581 580 583 584 585 586 585 584 587 588 589 590 591 592 593 592 591 594 595 596 597 596 595 598 599 600 601 600 599 602 603 604 605 604 603 606 607 608 609 610 611 612</p>
                </triangles>
            </mesh>
        </geometry>
        <geometry id="ID69">
            <mesh>
                <source id="ID70">
                    <float_array id="ID73" count="1839">39.14581 -1.110223e-15 133.3856 41.02941 1.953558 129.8967 40.44327 2.170679 129.8967 40.44327 2.170679 129.8967 42.78335 3.772631 125.7881 41.65142 4.191921 125.7881 41.02941 1.953558 129.8967 39.14581 -1.110223e-15 133.3856 40.44327 2.170679 129.8967 39.80724 2.304379 129.8967 39.14581 -1.110223e-15 133.3856 41.54319 1.661364 129.8967 41.02941 1.953558 129.8967 41.02941 1.953558 129.8967 43.77555 3.208358 125.7881 42.78335 3.772631 125.7881 41.54319 1.661364 129.8967 42.55988 5.711846 121.2694 42.78335 3.772631 125.7881 44.10228 5.140524 121.2694 41.65142 4.191921 125.7881 40.42315 4.450122 125.7881 40.44327 2.170679 129.8967 41.65142 4.191921 125.7881 39.80724 2.304379 129.8967 39.14581 -1.110223e-15 133.3856 39.80724 2.304379 129.8967 39.14581 2.349526 129.8967 41.96484 1.305325 129.8967 41.54319 1.661364 129.8967 39.14581 -1.110223e-15 133.3856 41.54319 1.661364 129.8967 44.5898 2.520791 125.7881 43.77555 3.208358 125.7881 41.96484 1.305325 129.8967 42.78335 3.772631 125.7881 45.45421 4.371657 121.2694 44.10228 5.140524 121.2694 43.77555 3.208358 125.7881 43.19811 6.779606 117.0595 44.10228 5.140524 121.2694 45.02882 6.101484 117.0595 42.55988 5.711846 121.2694 40.42315 4.450122 125.7881 42.55988 5.711846 121.2694 40.8863 6.063661 121.2694 41.65142 4.191921 125.7881 39.14581 2.349526 129.8967 40.42315 4.450122 125.7881 39.14581 4.537303 125.7881 39.80724 2.304379 129.8967 39.14581 -1.110223e-15 133.3856 39.14581 2.349526 129.8967 38.48438 2.304381 129.8967 42.27815 0.899124 129.8967 41.96484 1.305325 129.8967 39.14581 -1.110223e-15 133.3856 45.19484 1.736351 125.7881 41.96484 1.305325 129.8967 42.27815 0.899124 129.8967 44.5898 2.520791 125.7881 45.45421 4.371657 121.2694 44.5898 2.520791 125.7881 46.5637 3.434788 121.2694 43.77555 3.208358 125.7881 44.10228 5.140524 121.2694 46.63346 5.188886 117.0595 45.02882 6.101484 117.0595 45.45421 4.371657 121.2694 45.02882 6.101484 117.0595 43.21209 6.58385 116.9385 43.19811 6.779606 117.0595 40.8863 6.063661 121.2694 43.19811 6.779606 117.0595 41.21165 7.197189 117.0595 42.55988 5.711846 121.2694 39.14581 4.537303 125.7881 40.8863 6.063661 121.2694 39.14581 6.182457 121.2694 40.42315 4.450122 125.7881 37.86848 4.450122 125.7881 39.14581 2.349526 129.8967 39.14581 4.537303 125.7881 38.48438 2.304381 129.8967 39.14581 -1.110223e-15 133.3856 38.48438 2.304381 129.8967 37.84835 2.170679 129.8967 42.47106 0.4583689 129.8967 42.27815 0.899124 129.8967 39.14581 -1.110223e-15 133.3856 45.56744 0.8851827 125.7881 42.27815 0.899124 129.8967 42.47106 0.4583689 129.8967 45.19484 1.736351 125.7881 47.38811 2.365924 121.2694 44.5898 2.520791 125.7881 45.19484 1.736351 125.7881 46.5637 3.434788 121.2694 45.45421 4.371657 121.2694 47.95039 4.076882 117.0595 46.63346 5.188886 117.0595 46.5637 3.434788 121.2694 46.63346 5.188886 117.0595 44.98839 5.918205 116.9416 45.02882 6.101484 117.0595 45.02882 6.101484 117.0595 44.98839 5.918205 116.9416 43.21209 6.58385 116.9385 43.21209 6.58385 116.9385 41.28055 6.996531 116.936 43.19811 6.779606 117.0595 43.19811 6.779606 117.0595 41.28055 6.996531 116.936 41.21165 7.197189 117.0595 39.14581 6.182457 121.2694 41.21165 7.197189 117.0595 39.14581 7.338193 117.0595 40.8863 6.063661 121.2694 37.40534 6.063665 121.2694 39.14581 4.537303 125.7881 39.14581 6.182457 121.2694 37.86848 4.450122 125.7881 37.84835 2.170679 129.8967 37.86848 4.450122 125.7881 36.64022 4.191925 125.7881 38.48438 2.304381 129.8967 42.47106 0.4583689 129.8967 39.14581 -1.110223e-15 133.3856 42.53622 -1.110223e-15 129.8967 45.56744 0.8851827 125.7881 42.53622 -1.110223e-15 129.8967 45.69323 -1.110223e-15 125.7881 42.47106 0.4583689 129.8967 47.89579 1.206137 121.2694 45.19484 1.736351 125.7881 45.56744 0.8851827 125.7881 47.38811 2.365924 121.2694 48.92894 2.808205 117.0595 46.5637 3.434788 121.2694 47.38811 2.365924 121.2694 47.95039 4.076882 117.0595 47.95039 4.076882 117.0595 46.54118 5.026575 116.9448 46.63346 5.188886 117.0595 46.63346 5.188886 117.0595 46.54118 5.026575 116.9448 44.98839 5.918205 116.9416 44.98839 5.918205 116.9416 43.27083 5.762665 117.2524 43.21209 6.58385 116.9385 44.82693 5.18626 117.2524 43.21209 6.58385 116.9385 41.58232 6.117614 117.2524 41.28055 6.996531 116.936 43.27083 5.762665 117.2524 41.28055 6.996531 116.936 39.26889 7.139126 116.934 41.21165 7.197189 117.0595 41.21165 7.197189 117.0595 39.26889 7.139126 116.934 39.14581 7.338193 117.0595 37.40534 6.063665 121.2694 39.14581 7.338193 117.0595 37.07998 7.197193 117.0595 39.14581 6.182457 121.2694 36.64022 4.191925 125.7881 37.40534 6.063665 121.2694 35.73174 5.71185 121.2694 37.86848 4.450122 125.7881 39.14581 -1.110223e-15 133.3856 42.47106 -0.4583689 129.8967 42.53622 -1.110223e-15 129.8967 45.69323 -1.110223e-15 125.7881 42.47106 -0.4583689 129.8967 45.56744 -0.8851827 125.7881 42.53622 -1.110223e-15 129.8967 48.06724 -6.661338e-16 121.2694 45.56744 0.8851827 125.7881 45.69323 -1.110223e-15 125.7881 47.89579 1.206137 121.2694 49.5315 1.431609 117.0595 47.38811 2.365924 121.2694 47.89579 1.206137 121.2694 48.92894 2.808205 117.0595 48.92894 2.808205 117.0595 48.75327 2.71417 116.9505 47.95039 4.076882 117.0595 47.95039 4.076882 117.0595 47.81177 3.944476 116.9479 46.54118 5.026575 116.9448 44.98839 5.918205 116.9416 46.19087 4.410551 117.2524 44.82693 5.18626 117.2524 46.54118 5.026575 116.9448 44.62504 4.271039 118.8033 43.27083 5.762665 117.2524 44.82693 5.18626 117.2524 43.3435 4.745724 118.8033 43.3435 4.745724 118.8033 41.58232 6.117614 117.2524 43.27083 5.762665 117.2524 41.95299 5.038035 118.8033 41.28055 6.996531 116.936 39.82638 6.237465 117.2524 39.26889 7.139126 116.934 41.58232 6.117614 117.2524 39.26889 7.139126 116.934 37.25608 7.00524 116.9328 39.14581 7.338193 117.0595 35.73174 5.71185 121.2694 37.07998 7.197193 117.0595 35.09352 6.77961 117.0595 37.40534 6.063665 121.2694 39.14581 7.338193 117.0595 37.25608 7.00524 116.9328 37.07998 7.197193 117.0595 42.47106 -0.4583689 129.8967 39.14581 -1.110223e-15 133.3856 42.27815 -0.899124 129.8967 45.56744 -0.8851827 125.7881 42.27815 -0.899124 129.8967 45.19484 -1.736351 125.7881 42.47106 -0.4583689 129.8967 48.06724 -6.661338e-16 121.2694 45.56744 -0.8851827 125.7881 47.89579 -1.206135 121.2694 45.69323 -1.110223e-15 125.7881 49.73496 -2.220446e-16 117.0595 47.89579 1.206137 121.2694 48.06724 -6.661338e-16 121.2694 49.5315 1.431609 117.0595 49.5315 1.431609 117.0595 49.33169 1.382701 116.9522 48.92894 2.808205 117.0595 49.33169 1.382701 116.9522 48.75327 2.71417 116.9505 48.92894 2.808205 117.0595 48.75327 2.71417 116.9505 47.81177 3.944476 116.9479 47.95039 4.076882 117.0595 46.54118 5.026575 116.9448 47.31024 3.465348 117.2524 46.19087 4.410551 117.2524 47.81177 3.944476 116.9479 45.74827 3.63222 118.8033 44.82693 5.18626 117.2524 46.19087 4.410551 117.2524 44.62504 4.271039 118.8033 37.67031 4.745728 118.8033 39.06082 -5.038035 118.8033 37.6703 -4.74572 118.8033 39.06083 5.038035 118.8033 40.50693 -5.136736 118.8033 40.50693 5.136732 118.8033 41.95299 5.038035 118.8033 41.95299 -5.038035 118.8033 43.3435 4.745724 118.8033 43.3435 -4.745724 118.8033 44.62504 4.271039 118.8033 44.62504 -4.271039 118.8033 45.74827 3.63222 118.8033 45.74827 -3.63222 118.8033 46.67012 2.853816 118.8033 46.67012 -2.853816 118.8033 47.35508 1.965742 118.8033 47.35508 -1.965742 118.8033 47.77689 1.002128 118.8033 47.77689 -1.002125 118.8033 47.91933 -6.661338e-16 118.8033 41.95299 5.038035 118.8033 39.82638 6.237465 117.2524 41.58232 6.117614 117.2524 40.50693 5.136732 118.8033 39.26889 7.139126 116.934 38.07041 6.117614 117.2524 37.25608 7.00524 116.9328 39.82638 6.237465 117.2524 37.07998 7.197193 117.0595 35.32167 6.599535 116.9326 35.09352 6.77961 117.0595 37.25608 7.00524 116.9328 35.32167 6.599535 116.9326 37.07998 7.197193 117.0595 42.27815 -0.899124 129.8967 39.14581 -1.110223e-15 133.3856 41.96484 -1.305325 129.8967 45.19484 -1.736351 125.7881 41.96484 -1.305325 129.8967 44.5898 -2.520791 125.7881 42.27815 -0.899124 129.8967 47.89579 -1.206135 121.2694 45.19484 -1.736351 125.7881 47.38811 -2.365922 121.2694 45.56744 -0.8851827 125.7881 49.73496 -2.220446e-16 117.0595 47.89579 -1.206135 121.2694 49.5315 -1.431609 117.0595 48.06724 -6.661338e-16 121.2694 49.73496 -2.220446e-16 117.0595 49.52677 -6.661338e-16 116.9529 49.5315 1.431609 117.0595 49.5315 1.431609 117.0595 49.52677 -6.661338e-16 116.9529 49.33169 1.382701 116.9522 48.75327 2.71417 116.9505 48.65421 1.216869 117.2524 48.14201 2.386973 117.2524 49.33169 1.382701 116.9522 47.81177 3.944476 116.9479 48.14201 2.386973 117.2524 47.31024 3.465348 117.2524 48.75327 2.71417 116.9505 46.67012 2.853816 118.8033 46.19087 4.410551 117.2524 47.31024 3.465348 117.2524 45.74827 3.63222 118.8033 41.58232 -6.117614 117.2524 43.3435 -4.745724 118.8033 43.27083 -5.762665 117.2524 41.95299 -5.038035 118.8033 40.50693 -5.136736 118.8033 41.58232 -6.117614 117.2524 39.82638 -6.237461 117.2524 41.95299 -5.038035 118.8033 39.06082 -5.038035 118.8033 39.82638 -6.237461 117.2524 38.07039 -6.117614 117.2524 40.50693 -5.136736 118.8033 37.6703 -4.74572 118.8033 38.07039 -6.117614 117.2524 36.3819 -5.762665 117.2524 39.06082 -5.038035 118.8033 36.38192 5.762669 117.2524 37.6703 -4.74572 118.8033 36.3819 -5.762665 117.2524 37.67031 4.745728 118.8033 39.06083 5.038035 118.8033 36.38192 5.762669 117.2524 38.07041 6.117614 117.2524 37.67031 4.745728 118.8033 40.50693 5.136732 118.8033 38.07041 6.117614 117.2524 39.82638 6.237465 117.2524 39.06083 5.038035 118.8033 46.67012 2.853816 118.8033 48.14201 2.386973 117.2524 47.35508 1.965742 118.8033 47.31024 3.465348 117.2524 47.35508 1.965742 118.8033 48.65421 1.216869 117.2524 47.77689 1.002128 118.8033 48.14201 2.386973 117.2524 47.77689 1.002128 118.8033 48.82717 -6.661338e-16 117.2524 47.91933 -6.661338e-16 118.8033 48.65421 1.216869 117.2524 47.77689 -1.002125 118.8033 48.82717 -6.661338e-16 117.2524 48.65421 -1.216866 117.2524 47.91933 -6.661338e-16 118.8033 47.35508 -1.965742 118.8033 48.65421 -1.216866 117.2524 48.14201 -2.386973 117.2524 47.77689 -1.002125 118.8033 46.67012 -2.853816 118.8033 48.14201 -2.386973 117.2524 47.31024 -3.465348 117.2524 47.35508 -1.965742 118.8033 45.74827 -3.63222 118.8033 47.31024 -3.465348 117.2524 46.19087 -4.410551 117.2524 46.67012 -2.853816 118.8033 44.62504 -4.271039 118.8033 46.19087 -4.410551 117.2524 44.82693 -5.18626 117.2524 45.74827 -3.63222 118.8033 43.3435 -4.745724 118.8033 44.82693 -5.18626 117.2524 43.27083 -5.762665 117.2524 44.62504 -4.271039 118.8033 37.25608 7.00524 116.9328 36.38192 5.762669 117.2524 35.32167 6.599535 116.9326 38.07041 6.117614 117.2524 35.09352 6.77961 117.0595 35.32165 -6.599531 116.9326 35.09351 -6.779602 117.0595 35.32167 6.599535 116.9326 41.96484 -1.305325 129.8967 39.14581 -1.110223e-15 133.3856 41.54319 -1.661364 129.8967 41.96484 -1.305325 129.8967 43.77555 -3.208358 125.7881 44.5898 -2.520791 125.7881 41.54319 -1.661364 129.8967 47.38811 -2.365922 121.2694 44.5898 -2.520791 125.7881 46.5637 -3.434788 121.2694 45.19484 -1.736351 125.7881 49.5315 -1.431609 117.0595 47.38811 -2.365922 121.2694 48.92894 -2.808202 117.0595 47.89579 -1.206135 121.2694 49.73496 -2.220446e-16 117.0595 49.5315 -1.431609 117.0595 49.52677 -6.661338e-16 116.9529 49.33169 1.382701 116.9522 48.82717 -6.661338e-16 117.2524 48.65421 1.216869 117.2524 49.52677 -6.661338e-16 116.9529 41.58232 -6.117614 117.2524 43.21209 -6.58385 116.9385 41.28055 -6.996531 116.936 43.27083 -5.762665 117.2524 39.82638 -6.237461 117.2524 41.28055 -6.996531 116.936 39.26888 -7.139126 116.934 41.58232 -6.117614 117.2524 38.07039 -6.117614 117.2524 39.26888 -7.139126 116.934 37.25606 -7.005236 116.9328 39.82638 -6.237461 117.2524 36.3819 -5.762665 117.2524 37.25606 -7.005236 116.9328 35.32165 -6.599531 116.9326 38.07039 -6.117614 117.2524 35.32167 6.599535 116.9326 36.3819 -5.762665 117.2524 35.32165 -6.599531 116.9326 36.38192 5.762669 117.2524 48.82717 -6.661338e-16 117.2524 49.33169 -1.382701 116.9522 48.65421 -1.216866 117.2524 49.52677 -6.661338e-16 116.9529 48.65421 -1.216866 117.2524 48.75327 -2.714168 116.9505 48.14201 -2.386973 117.2524 49.33169 -1.382701 116.9522 48.14201 -2.386973 117.2524 47.81177 -3.944476 116.9479 47.31024 -3.465348 117.2524 48.75327 -2.714168 116.9505 47.31024 -3.465348 117.2524 46.54118 -5.026575 116.9448 46.19087 -4.410551 117.2524 47.81177 -3.944476 116.9479 46.19087 -4.410551 117.2524 44.98839 -5.918205 116.9416 44.82693 -5.18626 117.2524 46.54118 -5.026575 116.9448 43.27083 -5.762665 117.2524 44.98839 -5.918205 116.9416 43.21209 -6.58385 116.9385 44.82693 -5.18626 117.2524 37.07996 -7.197189 117.0595 35.09351 -6.779602 117.0595 35.32165 -6.599531 116.9326 39.14581 -1.110223e-15 133.3856 41.02941 -1.953558 129.8967 41.54319 -1.661364 129.8967 41.54319 -1.661364 129.8967 42.78335 -3.772631 125.7881 43.77555 -3.208358 125.7881 41.02941 -1.953558 129.8967 46.5637 -3.434788 121.2694 43.77555 -3.208358 125.7881 45.45421 -4.371657 121.2694 44.5898 -2.520791 125.7881 48.92894 -2.808202 117.0595 46.5637 -3.434788 121.2694 47.95039 -4.076882 117.0595 47.38811 -2.365922 121.2694 49.5315 -1.431609 117.0595 48.92894 -2.808202 117.0595 49.33169 -1.382701 116.9522 49.5315 -1.431609 117.0595 49.33169 -1.382701 116.9522 49.52677 -6.661338e-16 116.9529 43.21209 -6.58385 116.9385 43.19811 -6.779606 117.0595 41.28055 -6.996531 116.936 41.28055 -6.996531 116.936 41.21165 -7.197189 117.0595 39.26888 -7.139126 116.934 39.26888 -7.139126 116.934 39.14581 -7.338193 117.0595 37.25606 -7.005236 116.9328 37.25606 -7.005236 116.9328 37.07996 -7.197189 117.0595 35.32165 -6.599531 116.9326 49.33169 -1.382701 116.9522 48.92894 -2.808202 117.0595 48.75327 -2.714168 116.9505 48.75327 -2.714168 116.9505 47.95039 -4.076882 117.0595 47.81177 -3.944476 116.9479 47.95039 -4.076882 117.0595 46.54118 -5.026575 116.9448 47.81177 -3.944476 116.9479 46.63346 -5.188886 117.0595 44.98839 -5.918205 116.9416 46.54118 -5.026575 116.9448 45.02882 -6.101484 117.0595 43.21209 -6.58385 116.9385 44.98839 -5.918205 116.9416 37.40532 -6.063661 121.2694 35.09351 -6.779602 117.0595 37.07996 -7.197189 117.0595 35.73172 -5.711846 121.2694 39.14581 -1.110223e-15 133.3856 40.44327 -2.170679 129.8967 41.02941 -1.953558 129.8967 41.02941 -1.953558 129.8967 41.65142 -4.191925 125.7881 42.78335 -3.772631 125.7881 40.44327 -2.170679 129.8967 43.77555 -3.208358 125.7881 44.10228 -5.140524 121.2694 45.45421 -4.371657 121.2694 42.78335 -3.772631 125.7881 46.5637 -3.434788 121.2694 46.63346 -5.188886 117.0595 47.95039 -4.076882 117.0595 45.45421 -4.371657 121.2694 48.92894 -2.808202 117.0595 47.95039 -4.076882 117.0595 48.75327 -2.714168 116.9505 43.19811 -6.779606 117.0595 41.21165 -7.197189 117.0595 41.28055 -6.996531 116.936 45.02882 -6.101484 117.0595 43.19811 -6.779606 117.0595 43.21209 -6.58385 116.9385 41.21165 -7.197189 117.0595 39.14581 -7.338193 117.0595 39.26888 -7.139126 116.934 39.14581 -7.338193 117.0595 37.07996 -7.197189 117.0595 37.25606 -7.005236 116.9328 47.95039 -4.076882 117.0595 46.63346 -5.188886 117.0595 46.54118 -5.026575 116.9448 46.63346 -5.188886 117.0595 45.02882 -6.101484 117.0595 44.98839 -5.918205 116.9416 39.14581 -6.182457 121.2694 37.07996 -7.197189 117.0595 39.14581 -7.338193 117.0595 37.40532 -6.063661 121.2694 37.86847 -4.450122 125.7881 35.73172 -5.711846 121.2694 37.40532 -6.063661 121.2694 36.64021 -4.191921 125.7881 39.14581 -1.110223e-15 133.3856 39.80724 -2.304381 129.8967 40.44327 -2.170679 129.8967 41.65142 -4.191925 125.7881 39.80724 -2.304381 129.8967 40.42315 -4.450122 125.7881 40.44327 -2.170679 129.8967 42.78335 -3.772631 125.7881 42.55988 -5.711846 121.2694 44.10228 -5.140524 121.2694 41.65142 -4.191925 125.7881 45.45421 -4.371657 121.2694 45.02882 -6.101484 117.0595 46.63346 -5.188886 117.0595 44.10228 -5.140524 121.2694 42.55988 -5.711846 121.2694 41.21165 -7.197189 117.0595 43.19811 -6.779606 117.0595 40.8863 -6.063661 121.2694 44.10228 -5.140524 121.2694 43.19811 -6.779606 117.0595 45.02882 -6.101484 117.0595 42.55988 -5.711846 121.2694 40.8863 -6.063661 121.2694 39.14581 -7.338193 117.0595 41.21165 -7.197189 117.0595 39.14581 -6.182457 121.2694 39.14581 -6.182457 121.2694 37.86847 -4.450122 125.7881 37.40532 -6.063661 121.2694 39.14581 -4.537307 125.7881 38.48437 -2.304381 129.8967 36.64021 -4.191921 125.7881 37.86847 -4.450122 125.7881 37.84835 -2.170679 129.8967 39.14581 -1.110223e-15 133.3856 39.14581 -2.349526 129.8967 39.80724 -2.304381 129.8967 39.80724 -2.304381 129.8967 39.14581 -4.537307 125.7881 40.42315 -4.450122 125.7881 39.14581 -2.349526 129.8967 42.55988 -5.711846 121.2694 40.42315 -4.450122 125.7881 40.8863 -6.063661 121.2694 41.65142 -4.191925 125.7881 40.42315 -4.450122 125.7881 39.14581 -6.182457 121.2694 40.8863 -6.063661 121.2694 39.14581 -4.537307 125.7881 39.14581 -4.537307 125.7881 38.48437 -2.304381 129.8967 37.86847 -4.450122 125.7881 39.14581 -2.349526 129.8967 39.14581 -1.110223e-15 133.3856 37.84835 -2.170679 129.8967 38.48437 -2.304381 129.8967 39.14581 -1.110223e-15 133.3856 38.48437 -2.304381 129.8967 39.14581 -2.349526 129.8967</float_array>
                    <technique_common>
                        <accessor count="613" source="#ID73" stride="3">
                            <param name="X" type="float" />
                            <param name="Y" type="float" />
                            <param name="Z" type="float" />
                        </accessor>
                    </technique_common>
                </source>
                <source id="ID71">
                    <float_array id="ID74" count="1839">0.2828821 0.7636715 0.5803306 0.2828821 0.7636715 0.5803306 0.2828821 0.7636715 0.5803306 0.3026211 0.8169642 0.4909074 0.3026211 0.8169642 0.4909074 0.3026211 0.8169642 0.4909074 0.3026211 0.8169642 0.4909074 0.1696875 0.8072218 0.5653311 0.1696875 0.8072218 0.5653311 0.1696875 0.8072218 0.5653311 0.3947997 0.694196 0.6018514 0.3947997 0.694196 0.6018514 0.3947997 0.694196 0.6018514 0.4246695 0.7467269 0.5119129 0.4246695 0.7467269 0.5119129 0.4246695 0.7467269 0.5119129 0.4246695 0.7467269 0.5119129 0.3241289 0.8750436 0.3594984 0.3241289 0.8750436 0.3594984 0.3241289 0.8750436 0.3594984 0.3241289 0.8750436 0.3594984 0.180866 0.8603876 0.4764669 0.180866 0.8603876 0.4764669 0.180866 0.8603876 0.4764669 0.180866 0.8603876 0.4764669 0.05652434 0.8281263 0.5576844 0.05652434 0.8281263 0.5576844 0.05652434 0.8281263 0.5576844 0.5020269 0.5945456 0.62808 0.5020269 0.5945456 0.62808 0.5020269 0.5945456 0.62808 0.5438389 0.6440458 0.5380002 0.5438389 0.6440458 0.5380002 0.5438389 0.6440458 0.5380002 0.5438389 0.6440458 0.5380002 0.4578177 0.8050055 0.3773183 0.4578177 0.8050055 0.3773183 0.4578177 0.8050055 0.3773183 0.4578177 0.8050055 0.3773183 0.3335607 0.9005092 0.2789631 0.3335607 0.9005092 0.2789631 0.3335607 0.9005092 0.2789631 0.3335607 0.9005092 0.2789631 0.1929037 0.917644 0.3474444 0.1929037 0.917644 0.3474444 0.1929037 0.917644 0.3474444 0.1929037 0.917644 0.3474444 0.0601348 0.8810607 0.469165 0.0601348 0.8810607 0.469165 0.0601348 0.8810607 0.469165 0.0601348 0.8810607 0.469165 -0.05652207 0.8281264 0.5576845 -0.05652207 0.8281264 0.5576845 -0.05652207 0.8281264 0.5576845 0.5978918 0.46116 0.6556346 0.5978918 0.46116 0.6556346 0.5978918 0.46116 0.6556346 0.6527786 0.5034903 0.5660191 0.6527786 0.5034903 0.5660191 0.6527786 0.5034903 0.5660191 0.6527786 0.5034903 0.5660191 0.5913206 0.7002715 0.3999496 0.5913206 0.7002715 0.3999496 0.5913206 0.7002715 0.3999496 0.5913206 0.7002715 0.3999496 0.4725652 0.8309267 0.2936714 0.4725652 0.8309267 0.2936714 0.4725652 0.8309267 0.2936714 0.4725652 0.8309267 0.2936714 0.1947241 0.5256916 -0.8280887 0.1947241 0.5256916 -0.8280887 0.1947241 0.5256916 -0.8280887 0.1981316 0.942516 0.2690864 0.1981316 0.942516 0.2690864 0.1981316 0.942516 0.2690864 0.1981316 0.942516 0.2690864 0.06400332 0.937734 0.3414068 0.06400332 0.937734 0.3414068 0.06400332 0.937734 0.3414068 0.06400332 0.937734 0.3414068 -0.06013488 0.8810609 0.4691648 -0.06013488 0.8810609 0.4691648 -0.06013488 0.8810609 0.4691648 -0.06013488 0.8810609 0.4691648 -0.1696903 0.807221 0.5653313 -0.1696903 0.807221 0.5653313 -0.1696903 0.807221 0.5653313 0.6722345 0.2942292 0.6793599 0.6722345 0.2942292 0.6793599 0.6722345 0.2942292 0.6793599 0.7391792 0.3235657 0.590694 0.7391792 0.3235657 0.590694 0.7391792 0.3235657 0.590694 0.7391792 0.3235657 0.590694 0.7167848 0.5528542 0.4249374 0.7167848 0.5528542 0.4249374 0.7167848 0.5528542 0.4249374 0.7167848 0.5528542 0.4249374 0.6128395 0.7257677 0.3125523 0.6128395 0.7257677 0.3125523 0.6128395 0.7257677 0.3125523 0.6128395 0.7257677 0.3125523 0.271693 0.4777249 -0.8354411 0.271693 0.4777249 -0.8354411 0.271693 0.4777249 -0.8354411 0.1893736 0.5015056 -0.8441741 0.1893736 0.5015056 -0.8441741 0.1893736 0.5015056 -0.8441741 0.1139633 0.5281824 -0.8414486 0.1139633 0.5281824 -0.8414486 0.1139633 0.5281824 -0.8414486 0.1154556 0.5492265 -0.8276595 0.1154556 0.5492265 -0.8276595 0.1154556 0.5492265 -0.8276595 0.06567711 0.96224 0.2641605 0.06567711 0.96224 0.2641605 0.06567711 0.96224 0.2641605 0.06567711 0.96224 0.2641605 -0.06400287 0.9377339 0.3414071 -0.06400287 0.9377339 0.3414071 -0.06400287 0.9377339 0.3414071 -0.06400287 0.9377339 0.3414071 -0.180866 0.8603878 0.4764665 -0.180866 0.8603878 0.4764665 -0.180866 0.8603878 0.4764665 -0.180866 0.8603878 0.4764665 0.7134585 0.1014187 0.693319 0.7134585 0.1014187 0.693319 0.7134585 0.1014187 0.693319 0.7879508 0.1119783 0.6054703 0.7879508 0.1119783 0.6054703 0.7879508 0.1119783 0.6054703 0.7879508 0.1119783 0.6054703 0.8191969 0.3585943 0.4475785 0.8191969 0.3585943 0.4475785 0.8191969 0.3585943 0.4475785 0.8191969 0.3585943 0.4475785 0.7464468 0.5757372 0.3336823 0.7464468 0.5757372 0.3336823 0.7464468 0.5757372 0.3336823 0.7464468 0.5757372 0.3336823 0.3420278 0.4050582 -0.8479062 0.3420278 0.4050582 -0.8479062 0.3420278 0.4050582 -0.8479062 0.2620736 0.4533606 -0.8519281 0.2620736 0.4533606 -0.8519281 0.2620736 0.4533606 -0.8519281 -0.1341216 -0.3620983 -0.9224404 -0.1341216 -0.3620983 -0.9224404 -0.1341216 -0.3620983 -0.9224404 -0.1341216 -0.3620983 -0.9224404 -0.07582262 -0.3606669 -0.9296076 -0.07582262 -0.3606669 -0.9296076 -0.07582262 -0.3606669 -0.9296076 -0.07582262 -0.3606669 -0.9296076 0.03864214 0.5334835 -0.8449273 0.03864214 0.5334835 -0.8449273 0.03864214 0.5334835 -0.8449273 0.0375029 0.5494544 -0.8346816 0.0375029 0.5494544 -0.8346816 0.0375029 0.5494544 -0.8346816 -0.06567594 0.96224 0.2641605 -0.06567594 0.96224 0.2641605 -0.06567594 0.96224 0.2641605 -0.06567594 0.96224 0.2641605 -0.1929019 0.9176443 0.3474448 -0.1929019 0.9176443 0.3474448 -0.1929019 0.9176443 0.3474448 -0.1929019 0.9176443 0.3474448 0.7134585 -0.1014187 0.693319 0.7134585 -0.1014187 0.693319 0.7134585 -0.1014187 0.693319 0.7879508 -0.1119783 0.6054703 0.7879508 -0.1119783 0.6054703 0.7879508 -0.1119783 0.6054703 0.7879508 -0.1119783 0.6054703 0.8783371 0.1248433 0.4614521 0.8783371 0.1248433 0.4614521 0.8783371 0.1248433 0.4614521 0.8783371 0.1248433 0.4614521 0.8570735 0.3751614 0.3530992 0.8570735 0.3751614 0.3530992 0.8570735 0.3751614 0.3530992 0.8570735 0.3751614 0.3530992 0.3841989 0.2963364 -0.8744003 0.3841989 0.2963364 -0.8744003 0.3841989 0.2963364 -0.8744003 0.3287664 0.3835541 -0.8630173 0.3287664 0.3835541 -0.8630173 0.3287664 0.3835541 -0.8630173 -0.1968393 -0.3460915 -0.9173194 -0.1968393 -0.3460915 -0.9173194 -0.1968393 -0.3460915 -0.9173194 -0.1968393 -0.3460915 -0.9173194 -0.2980324 -0.8045993 -0.5136113 -0.2980324 -0.8045993 -0.5136113 -0.2980324 -0.8045993 -0.5136113 -0.2980324 -0.8045993 -0.5136113 -0.1738977 -0.827232 -0.5342722 -0.1738977 -0.827232 -0.5342722 -0.1738977 -0.827232 -0.5342722 -0.1738977 -0.827232 -0.5342722 -0.02359496 -0.3457648 -0.9380245 -0.02359496 -0.3457648 -0.9380245 -0.02359496 -0.3457648 -0.9380245 -0.02359496 -0.3457648 -0.9380245 -0.03394961 0.5179296 -0.8547493 -0.03394961 0.5179296 -0.8547493 -0.03394961 0.5179296 -0.8547493 -0.1981306 0.9425162 0.2690862 -0.1981306 0.9425162 0.2690862 -0.1981306 0.9425162 0.2690862 -0.1981306 0.9425162 0.2690862 -0.03598939 0.5272897 -0.848923 -0.03598939 0.5272897 -0.848923 -0.03598939 0.5272897 -0.848923 0.6722345 -0.2942292 0.6793599 0.6722345 -0.2942292 0.6793599 0.6722345 -0.2942292 0.6793599 0.7391792 -0.3235657 0.590694 0.7391792 -0.3235657 0.590694 0.7391792 -0.3235657 0.590694 0.7391792 -0.3235657 0.590694 0.8783371 -0.1248434 0.4614521 0.8783371 -0.1248434 0.4614521 0.8783371 -0.1248434 0.4614521 0.8783371 -0.1248434 0.4614521 0.9216951 0.1310057 0.3651243 0.9216951 0.1310057 0.3651243 0.9216951 0.1310057 0.3651243 0.9216951 0.1310057 0.3651243 0.4286219 0.187615 -0.8837895 0.4286219 0.187615 -0.8837895 0.4286219 0.187615 -0.8837895 0.4419715 0.1908378 -0.8764942 0.4419715 0.1908378 -0.8764942 0.4419715 0.1908378 -0.8764942 0.4024561 0.3061588 -0.8627259 0.4024561 0.3061588 -0.8627259 0.4024561 0.3061588 -0.8627259 -0.2605807 -0.308599 -0.9148029 -0.2605807 -0.308599 -0.9148029 -0.2605807 -0.308599 -0.9148029 -0.2605807 -0.308599 -0.9148029 -0.4281426 -0.7528038 -0.4999804 -0.4281426 -0.7528038 -0.4999804 -0.4281426 -0.7528038 -0.4999804 -0.4281426 -0.7528038 -0.4999804 0 0 -1 0 0 -1 0 0 -1 0 0 -1 0 0 -1 0 0 -1 0 0 -1 0 0 -1 0 0 -1 0 0 -1 0 0 -1 0 0 -1 0 0 -1 0 0 -1 0 0 -1 0 0 -1 0 0 -1 0 0 -1 0 0 -1 0 0 -1 0 0 -1 -0.0563564 -0.8256952 -0.5612944 -0.0563564 -0.8256952 -0.5612944 -0.0563564 -0.8256952 -0.5612944 -0.0563564 -0.8256952 -0.5612944 0.02189359 -0.3207808 -0.9469004 0.02189359 -0.3207808 -0.9469004 0.02189359 -0.3207808 -0.9469004 0.02189359 -0.3207808 -0.9469004 -0.101733 0.4839479 -0.8691633 -0.101733 0.4839479 -0.8691633 -0.101733 0.4839479 -0.8691633 -0.1009405 0.4818798 -0.8704039 -0.1009405 0.4818798 -0.8704039 -0.1009405 0.4818798 -0.8704039 0.5978918 -0.46116 0.6556346 0.5978918 -0.46116 0.6556346 0.5978918 -0.46116 0.6556346 0.6527786 -0.5034903 0.5660191 0.6527786 -0.5034903 0.5660191 0.6527786 -0.5034903 0.5660191 0.6527786 -0.5034903 0.5660191 0.819197 -0.3585944 0.4475783 0.819197 -0.3585944 0.4475783 0.819197 -0.3585944 0.4475783 0.819197 -0.3585944 0.4475783 0.921695 -0.1310058 0.3651243 0.921695 -0.1310058 0.3651243 0.921695 -0.1310058 0.3651243 0.921695 -0.1310058 0.3651243 0.4549899 0.06466451 -0.8881457 0.4549899 0.06466451 -0.8881457 0.4549899 0.06466451 -0.8881457 0.4597857 0.06446551 -0.8856869 0.4597857 0.06446551 -0.8856869 0.4597857 0.06446551 -0.8856869 -0.3666713 -0.1605096 -0.9163999 -0.3666713 -0.1605096 -0.9163999 -0.3666713 -0.1605096 -0.9163999 -0.3666713 -0.1605096 -0.9163999 -0.3197807 -0.2466488 -0.9148249 -0.3197807 -0.2466488 -0.9148249 -0.3197807 -0.2466488 -0.9148249 -0.3197807 -0.2466488 -0.9148249 -0.5610909 -0.6644841 -0.4935969 -0.5610909 -0.6644841 -0.4935969 -0.5610909 -0.6644841 -0.4935969 -0.5610909 -0.6644841 -0.4935969 -0.1738977 0.827232 -0.5342722 -0.1738977 0.827232 -0.5342722 -0.1738977 0.827232 -0.5342722 -0.1738977 0.827232 -0.5342722 -0.05635627 0.8256961 -0.5612931 -0.05635627 0.8256961 -0.5612931 -0.05635627 0.8256961 -0.5612931 -0.05635627 0.8256961 -0.5612931 0.05478909 0.8027571 -0.5937838 0.05478909 0.8027571 -0.5937838 0.05478909 0.8027571 -0.5937838 0.05478909 0.8027571 -0.5937838 0.159657 0.7594817 -0.6306324 0.159657 0.7594817 -0.6306324 0.159657 0.7594817 -0.6306324 0.159657 0.7594817 -0.6306324 0.7692018 -1.169672e-06 -0.6390059 0.7692018 -1.169672e-06 -0.6390059 0.7692018 -1.169672e-06 -0.6390059 0.7692018 -1.169672e-06 -0.6390059 0.1596545 -0.7594838 -0.6306304 0.1596545 -0.7594838 -0.6306304 0.1596545 -0.7594838 -0.6306304 0.1596545 -0.7594838 -0.6306304 0.0547898 -0.8027559 -0.5937854 0.0547898 -0.8027559 -0.5937854 0.0547898 -0.8027559 -0.5937854 0.0547898 -0.8027559 -0.5937854 -0.6886193 -0.5311367 -0.493657 -0.6886193 -0.5311367 -0.493657 -0.6886193 -0.5311367 -0.493657 -0.6886193 -0.5311367 -0.493657 -0.7945872 -0.3478233 -0.4976445 -0.7945872 -0.3478233 -0.4976445 -0.7945872 -0.3478233 -0.4976445 -0.7945872 -0.3478233 -0.4976445 -0.8565961 -0.1217506 -0.5014179 -0.8565961 -0.1217506 -0.5014179 -0.8565961 -0.1217506 -0.5014179 -0.8565961 -0.1217506 -0.5014179 -0.856596 0.1217509 -0.5014179 -0.856596 0.1217509 -0.5014179 -0.856596 0.1217509 -0.5014179 -0.856596 0.1217509 -0.5014179 -0.7945875 0.3478227 -0.4976445 -0.7945875 0.3478227 -0.4976445 -0.7945875 0.3478227 -0.4976445 -0.7945875 0.3478227 -0.4976445 -0.6886193 0.5311367 -0.493657 -0.6886193 0.5311367 -0.493657 -0.6886193 0.5311367 -0.493657 -0.6886193 0.5311367 -0.493657 -0.5610909 0.6644841 -0.4935969 -0.5610909 0.6644841 -0.4935969 -0.5610909 0.6644841 -0.4935969 -0.5610909 0.6644841 -0.4935969 -0.4281426 0.7528038 -0.4999804 -0.4281426 0.7528038 -0.4999804 -0.4281426 0.7528038 -0.4999804 -0.4281426 0.7528038 -0.4999804 -0.2980324 0.8045993 -0.5136113 -0.2980324 0.8045993 -0.5136113 -0.2980324 0.8045993 -0.5136113 -0.2980324 0.8045993 -0.5136113 0.06061922 -0.2883782 -0.9555958 0.06061922 -0.2883782 -0.9555958 0.06061922 -0.2883782 -0.9555958 0.06061922 -0.2883782 -0.9555958 -0.4862989 6.428732e-07 -0.8737925 -0.4862989 6.428732e-07 -0.8737925 -0.4862989 6.428732e-07 -0.8737925 -0.4862989 6.428732e-07 -0.8737925 0.5020269 -0.5945456 0.62808 0.5020269 -0.5945456 0.62808 0.5020269 -0.5945456 0.62808 0.5438389 -0.6440458 0.5380002 0.5438389 -0.6440458 0.5380002 0.5438389 -0.6440458 0.5380002 0.5438389 -0.6440458 0.5380002 0.7167852 -0.5528538 0.4249374 0.7167852 -0.5528538 0.4249374 0.7167852 -0.5528538 0.4249374 0.7167852 -0.5528538 0.4249374 0.8570733 -0.3751617 0.3530992 0.8570733 -0.3751617 0.3530992 0.8570733 -0.3751617 0.3530992 0.8570733 -0.3751617 0.3530992 0.4549899 -0.06466451 -0.8881457 0.4549899 -0.06466451 -0.8881457 0.4549899 -0.06466451 -0.8881457 -0.3929303 -0.05585139 -0.9178706 -0.3929303 -0.05585139 -0.9178706 -0.3929303 -0.05585139 -0.9178706 -0.3929303 -0.05585139 -0.9178706 -0.07582262 0.3606669 -0.9296076 -0.07582262 0.3606669 -0.9296076 -0.07582262 0.3606669 -0.9296076 -0.07582262 0.3606669 -0.9296076 -0.02359454 0.345764 -0.9380248 -0.02359454 0.345764 -0.9380248 -0.02359454 0.345764 -0.9380248 -0.02359454 0.345764 -0.9380248 0.02189344 0.3207809 -0.9469004 0.02189344 0.3207809 -0.9469004 0.02189344 0.3207809 -0.9469004 0.02189344 0.3207809 -0.9469004 0.06061956 0.2883785 -0.9555957 0.06061956 0.2883785 -0.9555957 0.06061956 0.2883785 -0.9555957 0.06061956 0.2883785 -0.9555957 0.2887777 -4.577396e-07 -0.9573962 0.2887777 -4.577396e-07 -0.9573962 0.2887777 -4.577396e-07 -0.9573962 0.2887777 -4.577396e-07 -0.9573962 -0.3929302 0.05585142 -0.9178706 -0.3929302 0.05585142 -0.9178706 -0.3929302 0.05585142 -0.9178706 -0.3929302 0.05585142 -0.9178706 -0.3666713 0.1605096 -0.9163999 -0.3666713 0.1605096 -0.9163999 -0.3666713 0.1605096 -0.9163999 -0.3666713 0.1605096 -0.9163999 -0.3197811 0.2466488 -0.9148248 -0.3197811 0.2466488 -0.9148248 -0.3197811 0.2466488 -0.9148248 -0.3197811 0.2466488 -0.9148248 -0.2605807 0.308599 -0.9148029 -0.2605807 0.308599 -0.9148029 -0.2605807 0.308599 -0.9148029 -0.2605807 0.308599 -0.9148029 -0.1968393 0.3460915 -0.9173194 -0.1968393 0.3460915 -0.9173194 -0.1968393 0.3460915 -0.9173194 -0.1968393 0.3460915 -0.9173194 -0.1341216 0.3620983 -0.9224404 -0.1341216 0.3620983 -0.9224404 -0.1341216 0.3620983 -0.9224404 -0.1341216 0.3620983 -0.9224404 -0.1017356 -0.4839546 -0.8691593 -0.1017356 -0.4839546 -0.8691593 -0.1017356 -0.4839546 -0.8691593 0.3947997 -0.694196 0.6018514 0.3947997 -0.694196 0.6018514 0.3947997 -0.694196 0.6018514 0.4246695 -0.7467269 0.5119129 0.4246695 -0.7467269 0.5119129 0.4246695 -0.7467269 0.5119129 0.4246695 -0.7467269 0.5119129 0.5913206 -0.7002715 0.3999496 0.5913206 -0.7002715 0.3999496 0.5913206 -0.7002715 0.3999496 0.5913206 -0.7002715 0.3999496 0.7464473 -0.5757365 0.3336824 0.7464473 -0.5757365 0.3336824 0.7464473 -0.5757365 0.3336824 0.7464473 -0.5757365 0.3336824 0.4286218 -0.1876153 -0.8837895 0.4286218 -0.1876153 -0.8837895 0.4286218 -0.1876153 -0.8837895 0.4597857 -0.06446551 -0.8856869 0.4597857 -0.06446551 -0.8856869 0.4597857 -0.06446551 -0.8856869 0.1139633 -0.5281824 -0.8414486 0.1139633 -0.5281824 -0.8414486 0.1139633 -0.5281824 -0.8414486 0.03864206 -0.5334835 -0.8449273 0.03864206 -0.5334835 -0.8449273 0.03864206 -0.5334835 -0.8449273 -0.03395037 -0.5179297 -0.8547492 -0.03395037 -0.5179297 -0.8547492 -0.03395037 -0.5179297 -0.8547492 -0.1009405 -0.4818798 -0.8704039 -0.1009405 -0.4818798 -0.8704039 -0.1009405 -0.4818798 -0.8704039 0.4419714 -0.190838 -0.8764942 0.4419714 -0.190838 -0.8764942 0.4419714 -0.190838 -0.8764942 0.4024564 -0.3061584 -0.8627258 0.4024564 -0.3061584 -0.8627258 0.4024564 -0.3061584 -0.8627258 0.3287664 -0.3835541 -0.8630173 0.3287664 -0.3835541 -0.8630173 0.3287664 -0.3835541 -0.8630173 0.2620736 -0.4533606 -0.8519281 0.2620736 -0.4533606 -0.8519281 0.2620736 -0.4533606 -0.8519281 0.1893736 -0.5015056 -0.8441741 0.1893736 -0.5015056 -0.8441741 0.1893736 -0.5015056 -0.8441741 -0.1981321 -0.942516 0.2690859 -0.1981321 -0.942516 0.2690859 -0.1981321 -0.942516 0.2690859 -0.1981321 -0.942516 0.2690859 0.2828821 -0.7636715 0.5803306 0.2828821 -0.7636715 0.5803306 0.2828821 -0.7636715 0.5803306 0.3026229 -0.8169631 0.4909079 0.3026229 -0.8169631 0.4909079 0.3026229 -0.8169631 0.4909079 0.3026229 -0.8169631 0.4909079 0.4578177 -0.8050055 0.3773183 0.4578177 -0.8050055 0.3773183 0.4578177 -0.8050055 0.3773183 0.4578177 -0.8050055 0.3773183 0.6128395 -0.7257677 0.3125523 0.6128395 -0.7257677 0.3125523 0.6128395 -0.7257677 0.3125523 0.6128395 -0.7257677 0.3125523 0.3841991 -0.296336 -0.8744004 0.3841991 -0.296336 -0.8744004 0.3841991 -0.296336 -0.8744004 0.1154556 -0.5492265 -0.8276595 0.1154556 -0.5492265 -0.8276595 0.1154556 -0.5492265 -0.8276595 0.1947241 -0.5256916 -0.8280887 0.1947241 -0.5256916 -0.8280887 0.1947241 -0.5256916 -0.8280887 0.03750287 -0.5494539 -0.8346819 0.03750287 -0.5494539 -0.8346819 0.03750287 -0.5494539 -0.8346819 -0.03599003 -0.5272893 -0.8489233 -0.03599003 -0.5272893 -0.8489233 -0.03599003 -0.5272893 -0.8489233 0.3420278 -0.4050582 -0.8479062 0.3420278 -0.4050582 -0.8479062 0.3420278 -0.4050582 -0.8479062 0.271693 -0.4777249 -0.8354411 0.271693 -0.4777249 -0.8354411 0.271693 -0.4777249 -0.8354411 -0.06567724 -0.96224 0.2641605 -0.06567724 -0.96224 0.2641605 -0.06567724 -0.96224 0.2641605 -0.06567724 -0.96224 0.2641605 -0.1929031 -0.917644 0.3474447 -0.1929031 -0.917644 0.3474447 -0.1929031 -0.917644 0.3474447 -0.1929031 -0.917644 0.3474447 0.1696903 -0.8072208 0.5653315 0.1696903 -0.8072208 0.5653315 0.1696903 -0.8072208 0.5653315 0.1808646 -0.8603879 0.4764669 0.1808646 -0.8603879 0.4764669 0.1808646 -0.8603879 0.4764669 0.1808646 -0.8603879 0.4764669 0.3241299 -0.8750433 0.3594982 0.3241299 -0.8750433 0.3594982 0.3241299 -0.8750433 0.3594982 0.3241299 -0.8750433 0.3594982 0.4725652 -0.8309267 0.2936714 0.4725652 -0.8309267 0.2936714 0.4725652 -0.8309267 0.2936714 0.4725652 -0.8309267 0.2936714 0.1981316 -0.942516 0.2690864 0.1981316 -0.942516 0.2690864 0.1981316 -0.942516 0.2690864 0.1981316 -0.942516 0.2690864 0.3335607 -0.9005092 0.2789631 0.3335607 -0.9005092 0.2789631 0.3335607 -0.9005092 0.2789631 0.3335607 -0.9005092 0.2789631 0.06567711 -0.96224 0.2641605 0.06567711 -0.96224 0.2641605 0.06567711 -0.96224 0.2641605 0.06567711 -0.96224 0.2641605 -0.06400459 -0.937734 0.3414064 -0.06400459 -0.937734 0.3414064 -0.06400459 -0.937734 0.3414064 -0.06400459 -0.937734 0.3414064 -0.1808683 -0.8603873 0.4764666 -0.1808683 -0.8603873 0.4764666 -0.1808683 -0.8603873 0.4764666 -0.1808683 -0.8603873 0.4764666 0.05652139 -0.8281264 0.5576845 0.05652139 -0.8281264 0.5576845 0.05652139 -0.8281264 0.5576845 0.06013627 -0.8810605 0.4691652 0.06013627 -0.8810605 0.4691652 0.06013627 -0.8810605 0.4691652 0.06013627 -0.8810605 0.4691652 0.1929027 -0.9176444 0.347444 0.1929027 -0.9176444 0.347444 0.1929027 -0.9176444 0.347444 0.1929027 -0.9176444 0.347444 0.06400434 -0.937734 0.3414064 0.06400434 -0.937734 0.3414064 0.06400434 -0.937734 0.3414064 0.06400434 -0.937734 0.3414064 -0.06013641 -0.8810605 0.4691651 -0.06013641 -0.8810605 0.4691651 -0.06013641 -0.8810605 0.4691651 -0.06013641 -0.8810605 0.4691651 -0.1696913 -0.8072206 0.5653316 -0.1696913 -0.8072206 0.5653316 -0.1696913 -0.8072206 0.5653316 -0.05652139 -0.8281264 0.5576845 -0.05652139 -0.8281264 0.5576845 -0.05652139 -0.8281264 0.5576845</float_array>
                    <technique_common>
                        <accessor count="613" source="#ID74" stride="3">
                            <param name="X" type="float" />
                            <param name="Y" type="float" />
                            <param name="Z" type="float" />
                        </accessor>
                    </technique_common>
                </source>
                <vertices id="ID72">
                    <input semantic="POSITION" source="#ID70" />
                    <input semantic="NORMAL" source="#ID71" />
                </vertices>
                <triangles count="285" material="Material2">
                    <input offset="0" semantic="VERTEX" source="#ID72" />
                    <p>0 1 2 3 4 5 4 3 6 7 8 9 10 11 12 13 14 15 14 13 16 17 18 19 18 17 20 21 22 23 22 21 24 25 26 27 28 29 30 31 32 33 32 31 34 35 36 37 36 35 38 39 40 41 40 39 42 43 44 45 44 43 46 47 48 49 48 47 50 51 52 53 54 55 56 57 58 59 58 57 60 61 62 63 62 61 64 65 66 67 66 65 68 69 70 71 72 73 74 73 72 75 76 77 78 77 76 79 80 81 82 81 80 83 84 85 86 87 88 89 90 91 92 91 90 93 94 95 96 95 94 97 98 99 100 99 98 101 102 103 104 105 106 107 108 109 110 111 112 113 114 115 116 115 114 117 118 119 120 119 118 121 122 123 124 123 122 125 126 127 128 129 130 131 130 129 132 133 134 135 134 133 136 137 138 139 138 137 140 141 142 143 144 145 146 147 148 149 148 147 150 151 152 153 152 151 154 155 156 157 158 159 160 161 162 163 162 161 164 165 166 167 166 165 168 169 170 171 172 173 174 173 172 175 176 177 178 177 176 179 180 181 182 181 180 183 184 185 186 187 188 189 190 191 192 191 190 193 194 195 196 195 194 197 198 199 200 199 198 201 202 203 204 203 202 205 206 207 208 209 210 211 210 209 212 213 214 215 216 217 218 219 220 221 220 219 222 223 224 225 224 223 226 227 228 229 228 227 230 231 232 233 234 235 236 237 238 239 240 241 242 241 240 243 244 245 246 245 244 247 248 249 250 249 248 251 249 251 252 252 251 253 252 253 254 252 254 255 255 254 256 255 256 257 257 256 258 257 258 259 259 258 260 259 260 261 261 260 262 261 262 263 263 262 264 263 264 265 265 264 266 265 266 267 267 266 268 269 270 271 270 269 272 273 274 275 274 273 276 277 278 279 280 281 282 283 284 285 286 287 288 287 286 289 290 291 292 291 290 293 294 295 296 295 294 297 298 299 300 301 302 303 304 305 306 305 304 307 308 309 310 309 308 311 312 313 314 313 312 315 316 317 318 317 316 319 320 321 322 321 320 323 324 325 326 325 324 327 328 329 330 329 328 331 332 333 334 333 332 335 336 337 338 337 336 339 340 341 342 341 340 343 344 345 346 345 344 347 348 349 350 349 348 351 352 353 354 353 352 355 356 357 358 357 356 359 360 361 362 361 360 363 364 365 366 365 364 367 368 369 370 369 368 371 372 373 374 373 372 375 376 377 378 377 376 379 380 381 382 381 380 383 384 385 386 385 384 387 388 389 390 391 392 393 392 391 394 395 396 397 396 395 398 399 400 401 400 399 402 403 404 405 406 407 408 407 406 409 410 411 412 411 410 413 414 415 416 415 414 417 418 419 420 419 418 421 422 423 424 423 422 425 426 427 428 427 426 429 430 431 432 431 430 433 434 435 436 435 434 437 438 439 440 439 438 441 442 443 444 443 442 445 446 447 448 447 446 449 450 451 452 451 450 453 454 455 456 457 458 459 460 461 462 461 460 463 464 465 466 465 464 467 468 469 470 469 468 471 472 473 474 475 476 477 478 479 480 481 482 483 484 485 486 487 488 489 490 491 492 493 494 495 496 497 498 499 500 501 502 503 504 505 506 507 506 505 508 509 510 511 512 513 514 513 512 515 516 517 518 517 516 519 520 521 522 521 520 523 524 525 526 527 528 529 530 531 532 533 534 535 536 537 538 539 540 541 542 543 544 545 546 547 546 545 548 549 550 551 550 549 552 553 554 555 556 557 558 557 556 559 560 561 562 561 560 563 564 565 566 565 564 567 568 569 570 569 568 571 572 573 574 573 572 575 576 577 578 577 576 579 580 581 582 581 580 583 584 585 586 585 584 587 588 589 590 591 592 593 592 591 594 595 596 597 596 595 598 599 600 601 600 599 602 603 604 605 604 603 606 607 608 609 610 611 612</p>
                </triangles>
            </mesh>
        </geometry>
        <geometry id="ID75">
            <mesh>
                <source id="ID76">
                    <float_array id="ID79" count="1839">-19.79811 -6.661338e-16 414.2531 -23.55385 3.313295 410.4102 -24.83185 2.981889 410.5933 -19.79811 -6.661338e-16 414.2531 -24.83185 2.981889 410.5933 -25.95203 2.535887 410.7539 -19.79811 -6.661338e-16 414.2531 -22.16715 3.517376 410.2114 -23.55385 3.313295 410.4102 -29.74748 5.758496 406.1386 -23.55385 3.313295 410.4102 -27.27946 6.398496 405.785 -24.83185 2.981889 410.5933 -19.79811 -6.661338e-16 414.2531 -25.95203 2.535887 410.7539 -26.87133 1.992433 410.8858 -31.91071 4.897197 406.4488 -24.83185 2.981889 410.5933 -29.74748 5.758496 406.1386 -25.95203 2.535887 410.7539 -19.79811 -6.661338e-16 414.2531 -20.72502 3.586287 410.0047 -22.16715 3.517376 410.2114 -27.27946 6.398496 405.785 -22.16715 3.517376 410.2114 -24.60151 6.79261 405.4012 -23.55385 3.313295 410.4102 -33.8236 7.846433 401.0484 -27.27946 6.398496 405.785 -30.46072 8.718488 400.5665 -29.74748 5.758496 406.1386 -19.79811 -6.661338e-16 414.2531 -26.87133 1.992433 410.8858 -27.55443 1.372411 410.9835 -26.87133 1.992433 410.8858 -31.91071 4.897197 406.4488 -33.68603 3.847702 406.7031 -25.95203 2.535887 410.7539 -36.77119 6.672843 401.4709 -29.74748 5.758496 406.1386 -33.8236 7.846433 401.0484 -31.91071 4.897197 406.4488 -19.79811 -6.661338e-16 414.2531 -19.28289 3.517378 409.798 -20.72502 3.586287 410.0047 -24.60151 6.79261 405.4012 -20.72502 3.586287 410.0047 -21.81653 6.925681 405.002 -22.16715 3.517376 410.2114 -30.46072 8.718488 400.5665 -24.60151 6.79261 405.4012 -26.81178 9.2555 400.0437 -27.27946 6.398496 405.785 -36.96221 9.313228 396.2118 -30.46072 8.718488 400.5665 -32.97069 10.3483 395.6398 -33.8236 7.846433 401.0484 -19.79811 -6.661338e-16 414.2531 -27.55443 1.372411 410.9835 -27.97508 0.699648 411.0437 -27.55443 1.372411 410.9835 -33.68603 3.847702 406.7031 -35.00521 2.650344 406.8921 -26.87133 1.992433 410.8858 -39.19021 5.242819 401.8177 -31.91071 4.897197 406.4488 -36.77119 6.672843 401.4709 -33.68603 3.847702 406.7031 -40.46083 7.920248 396.7134 -33.8236 7.846433 401.0484 -36.96221 9.313228 396.2118 -36.77119 6.672843 401.4709 -19.79811 -6.661338e-16 414.2531 -17.89619 3.3133 409.5992 -19.28289 3.517378 409.798 -21.81653 6.925681 405.002 -19.28289 3.517378 409.798 -19.03157 6.79261 404.6031 -20.72502 3.586287 410.0047 -26.81178 9.2555 400.0437 -21.81653 6.925681 405.002 -23.01702 9.436823 399.5 -24.60151 6.79261 405.4012 -32.97069 10.3483 395.6398 -26.81178 9.2555 400.0437 -28.63962 10.9857 395.0193 -30.46072 8.718488 400.5665 -32.97069 10.3483 395.6398 -33.03334 10.04951 395.4969 -36.96221 9.313228 396.2118 -19.79811 -6.661338e-16 414.2531 -27.97508 0.699648 411.0437 -28.11712 -4.218847e-15 411.0642 -27.97508 0.699648 411.0437 -35.00521 2.650344 406.8921 -35.81756 1.351134 407.0087 -27.55443 1.372411 410.9835 -35.00521 2.650344 406.8921 -39.19021 5.242819 401.8177 -40.98772 3.611316 402.0752 -33.68603 3.847702 406.7031 -43.33205 6.222898 397.1248 -36.77119 6.672843 401.4709 -40.46083 7.920248 396.7134 -39.19021 5.242819 401.8177 -36.96221 9.313228 396.2118 -40.29008 7.6725 396.5449 -40.46083 7.920248 396.7134 -19.03157 6.79261 404.6031 -17.89619 3.3133 409.5992 -16.35361 6.3985 404.2193 -19.28289 3.517378 409.798 -23.01702 9.436823 399.5 -19.03157 6.79261 404.6031 -19.22228 9.2555 398.9559 -21.81653 6.925681 405.002 -28.63962 10.9857 395.0193 -23.01702 9.436823 399.5 -24.13547 11.20093 394.3736 -26.81178 9.2555 400.0437 -28.63962 10.9857 395.0193 -28.82267 10.67942 394.8902 -32.97069 10.3483 395.6398 -33.03334 10.04951 395.4969 -36.9054 9.033472 396.0555 -36.96221 9.313228 396.2118 -28.82267 10.67942 394.8902 -33.03334 10.04951 395.4969 -32.97069 10.3483 395.6398 -19.79811 -6.661338e-16 414.2531 -28.11712 -4.218847e-15 411.0642 -27.97509 -0.699648 411.0437 -28.11712 -4.218847e-15 411.0642 -35.81756 1.351134 407.0087 -36.09186 -6.661338e-16 407.048 -27.97508 0.699648 411.0437 -35.81756 1.351134 407.0087 -40.98772 3.611316 402.0752 -42.09461 1.841032 402.2339 -35.00521 2.650344 406.8921 -45.46555 4.286406 397.4307 -39.19021 5.242819 401.8177 -43.33205 6.222898 397.1248 -40.98772 3.611316 402.0752 -40.46083 7.920248 396.7134 -43.05953 6.020795 396.9457 -43.33205 6.222898 397.1248 -36.9054 9.033472 396.0555 -40.29008 7.6725 396.5449 -36.96221 9.313228 396.2118 -40.29008 7.6725 396.5449 -43.05953 6.020795 396.9457 -40.46083 7.920248 396.7134 -19.22228 9.2555 398.9559 -16.35361 6.3985 404.2193 -15.57334 8.718492 398.4331 -19.03157 6.79261 404.6031 -24.13547 11.20093 394.3736 -19.22228 9.2555 398.9559 -19.63135 10.9857 393.7283 -23.01702 9.436823 399.5 -24.13547 11.20093 394.3736 -24.43716 10.89707 394.2594 -28.63962 10.9857 395.0193 -24.43716 10.89707 394.2594 -28.82267 10.67942 394.8902 -28.63962 10.9857 395.0193 -33.03334 10.04951 395.4969 -36.47077 7.916244 396.3835 -36.9054 9.033472 396.0555 -33.07797 8.796059 395.8972 -33.03334 10.04951 395.4969 -29.39657 9.337846 395.3697 -33.07797 8.796059 395.8972 -28.82267 10.67942 394.8902 -19.79811 -6.661338e-16 414.2531 -27.97509 -0.699648 411.0437 -27.55443 -1.372411 410.9835 -35.81756 -1.351131 407.0087 -28.11712 -4.218847e-15 411.0642 -36.09186 -6.661338e-16 407.048 -27.97509 -0.699648 411.0437 -36.09186 -6.661338e-16 407.048 -42.09461 1.841032 402.2339 -42.46835 -4.218847e-15 402.2874 -35.81756 1.351134 407.0087 -42.09461 1.841032 402.2339 -45.46555 4.286406 397.4307 -46.77937 2.185191 397.6189 -40.98772 3.611316 402.0752 -43.33205 6.222898 397.1248 -45.11154 4.142874 397.2429 -45.46555 4.286406 397.4307 -43.05953 6.020795 396.9457 -45.11154 4.142874 397.2429 -43.33205 6.222898 397.1248 -36.9054 9.033472 396.0555 -39.44457 6.732213 396.8098 -40.29008 7.6725 396.5449 -36.47077 7.916244 396.3835 -40.29008 7.6725 396.5449 -41.88512 5.289465 397.1594 -43.05953 6.020795 396.9457 -39.44457 6.732213 396.8098 -19.63135 10.9857 393.7283 -15.57334 8.718492 398.4331 -15.30029 10.34831 393.1075 -19.22228 9.2555 398.9559 -19.63135 10.9857 393.7283 -20.04896 10.69271 393.629 -24.13547 11.20093 394.3736 -20.04896 10.69271 393.629 -24.43716 10.89707 394.2594 -24.13547 11.20093 394.3736 -28.82267 10.67942 394.8902 -25.56804 9.520783 394.8213 -29.39657 9.337846 395.3697 -24.43716 10.89707 394.2594 -32.82447 7.243811 397.8087 -36.47077 7.916244 396.3835 -33.07797 8.796059 395.8972 -35.61854 6.51926 398.2091 -29.79273 7.689988 397.374 -33.07797 8.796059 395.8972 -29.39657 9.337846 395.3697 -32.82447 7.243811 397.8087 -19.79811 -6.661338e-16 414.2531 -27.55443 -1.372411 410.9835 -26.87133 -1.992433 410.8858 -35.00521 -2.650344 406.8921 -27.97509 -0.699648 411.0437 -35.81756 -1.351131 407.0087 -27.55443 -1.372411 410.9835 -42.09461 -1.84103 402.2339 -36.09186 -6.661338e-16 407.048 -42.46835 -4.218847e-15 402.2874 -35.81756 -1.351131 407.0087 -42.46835 -4.218847e-15 402.2874 -46.77937 2.185191 397.6189 -47.22299 -2.442491e-15 397.6823 -42.09461 1.841032 402.2339 -45.46555 4.286406 397.4307 -46.37224 2.110537 397.4256 -46.77937 2.185191 397.6189 -45.11154 4.142874 397.2429 -46.37224 2.110537 397.4256 -45.46555 4.286406 397.4307 -43.05953 6.020795 396.9457 -43.69862 3.643446 397.4193 -45.11154 4.142874 397.2429 -41.88512 5.289465 397.1594 -35.61854 6.51926 398.2091 -39.44457 6.732213 396.8098 -36.47077 7.916244 396.3835 -38.06756 5.544177 398.5598 -39.44457 6.732213 396.8098 -40.0774 4.356031 398.848 -41.88512 5.289465 397.1594 -38.06756 5.544177 398.5598 -15.30029 10.34831 393.1075 -15.83144 10.07345 393.0242 -19.63135 10.9857 393.7283 -15.83144 10.07345 393.0242 -20.04896 10.69271 393.629 -19.63135 10.9857 393.7283 -24.43716 10.89707 394.2594 -21.73955 9.33785 394.2724 -25.56804 9.520783 394.8213 -20.04896 10.69271 393.629 -26.63982 7.840646 396.9224 -29.39657 9.337846 395.3697 -25.56804 9.520783 394.8213 -29.79273 7.689988 397.374 -42.49055 1.529633 399.1937 -42.49055 -1.529633 399.1937 -42.80106 -2.442491e-15 399.2382 -41.57087 3.000486 399.0618 -41.57087 -3.000483 399.0618 -40.0774 4.356031 398.848 -40.0774 -4.356031 398.848 -38.06756 5.544177 398.5598 -38.06756 -5.544173 398.5598 -35.61854 6.51926 398.2091 -35.61854 -6.51926 398.2091 -32.82447 7.243811 397.8087 -32.82447 -7.243815 397.8087 -29.79273 7.689988 397.374 -29.79273 -7.689992 397.374 -26.63982 7.840646 396.9224 -26.63982 -7.840646 396.9224 -23.48694 7.689996 396.4705 -23.48691 -7.689988 396.4705 -20.4552 7.243815 396.0358 -20.45517 -7.243811 396.0358 -19.79811 -6.661338e-16 414.2531 -26.87133 -1.992433 410.8858 -25.95203 -2.535887 410.7539 -33.68603 -3.847705 406.7031 -27.55443 -1.372411 410.9835 -35.00521 -2.650344 406.8921 -26.87133 -1.992433 410.8858 -40.98772 -3.611314 402.0752 -35.81756 -1.351131 407.0087 -42.09461 -1.84103 402.2339 -35.00521 -2.650344 406.8921 -46.77937 -2.185191 397.6189 -42.46835 -4.218847e-15 402.2874 -47.22299 -2.442491e-15 397.6823 -42.09461 -1.84103 402.2339 -46.77937 2.185191 397.6189 -46.79736 -2.442491e-15 397.4874 -47.22299 -2.442491e-15 397.6823 -46.37224 2.110537 397.4256 -46.79736 -2.442491e-15 397.4874 -46.77937 2.185191 397.6189 -45.11154 4.142874 397.2429 -44.81535 1.857412 397.5795 -46.37224 2.110537 397.4256 -43.69862 3.643446 397.4193 -41.88512 5.289465 397.1594 -41.57087 3.000486 399.0618 -43.69862 3.643446 397.4193 -40.0774 4.356031 398.848 -15.30029 10.34831 393.1075 -15.8314 -10.07344 393.0242 -15.83144 10.07345 393.0242 -15.30025 -10.3483 393.1075 -20.04896 10.69271 393.629 -18.05814 8.796063 393.7449 -21.73955 9.33785 394.2724 -15.83144 10.07345 393.0242 -23.48694 7.689996 396.4705 -25.56804 9.520783 394.8213 -21.73955 9.33785 394.2724 -26.63982 7.840646 396.9224 -44.81535 1.857412 397.5795 -42.80106 -2.442491e-15 399.2382 -45.19244 -6.661338e-16 397.6335 -42.49055 1.529633 399.1937 -43.69862 3.643446 397.4193 -42.49055 1.529633 399.1937 -44.81535 1.857412 397.5795 -41.57087 3.000486 399.0618 -20.4552 7.243815 396.0358 -21.73955 9.33785 394.2724 -18.05814 8.796063 393.7449 -23.48694 7.689996 396.4705 -18.05814 8.796063 393.7449 -20.45517 -7.243811 396.0358 -20.4552 7.243815 396.0358 -18.0581 -8.796055 393.7449 -21.7395 -9.337846 394.2724 -20.45517 -7.243811 396.0358 -18.0581 -8.796055 393.7449 -23.48691 -7.689988 396.4705 -25.56804 -9.520783 394.8213 -23.48691 -7.689988 396.4705 -21.7395 -9.337846 394.2724 -26.63982 -7.840646 396.9224 -29.39656 -9.337846 395.3697 -26.63982 -7.840646 396.9224 -25.56804 -9.520783 394.8213 -29.79273 -7.689992 397.374 -33.07796 -8.796059 395.8972 -29.79273 -7.689992 397.374 -29.39656 -9.337846 395.3697 -32.82447 -7.243815 397.8087 -36.47077 -7.916244 396.3835 -32.82447 -7.243815 397.8087 -33.07796 -8.796059 395.8972 -35.61854 -6.51926 398.2091 -39.44457 -6.732213 396.8098 -35.61854 -6.51926 398.2091 -36.47077 -7.916244 396.3835 -38.06756 -5.544173 398.5598 -40.0774 -4.356031 398.848 -39.44457 -6.732213 396.8098 -41.88512 -5.289465 397.1594 -38.06756 -5.544173 398.5598 -41.57087 -3.000483 399.0618 -41.88512 -5.289465 397.1594 -43.69862 -3.643444 397.4193 -40.0774 -4.356031 398.848 -42.49055 -1.529633 399.1937 -43.69862 -3.643444 397.4193 -44.81535 -1.857409 397.5795 -41.57087 -3.000483 399.0618 -42.80106 -2.442491e-15 399.2382 -44.81535 -1.857409 397.5795 -45.19244 -6.661338e-16 397.6335 -42.49055 -1.529633 399.1937 -19.79811 -6.661338e-16 414.2531 -25.95203 -2.535887 410.7539 -24.83185 -2.981889 410.5933 -31.91071 -4.897197 406.4488 -26.87133 -1.992433 410.8858 -33.68603 -3.847705 406.7031 -25.95203 -2.535887 410.7539 -39.19021 -5.242819 401.8177 -35.00521 -2.650344 406.8921 -40.98772 -3.611314 402.0752 -33.68603 -3.847705 406.7031 -45.46555 -4.286406 397.4307 -42.09461 -1.84103 402.2339 -46.77937 -2.185191 397.6189 -40.98772 -3.611314 402.0752 -46.77937 -2.185191 397.6189 -47.22299 -2.442491e-15 397.6823 -46.79736 -2.442491e-15 397.4874 -46.37224 2.110537 397.4256 -45.19244 -6.661338e-16 397.6335 -46.79736 -2.442491e-15 397.4874 -44.81535 1.857412 397.5795 -15.30025 -10.3483 393.1075 -19.63131 -10.9857 393.7283 -15.8314 -10.07344 393.0242 -15.83144 10.07345 393.0242 -18.0581 -8.796055 393.7449 -18.05814 8.796063 393.7449 -15.8314 -10.07344 393.0242 -18.0581 -8.796055 393.7449 -20.04893 -10.6927 393.629 -21.7395 -9.337846 394.2724 -15.8314 -10.07344 393.0242 -21.7395 -9.337846 394.2724 -24.43715 -10.89707 394.2594 -25.56804 -9.520783 394.8213 -20.04893 -10.6927 393.629 -25.56804 -9.520783 394.8213 -28.82266 -10.67942 394.8902 -29.39656 -9.337846 395.3697 -24.43715 -10.89707 394.2594 -29.39656 -9.337846 395.3697 -33.03333 -10.04951 395.4969 -33.07796 -8.796059 395.8972 -28.82266 -10.67942 394.8902 -36.47077 -7.916244 396.3835 -33.03333 -10.04951 395.4969 -36.90539 -9.033472 396.0555 -33.07796 -8.796059 395.8972 -39.44457 -6.732213 396.8098 -36.90539 -9.033472 396.0555 -40.29008 -7.6725 396.5449 -36.47077 -7.916244 396.3835 -41.88512 -5.289465 397.1594 -40.29008 -7.6725 396.5449 -43.05953 -6.020795 396.9457 -39.44457 -6.732213 396.8098 -43.69862 -3.643444 397.4193 -43.05953 -6.020795 396.9457 -45.11154 -4.142874 397.2429 -41.88512 -5.289465 397.1594 -44.81535 -1.857409 397.5795 -45.11154 -4.142874 397.2429 -46.37224 -2.110537 397.4256 -43.69862 -3.643444 397.4193 -45.19244 -6.661338e-16 397.6335 -46.37224 -2.110537 397.4256 -46.79736 -2.442491e-15 397.4874 -44.81535 -1.857409 397.5795 -19.79811 -6.661338e-16 414.2531 -24.83185 -2.981889 410.5933 -23.55385 -3.313298 410.4102 -24.83185 -2.981889 410.5933 -31.91071 -4.897197 406.4488 -29.74748 -5.758496 406.1386 -25.95203 -2.535887 410.7539 -31.91071 -4.897197 406.4488 -39.19021 -5.242819 401.8177 -36.77119 -6.672843 401.4709 -33.68603 -3.847705 406.7031 -39.19021 -5.242819 401.8177 -45.46555 -4.286406 397.4307 -43.33205 -6.222898 397.1248 -40.98772 -3.611314 402.0752 -45.46555 -4.286406 397.4307 -46.77937 -2.185191 397.6189 -46.37224 -2.110537 397.4256 -46.37224 -2.110537 397.4256 -46.77937 -2.185191 397.6189 -46.79736 -2.442491e-15 397.4874 -15.8314 -10.07344 393.0242 -19.63131 -10.9857 393.7283 -20.04893 -10.6927 393.629 -15.5733 -8.718488 398.4331 -19.63131 -10.9857 393.7283 -15.30025 -10.3483 393.1075 -19.22224 -9.255496 398.9559 -20.04893 -10.6927 393.629 -24.13546 -11.20093 394.3736 -24.43715 -10.89707 394.2594 -24.43715 -10.89707 394.2594 -28.63961 -10.9857 395.0193 -28.82266 -10.67942 394.8902 -28.82266 -10.67942 394.8902 -32.97068 -10.34831 395.6398 -33.03333 -10.04951 395.4969 -33.03333 -10.04951 395.4969 -36.96221 -9.313228 396.2118 -36.90539 -9.033472 396.0555 -36.90539 -9.033472 396.0555 -36.96221 -9.313228 396.2118 -40.29008 -7.6725 396.5449 -40.29008 -7.6725 396.5449 -40.46083 -7.920248 396.7134 -43.05953 -6.020795 396.9457 -43.05953 -6.020795 396.9457 -43.33205 -6.222898 397.1248 -45.11154 -4.142874 397.2429 -45.11154 -4.142874 397.2429 -45.46555 -4.286406 397.4307 -46.37224 -2.110537 397.4256 -19.79811 -6.661338e-16 414.2531 -23.55385 -3.313298 410.4102 -22.16714 -3.517378 410.2114 -23.55385 -3.313298 410.4102 -29.74748 -5.758496 406.1386 -27.27946 -6.3985 405.785 -24.83185 -2.981889 410.5933 -29.74748 -5.758496 406.1386 -36.77119 -6.672843 401.4709 -33.82359 -7.846433 401.0484 -31.91071 -4.897197 406.4488 -36.77119 -6.672843 401.4709 -43.33205 -6.222898 397.1248 -40.46083 -7.920248 396.7134 -39.19021 -5.242819 401.8177 -43.33205 -6.222898 397.1248 -45.46555 -4.286406 397.4307 -45.11154 -4.142874 397.2429 -19.63131 -10.9857 393.7283 -24.13546 -11.20093 394.3736 -20.04893 -10.6927 393.629 -19.22224 -9.255496 398.9559 -24.13546 -11.20093 394.3736 -19.63131 -10.9857 393.7283 -23.01701 -9.436823 399.5 -16.35359 -6.398496 404.2193 -19.22224 -9.255496 398.9559 -15.5733 -8.718488 398.4331 -19.03154 -6.79261 404.6031 -24.13546 -11.20093 394.3736 -28.63961 -10.9857 395.0193 -24.43715 -10.89707 394.2594 -28.63961 -10.9857 395.0193 -32.97068 -10.34831 395.6398 -28.82266 -10.67942 394.8902 -32.97068 -10.34831 395.6398 -36.96221 -9.313228 396.2118 -33.03333 -10.04951 395.4969 -36.96221 -9.313228 396.2118 -40.46083 -7.920248 396.7134 -40.29008 -7.6725 396.5449 -40.46083 -7.920248 396.7134 -43.33205 -6.222898 397.1248 -43.05953 -6.020795 396.9457 -19.79811 -6.661338e-16 414.2531 -22.16714 -3.517378 410.2114 -20.72501 -3.586287 410.0047 -22.16714 -3.517378 410.2114 -27.27946 -6.3985 405.785 -24.6015 -6.79261 405.4012 -23.55385 -3.313298 410.4102 -27.27946 -6.3985 405.785 -33.82359 -7.846433 401.0484 -30.46072 -8.718488 400.5665 -29.74748 -5.758496 406.1386 -33.82359 -7.846433 401.0484 -40.46083 -7.920248 396.7134 -36.96221 -9.313228 396.2118 -36.77119 -6.672843 401.4709 -19.03154 -6.79261 404.6031 -23.01701 -9.436823 399.5 -19.22224 -9.255496 398.9559 -21.81652 -6.925685 405.002 -23.01701 -9.436823 399.5 -28.63961 -10.9857 395.0193 -24.13546 -11.20093 394.3736 -26.81178 -9.2555 400.0437 -17.89617 -3.313298 409.5992 -19.03154 -6.79261 404.6031 -16.35359 -6.398496 404.2193 -19.28288 -3.517378 409.798 -26.81178 -9.2555 400.0437 -32.97068 -10.34831 395.6398 -28.63961 -10.9857 395.0193 -30.46072 -8.718488 400.5665 -30.46072 -8.718488 400.5665 -36.96221 -9.313228 396.2118 -32.97068 -10.34831 395.6398 -33.82359 -7.846433 401.0484 -19.79811 -6.661338e-16 414.2531 -20.72501 -3.586287 410.0047 -19.28288 -3.517378 409.798 -20.72501 -3.586287 410.0047 -24.6015 -6.79261 405.4012 -21.81652 -6.925685 405.002 -22.16714 -3.517378 410.2114 -24.6015 -6.79261 405.4012 -30.46072 -8.718488 400.5665 -26.81178 -9.2555 400.0437 -27.27946 -6.3985 405.785 -19.28288 -3.517378 409.798 -21.81652 -6.925685 405.002 -19.03154 -6.79261 404.6031 -20.72501 -3.586287 410.0047 -21.81652 -6.925685 405.002 -26.81178 -9.2555 400.0437 -23.01701 -9.436823 399.5 -24.6015 -6.79261 405.4012 -19.79811 -6.661338e-16 414.2531 -19.28288 -3.517378 409.798 -17.89617 -3.313298 409.5992</float_array>
                    <technique_common>
                        <accessor count="613" source="#ID79" stride="3">
                            <param name="X" type="float" />
                            <param name="Y" type="float" />
                            <param name="Z" type="float" />
                        </accessor>
                    </technique_common>
                </source>
                <source id="ID77">
                    <float_array id="ID80" count="1839">-0.08483791 0.7121315 0.6969012 -0.08483791 0.7121315 0.6969012 -0.08483791 0.7121315 0.6969012 -0.1532769 0.6523102 0.7422921 -0.1532769 0.6523102 0.7422921 -0.1532769 0.6523102 0.7422921 -0.01548881 0.7497403 0.6615509 -0.01548881 0.7497403 0.6615509 -0.01548881 0.7497403 0.6615509 -0.1147097 0.7812821 0.6135471 -0.1147097 0.7812821 0.6135471 -0.1147097 0.7812821 0.6135471 -0.1147097 0.7812821 0.6135471 -0.2196739 0.5646673 0.7955465 -0.2196739 0.5646673 0.7955465 -0.2196739 0.5646673 0.7955465 -0.1927501 0.7230453 0.6633648 -0.1927501 0.7230453 0.6633648 -0.1927501 0.7230453 0.6633648 -0.1927501 0.7230453 0.6633648 0.05457448 0.7688412 0.6371066 0.05457448 0.7688412 0.6371066 0.05457448 0.7688412 0.6371066 -0.03775713 0.8170046 0.5753936 -0.03775713 0.8170046 0.5753936 -0.03775713 0.8170046 0.5753936 -0.03775713 0.8170046 0.5753936 -0.1554397 0.864011 0.4788773 -0.1554397 0.864011 0.4788773 -0.1554397 0.864011 0.4788773 -0.1554397 0.864011 0.4788773 -0.2805148 0.4431354 0.8514355 -0.2805148 0.4431354 0.8514355 -0.2805148 0.4431354 0.8514355 -0.2714076 0.6345376 0.7236711 -0.2714076 0.6345376 0.7236711 -0.2714076 0.6345376 0.7236711 -0.2714076 0.6345376 0.7236711 -0.2468841 0.8110252 0.5303644 -0.2468841 0.8110252 0.5303644 -0.2468841 0.8110252 0.5303644 -0.2468841 0.8110252 0.5303644 0.1262477 0.7714347 0.6236586 0.1262477 0.7714347 0.6236586 0.1262477 0.7714347 0.6236586 0.03878263 0.834986 0.5489029 0.03878263 0.834986 0.5489029 0.03878263 0.834986 0.5489029 0.03878263 0.834986 0.5489029 -0.06872478 0.8953824 0.4399628 -0.06872478 0.8953824 0.4399628 -0.06872478 0.8953824 0.4399628 -0.06872478 0.8953824 0.4399628 -0.1784259 0.9034601 0.3897743 -0.1784259 0.9034601 0.3897743 -0.1784259 0.9034601 0.3897743 -0.1784259 0.9034601 0.3897743 -0.328771 0.2861497 0.9000156 -0.328771 0.2861497 0.9000156 -0.328771 0.2861497 0.9000156 -0.3466663 0.5064821 0.7894925 -0.3466663 0.5064821 0.7894925 -0.3466663 0.5064821 0.7894925 -0.3466663 0.5064821 0.7894925 -0.3440723 0.7263158 0.5950458 -0.3440723 0.7263158 0.5950458 -0.3440723 0.7263158 0.5950458 -0.3440723 0.7263158 0.5950458 -0.2773013 0.8545638 0.4391181 -0.2773013 0.8545638 0.4391181 -0.2773013 0.8545638 0.4391181 -0.2773013 0.8545638 0.4391181 0.2005528 0.7575083 0.6212566 0.2005528 0.7575083 0.6212566 0.2005528 0.7575083 0.6212566 0.1164664 0.8376076 0.5337125 0.1164664 0.8376076 0.5337125 0.1164664 0.8376076 0.5337125 0.1164664 0.8376076 0.5337125 0.01556346 0.9108984 0.4123371 0.01556346 0.9108984 0.4123371 0.01556346 0.9108984 0.4123371 0.01556346 0.9108984 0.4123371 -0.08664753 0.9318287 0.3524023 -0.08664753 0.9318287 0.3524023 -0.08664753 0.9318287 0.3524023 -0.08664753 0.9318287 0.3524023 -0.2416403 0.4594747 -0.8546888 -0.2416403 0.4594747 -0.8546888 -0.2416403 0.4594747 -0.8546888 -0.3561623 0.09949326 0.9291122 -0.3561623 0.09949326 0.9291122 -0.3561623 0.09949326 0.9291122 -0.4095508 0.3322566 0.8496315 -0.4095508 0.3322566 0.8496315 -0.4095508 0.3322566 0.8496315 -0.4095508 0.3322566 0.8496315 -0.4439659 0.5948897 0.670075 -0.4439659 0.5948897 0.670075 -0.4439659 0.5948897 0.670075 -0.4439659 0.5948897 0.670075 -0.3856544 0.7740938 0.5020452 -0.3856544 0.7740938 0.5020452 -0.3856544 0.7740938 0.5020452 -0.3856544 0.7740938 0.5020452 -0.283541 0.3979893 -0.8724729 -0.283541 0.3979893 -0.8724729 -0.283541 0.3979893 -0.8724729 0.1973294 0.8249418 0.5296528 0.1973294 0.8249418 0.5296528 0.1973294 0.8249418 0.5296528 0.1973294 0.8249418 0.5296528 0.1002356 0.9132328 0.3949159 0.1002356 0.9132328 0.3949159 0.1002356 0.9132328 0.3949159 0.1002356 0.9132328 0.3949159 0.001410105 0.9456691 0.3251275 0.001410105 0.9456691 0.3251275 0.001410105 0.9456691 0.3251275 0.001410105 0.9456691 0.3251275 -0.1930308 0.4768964 -0.8575015 -0.1930308 0.4768964 -0.8575015 -0.1930308 0.4768964 -0.8575015 -0.2395682 0.4360051 -0.8674714 -0.2395682 0.4360051 -0.8674714 -0.2395682 0.4360051 -0.8674714 -0.1933884 0.4560517 -0.8686874 -0.1933884 0.4560517 -0.8686874 -0.1933884 0.4560517 -0.8686874 -0.3561624 -0.09949127 0.9291124 -0.3561624 -0.09949127 0.9291124 -0.3561624 -0.09949127 0.9291124 -0.4467192 0.1165607 0.8870488 -0.4467192 0.1165607 0.8870488 -0.4467192 0.1165607 0.8870488 -0.4467192 0.1165607 0.8870488 -0.5345958 0.4009561 0.7439365 -0.5345958 0.4009561 0.7439365 -0.5345958 0.4009561 0.7439365 -0.5345958 0.4009561 0.7439365 -0.5018117 0.6440421 0.5774035 -0.5018117 0.6440421 0.5774035 -0.5018117 0.6440421 0.5774035 -0.5018117 0.6440421 0.5774035 -0.3273361 0.3400272 -0.8816079 -0.3273361 0.3400272 -0.8816079 -0.3273361 0.3400272 -0.8816079 -0.2931444 0.4202532 -0.8587512 -0.2931444 0.4202532 -0.8587512 -0.2931444 0.4202532 -0.8587512 -0.3393126 0.3578379 -0.8699535 -0.3393126 0.3578379 -0.8699535 -0.3393126 0.3578379 -0.8699535 0.18832 0.9025324 0.3872608 0.18832 0.9025324 0.3872608 0.18832 0.9025324 0.3872608 0.18832 0.9025324 0.3872608 0.08922711 0.9476314 0.3066484 0.08922711 0.9476314 0.3066484 0.08922711 0.9476314 0.3066484 0.08922711 0.9476314 0.3066484 -0.1471404 0.4725879 -0.8689133 -0.1471404 0.4725879 -0.8689133 -0.1471404 0.4725879 -0.8689133 -0.1487652 0.4583414 -0.8762375 -0.1487652 0.4583414 -0.8762375 -0.1487652 0.4583414 -0.8762375 -0.05807497 -0.3019049 -0.9515675 -0.05807497 -0.3019049 -0.9515675 -0.05807497 -0.3019049 -0.9515675 -0.05807497 -0.3019049 -0.9515675 -0.09191512 -0.3000441 -0.9494868 -0.09191512 -0.3000441 -0.9494868 -0.09191512 -0.3000441 -0.9494868 -0.09191512 -0.3000441 -0.9494868 -0.3287705 -0.2861513 0.9000152 -0.3287705 -0.2861513 0.9000152 -0.3287705 -0.2861513 0.9000152 -0.4467193 -0.1165593 0.8870489 -0.4467193 -0.1165593 0.8870489 -0.4467193 -0.1165593 0.8870489 -0.4467193 -0.1165593 0.8870489 -0.5920744 0.1432759 0.7930447 -0.5920744 0.1432759 0.7930447 -0.5920744 0.1432759 0.7930447 -0.5920744 0.1432759 0.7930447 -0.612858 0.4418863 0.655089 -0.612858 0.4418863 0.655089 -0.612858 0.4418863 0.655089 -0.612858 0.4418863 0.655089 -0.366719 0.2630618 -0.8923652 -0.366719 0.2630618 -0.8923652 -0.366719 0.2630618 -0.8923652 -0.3784189 0.2735293 -0.8842968 -0.3784189 0.2735293 -0.8842968 -0.3784189 0.2735293 -0.8842968 -0.02197282 -0.2894338 -0.9569458 -0.02197282 -0.2894338 -0.9569458 -0.02197282 -0.2894338 -0.9569458 -0.02197282 -0.2894338 -0.9569458 0.01465847 -0.2588854 -0.9657968 0.01465847 -0.2588854 -0.9657968 0.01465847 -0.2588854 -0.9657968 0.01465847 -0.2588854 -0.9657968 0.1804911 0.9378888 0.2962898 0.1804911 0.9378888 0.2962898 0.1804911 0.9378888 0.2962898 0.1804911 0.9378888 0.2962898 -0.105435 0.4508809 -0.8863351 -0.105435 0.4508809 -0.8863351 -0.105435 0.4508809 -0.8863351 -0.1074359 0.4414089 -0.8908511 -0.1074359 0.4414089 -0.8908511 -0.1074359 0.4414089 -0.8908511 -0.1223672 -0.2872383 -0.9500108 -0.1223672 -0.2872383 -0.9500108 -0.1223672 -0.2872383 -0.9500108 -0.1223672 -0.2872383 -0.9500108 0.1072779 -0.7647771 -0.6353011 0.1072779 -0.7647771 -0.6353011 0.1072779 -0.7647771 -0.6353011 0.1072779 -0.7647771 -0.6353011 0.02338472 -0.7745201 -0.6321169 0.02338472 -0.7745201 -0.6321169 0.02338472 -0.7745201 -0.6321169 0.02338472 -0.7745201 -0.6321169 -0.2805152 -0.4431342 0.851436 -0.2805152 -0.4431342 0.851436 -0.2805152 -0.4431342 0.851436 -0.4095506 -0.3322574 0.8496313 -0.4095506 -0.3322574 0.8496313 -0.4095506 -0.3322574 0.8496313 -0.4095506 -0.3322574 0.8496313 -0.5920745 -0.1432756 0.7930447 -0.5920745 -0.1432756 0.7930447 -0.5920745 -0.1432756 0.7930447 -0.5920745 -0.1432756 0.7930447 -0.6867524 0.1600078 0.7090618 -0.6867524 0.1600078 0.7090618 -0.6867524 0.1600078 0.7090618 -0.6867524 0.1600078 0.7090618 -0.3975608 0.1677871 -0.9021047 -0.3975608 0.1677871 -0.9021047 -0.3975608 0.1677871 -0.9021047 -0.4065121 0.1715061 -0.8974038 -0.4065121 0.1715061 -0.8974038 -0.4065121 0.1715061 -0.8974038 0.0485328 -0.2076851 -0.976991 0.0485328 -0.2076851 -0.976991 0.0485328 -0.2076851 -0.976991 0.0485328 -0.2076851 -0.976991 0.1978295 -0.7316765 -0.6523135 0.1978295 -0.7316765 -0.6523135 0.1978295 -0.7316765 -0.6523135 0.1978295 -0.7316765 -0.6523135 0.2956396 -0.6660988 -0.6847697 0.2956396 -0.6660988 -0.6847697 0.2956396 -0.6660988 -0.6847697 0.2956396 -0.6660988 -0.6847697 -0.06988983 0.4106033 -0.9091316 -0.06988983 0.4106033 -0.9091316 -0.06988983 0.4106033 -0.9091316 -0.07041932 0.4089435 -0.9098386 -0.07041932 0.4089435 -0.9098386 -0.07041932 0.4089435 -0.9098386 -0.1492236 -0.2661088 -0.9523226 -0.1492236 -0.2661088 -0.9523226 -0.1492236 -0.2661088 -0.9523226 -0.1492236 -0.2661088 -0.9523226 -0.05515801 -0.7659081 -0.6405797 -0.05515801 -0.7659081 -0.6405797 -0.05515801 -0.7659081 -0.6405797 -0.05515801 -0.7659081 -0.6405797 -0.1418544 -9.709836e-08 -0.9898875 -0.1418544 -9.709836e-08 -0.9898875 -0.1418544 -9.709836e-08 -0.9898875 -0.1418544 -9.709836e-08 -0.9898875 -0.1418544 -9.709836e-08 -0.9898875 -0.1418544 -9.709836e-08 -0.9898875 -0.1418544 -9.709836e-08 -0.9898875 -0.1418544 -9.709836e-08 -0.9898875 -0.1418544 -9.709836e-08 -0.9898875 -0.1418544 -9.709836e-08 -0.9898875 -0.1418544 -9.709836e-08 -0.9898875 -0.1418544 -9.709836e-08 -0.9898875 -0.1418544 -9.709836e-08 -0.9898875 -0.1418544 -9.709836e-08 -0.9898875 -0.1418544 -9.709836e-08 -0.9898875 -0.1418544 -9.709836e-08 -0.9898875 -0.1418544 -9.709836e-08 -0.9898875 -0.1418544 -9.709836e-08 -0.9898875 -0.1418544 -9.709836e-08 -0.9898875 -0.1418544 -9.709836e-08 -0.9898875 -0.1418544 -9.709836e-08 -0.9898875 -0.2196734 -0.564668 0.7955461 -0.2196734 -0.564668 0.7955461 -0.2196734 -0.564668 0.7955461 -0.3466667 -0.5064813 0.7894928 -0.3466667 -0.5064813 0.7894928 -0.3466667 -0.5064813 0.7894928 -0.3466667 -0.5064813 0.7894928 -0.5345958 -0.4009565 0.7439363 -0.5345958 -0.4009565 0.7439363 -0.5345958 -0.4009565 0.7439363 -0.5345958 -0.4009565 0.7439363 -0.6867524 -0.1600079 0.7090618 -0.6867524 -0.1600079 0.7090618 -0.6867524 -0.1600079 0.7090618 -0.6867524 -0.1600079 0.7090618 -0.4156024 0.05804325 -0.9076925 -0.4156024 0.05804325 -0.9076925 -0.4156024 0.05804325 -0.9076925 -0.4195011 0.05796761 -0.9059021 -0.4195011 0.05796761 -0.9059021 -0.4195011 0.05796761 -0.9059021 0.07548574 -0.1357101 -0.9878688 0.07548574 -0.1357101 -0.9878688 0.07548574 -0.1357101 -0.9878688 0.07548574 -0.1357101 -0.9878688 0.3976362 -0.5535641 -0.7317461 0.3976362 -0.5535641 -0.7317461 0.3976362 -0.5535641 -0.7317461 0.3976362 -0.5535641 -0.7317461 0.1549833 1.238021e-06 -0.9879171 0.1549833 1.238021e-06 -0.9879171 0.1549833 1.238021e-06 -0.9879171 0.1549833 1.238021e-06 -0.9879171 -0.1721313 -0.2390769 -0.9556218 -0.1721313 -0.2390769 -0.9556218 -0.1721313 -0.2390769 -0.9556218 -0.1721313 -0.2390769 -0.9556218 -0.1298456 -0.7410438 -0.6587824 -0.1298456 -0.7410438 -0.6587824 -0.1298456 -0.7410438 -0.6587824 -0.1298456 -0.7410438 -0.6587824 0.5520338 -0.1359721 -0.8226605 0.5520338 -0.1359721 -0.8226605 0.5520338 -0.1359721 -0.8226605 0.5520338 -0.1359721 -0.8226605 0.4915598 -0.3777361 -0.7846556 0.4915598 -0.3777361 -0.7846556 0.4915598 -0.3777361 -0.7846556 0.4915598 -0.3777361 -0.7846556 -0.201228 -0.7002338 -0.684967 -0.201228 -0.7002338 -0.684967 -0.201228 -0.7002338 -0.684967 -0.201228 -0.7002338 -0.684967 -0.6909237 -1.528391e-06 -0.7229277 -0.6909237 -1.528391e-06 -0.7229277 -0.6909237 -1.528391e-06 -0.7229277 -0.6909237 -1.528391e-06 -0.7229277 -0.2012283 0.7002332 -0.6849676 -0.2012283 0.7002332 -0.6849676 -0.2012283 0.7002332 -0.6849676 -0.2012283 0.7002332 -0.6849676 -0.1298456 0.7410432 -0.658783 -0.1298456 0.7410432 -0.658783 -0.1298456 0.7410432 -0.658783 -0.1298456 0.7410432 -0.658783 -0.05515832 0.7659083 -0.6405794 -0.05515832 0.7659083 -0.6405794 -0.05515832 0.7659083 -0.6405794 -0.05515832 0.7659083 -0.6405794 0.02338496 0.7745209 -0.6321159 0.02338496 0.7745209 -0.6321159 0.02338496 0.7745209 -0.6321159 0.02338496 0.7745209 -0.6321159 0.1072784 0.7647774 -0.6353006 0.1072784 0.7647774 -0.6353006 0.1072784 0.7647774 -0.6353006 0.1072784 0.7647774 -0.6353006 0.1978297 0.731676 -0.6523141 0.1978297 0.731676 -0.6523141 0.1978297 0.731676 -0.6523141 0.1978297 0.731676 -0.6523141 0.2956391 0.6660988 -0.6847699 0.2956391 0.6660988 -0.6847699 0.2956391 0.6660988 -0.6847699 0.2956391 0.6660988 -0.6847699 0.3976365 0.5535636 -0.7317462 0.3976365 0.5535636 -0.7317462 0.3976365 0.5535636 -0.7317462 0.3976365 0.5535636 -0.7317462 0.4915599 0.3777363 -0.7846554 0.4915599 0.3777363 -0.7846554 0.4915599 0.3777363 -0.7846554 0.4915599 0.3777363 -0.7846554 0.5520338 0.1359723 -0.8226605 0.5520338 0.1359723 -0.8226605 0.5520338 0.1359723 -0.8226605 0.5520338 0.1359723 -0.8226605 -0.1532769 -0.6523102 0.7422921 -0.1532769 -0.6523102 0.7422921 -0.1532769 -0.6523102 0.7422921 -0.2714071 -0.6345383 0.7236708 -0.2714071 -0.6345383 0.7236708 -0.2714071 -0.6345383 0.7236708 -0.2714071 -0.6345383 0.7236708 -0.4439664 -0.5948892 0.6700751 -0.4439664 -0.5948892 0.6700751 -0.4439664 -0.5948892 0.6700751 -0.4439664 -0.5948892 0.6700751 -0.6128579 -0.4418862 0.6550891 -0.6128579 -0.4418862 0.6550891 -0.6128579 -0.4418862 0.6550891 -0.6128579 -0.4418862 0.6550891 -0.4156024 -0.05804325 -0.9076925 -0.4156024 -0.05804325 -0.9076925 -0.4156024 -0.05804325 -0.9076925 0.09059575 -0.04733704 -0.9947621 0.09059575 -0.04733704 -0.9947621 0.09059575 -0.04733704 -0.9947621 0.09059575 -0.04733704 -0.9947621 -0.06987185 -0.4106877 -0.9090949 -0.06987185 -0.4106877 -0.9090949 -0.06987185 -0.4106877 -0.9090949 -0.3079308 4.15336e-07 -0.9514088 -0.3079308 4.15336e-07 -0.9514088 -0.3079308 4.15336e-07 -0.9514088 -0.3079308 4.15336e-07 -0.9514088 -0.1721371 0.2390817 -0.9556196 -0.1721371 0.2390817 -0.9556196 -0.1721371 0.2390817 -0.9556196 -0.1721371 0.2390817 -0.9556196 -0.1492229 0.2661092 -0.9523226 -0.1492229 0.2661092 -0.9523226 -0.1492229 0.2661092 -0.9523226 -0.1492229 0.2661092 -0.9523226 -0.1223669 0.2872381 -0.9500109 -0.1223669 0.2872381 -0.9500109 -0.1223669 0.2872381 -0.9500109 -0.1223669 0.2872381 -0.9500109 -0.09191513 0.3000441 -0.9494868 -0.09191513 0.3000441 -0.9494868 -0.09191513 0.3000441 -0.9494868 -0.09191513 0.3000441 -0.9494868 -0.05807496 0.3019047 -0.9515676 -0.05807496 0.3019047 -0.9515676 -0.05807496 0.3019047 -0.9515676 -0.05807496 0.3019047 -0.9515676 -0.02197283 0.2894337 -0.9569458 -0.02197283 0.2894337 -0.9569458 -0.02197283 0.2894337 -0.9569458 -0.02197283 0.2894337 -0.9569458 0.01465847 0.2588854 -0.9657968 0.01465847 0.2588854 -0.9657968 0.01465847 0.2588854 -0.9657968 0.01465847 0.2588854 -0.9657968 0.04853271 0.2076849 -0.9769911 0.04853271 0.2076849 -0.9769911 0.04853271 0.2076849 -0.9769911 0.04853271 0.2076849 -0.9769911 0.07548556 0.1357099 -0.9878688 0.07548556 0.1357099 -0.9878688 0.07548556 0.1357099 -0.9878688 0.07548556 0.1357099 -0.9878688 0.09059571 0.04733706 -0.9947621 0.09059571 0.04733706 -0.9947621 0.09059571 0.04733706 -0.9947621 0.09059571 0.04733706 -0.9947621 -0.08483891 -0.7121307 0.6969019 -0.08483891 -0.7121307 0.6969019 -0.08483891 -0.7121307 0.6969019 -0.1927501 -0.7230453 0.6633648 -0.1927501 -0.7230453 0.6633648 -0.1927501 -0.7230453 0.6633648 -0.1927501 -0.7230453 0.6633648 -0.3440722 -0.7263161 0.5950456 -0.3440722 -0.7263161 0.5950456 -0.3440722 -0.7263161 0.5950456 -0.3440722 -0.7263161 0.5950456 -0.5018118 -0.6440418 0.5774037 -0.5018118 -0.6440418 0.5774037 -0.5018118 -0.6440418 0.5774037 -0.5018118 -0.6440418 0.5774037 -0.3975608 -0.1677871 -0.9021047 -0.3975608 -0.1677871 -0.9021047 -0.3975608 -0.1677871 -0.9021047 -0.4195011 -0.05796761 -0.9059021 -0.4195011 -0.05796761 -0.9059021 -0.4195011 -0.05796761 -0.9059021 -0.07042558 -0.4089519 -0.9098344 -0.07042558 -0.4089519 -0.9098344 -0.07042558 -0.4089519 -0.9098344 0.1804916 -0.9378887 0.2962895 0.1804916 -0.9378887 0.2962895 0.1804916 -0.9378887 0.2962895 0.1804916 -0.9378887 0.2962895 -0.1074343 -0.4414101 -0.8908507 -0.1074343 -0.4414101 -0.8908507 -0.1074343 -0.4414101 -0.8908507 -0.1487653 -0.458343 -0.8762366 -0.1487653 -0.458343 -0.8762366 -0.1487653 -0.458343 -0.8762366 -0.1933882 -0.4560468 -0.86869 -0.1933882 -0.4560468 -0.86869 -0.1933882 -0.4560468 -0.86869 -0.2395675 -0.4360026 -0.8674728 -0.2395675 -0.4360026 -0.8674728 -0.2395675 -0.4360026 -0.8674728 -0.2931431 -0.4202503 -0.858753 -0.2931431 -0.4202503 -0.858753 -0.2931431 -0.4202503 -0.858753 -0.3393126 -0.3578379 -0.8699535 -0.3393126 -0.3578379 -0.8699535 -0.3393126 -0.3578379 -0.8699535 -0.3784189 -0.2735293 -0.8842968 -0.3784189 -0.2735293 -0.8842968 -0.3784189 -0.2735293 -0.8842968 -0.4065121 -0.1715061 -0.8974038 -0.4065121 -0.1715061 -0.8974038 -0.4065121 -0.1715061 -0.8974038 -0.01548871 -0.7497401 0.6615511 -0.01548871 -0.7497401 0.6615511 -0.01548871 -0.7497401 0.6615511 -0.1147107 -0.7812814 0.6135478 -0.1147107 -0.7812814 0.6135478 -0.1147107 -0.7812814 0.6135478 -0.1147107 -0.7812814 0.6135478 -0.2468839 -0.8110254 0.5303642 -0.2468839 -0.8110254 0.5303642 -0.2468839 -0.8110254 0.5303642 -0.2468839 -0.8110254 0.5303642 -0.3856544 -0.7740938 0.5020452 -0.3856544 -0.7740938 0.5020452 -0.3856544 -0.7740938 0.5020452 -0.3856544 -0.7740938 0.5020452 -0.366719 -0.2630618 -0.8923652 -0.366719 -0.2630618 -0.8923652 -0.366719 -0.2630618 -0.8923652 -0.1054337 -0.4508806 -0.8863354 -0.1054337 -0.4508806 -0.8863354 -0.1054337 -0.4508806 -0.8863354 0.08922724 -0.9476314 0.3066484 0.08922724 -0.9476314 0.3066484 0.08922724 -0.9476314 0.3066484 0.08922724 -0.9476314 0.3066484 0.1883205 -0.9025322 0.3872608 0.1883205 -0.9025322 0.3872608 0.1883205 -0.9025322 0.3872608 0.1883205 -0.9025322 0.3872608 -0.1471405 -0.4725898 -0.8689123 -0.1471405 -0.4725898 -0.8689123 -0.1471405 -0.4725898 -0.8689123 -0.1930305 -0.4768983 -0.8575006 -0.1930305 -0.4768983 -0.8575006 -0.1930305 -0.4768983 -0.8575006 -0.2416394 -0.4594698 -0.8546917 -0.2416394 -0.4594698 -0.8546917 -0.2416394 -0.4594698 -0.8546917 -0.283541 -0.3979893 -0.8724729 -0.283541 -0.3979893 -0.8724729 -0.283541 -0.3979893 -0.8724729 -0.3273361 -0.3400272 -0.8816079 -0.3273361 -0.3400272 -0.8816079 -0.3273361 -0.3400272 -0.8816079 0.05457557 -0.7688412 0.6371065 0.05457557 -0.7688412 0.6371065 0.05457557 -0.7688412 0.6371065 -0.03775623 -0.817005 0.5753932 -0.03775623 -0.817005 0.5753932 -0.03775623 -0.817005 0.5753932 -0.03775623 -0.817005 0.5753932 -0.1554403 -0.8640109 0.4788773 -0.1554403 -0.8640109 0.4788773 -0.1554403 -0.8640109 0.4788773 -0.1554403 -0.8640109 0.4788773 -0.2773011 -0.8545638 0.4391181 -0.2773011 -0.8545638 0.4391181 -0.2773011 -0.8545638 0.4391181 -0.2773011 -0.8545638 0.4391181 0.1002359 -0.913233 0.3949155 0.1002359 -0.913233 0.3949155 0.1002359 -0.913233 0.3949155 0.1002359 -0.913233 0.3949155 0.001410106 -0.9456691 0.3251275 0.001410106 -0.9456691 0.3251275 0.001410106 -0.9456691 0.3251275 0.001410106 -0.9456691 0.3251275 0.1973307 -0.8249413 0.5296531 0.1973307 -0.8249413 0.5296531 0.1973307 -0.8249413 0.5296531 0.1973307 -0.8249413 0.5296531 -0.08664699 -0.9318288 0.3524024 -0.08664699 -0.9318288 0.3524024 -0.08664699 -0.9318288 0.3524024 -0.08664699 -0.9318288 0.3524024 -0.1784262 -0.9034599 0.3897747 -0.1784262 -0.9034599 0.3897747 -0.1784262 -0.9034599 0.3897747 -0.1784262 -0.9034599 0.3897747 0.1262471 -0.7714346 0.6236589 0.1262471 -0.7714346 0.6236589 0.1262471 -0.7714346 0.6236589 0.03878196 -0.8349858 0.5489031 0.03878196 -0.8349858 0.5489031 0.03878196 -0.8349858 0.5489031 0.03878196 -0.8349858 0.5489031 -0.06872434 -0.8953826 0.4399624 -0.06872434 -0.8953826 0.4399624 -0.06872434 -0.8953826 0.4399624 -0.06872434 -0.8953826 0.4399624 0.1164666 -0.8376074 0.5337128 0.1164666 -0.8376074 0.5337128 0.1164666 -0.8376074 0.5337128 0.1164666 -0.8376074 0.5337128 0.01556297 -0.9108985 0.412337 0.01556297 -0.9108985 0.412337 0.01556297 -0.9108985 0.412337 0.01556297 -0.9108985 0.412337 0.2005546 -0.7575075 0.621257 0.2005546 -0.7575075 0.621257 0.2005546 -0.7575075 0.621257</float_array>
                    <technique_common>
                        <accessor count="613" source="#ID80" stride="3">
                            <param name="X" type="float" />
                            <param name="Y" type="float" />
                            <param name="Z" type="float" />
                        </accessor>
                    </technique_common>
                </source>
                <vertices id="ID78">
                    <input semantic="POSITION" source="#ID76" />
                    <input semantic="NORMAL" source="#ID77" />
                </vertices>
                <triangles count="285" material="Material2">
                    <input offset="0" semantic="VERTEX" source="#ID78" />
                    <p>0 1 2 3 4 5 6 7 8 9 10 11 10 9 12 13 14 15 16 17 18 17 16 19 20 21 22 23 24 25 24 23 26 27 28 29 28 27 30 31 32 33 34 35 36 35 34 37 38 39 40 39 38 41 42 43 44 45 46 47 46 45 48 49 50 51 50 49 52 53 54 55 54 53 56 57 58 59 60 61 62 61 60 63 64 65 66 65 64 67 68 69 70 69 68 71 72 73 74 75 76 77 76 75 78 79 80 81 80 79 82 83 84 85 84 83 86 87 88 89 90 91 92 93 94 95 94 93 96 97 98 99 98 97 100 101 102 103 102 101 104 105 106 107 108 109 110 109 108 111 112 113 114 113 112 115 116 117 118 117 116 119 120 121 122 123 124 125 126 127 128 129 130 131 132 133 134 133 132 135 136 137 138 137 136 139 140 141 142 141 140 143 144 145 146 147 148 149 150 151 152 153 154 155 154 153 156 157 158 159 158 157 160 161 162 163 164 165 166 167 168 169 168 167 170 171 172 173 172 171 174 175 176 177 178 179 180 179 178 181 182 183 184 183 182 185 186 187 188 187 186 189 190 191 192 193 194 195 196 197 198 197 196 199 200 201 202 201 200 203 204 205 206 205 204 207 208 209 210 211 212 213 214 215 216 215 214 217 218 219 220 219 218 221 222 223 224 223 222 225 226 227 228 229 230 231 230 229 232 233 234 235 234 233 236 237 238 239 238 237 240 241 242 243 244 245 246 247 248 249 248 247 250 251 252 253 252 251 254 255 256 257 256 255 258 259 260 261 262 263 264 265 266 267 266 265 268 269 270 271 270 269 272 273 274 275 274 273 276 274 276 277 277 276 278 277 278 279 279 278 280 279 280 281 281 280 282 281 282 283 283 282 284 283 284 285 285 284 286 285 286 287 287 286 288 287 288 289 289 288 290 289 290 291 291 290 292 291 292 293 294 295 296 297 298 299 298 297 300 301 302 303 302 301 304 305 306 307 306 305 308 309 310 311 312 313 314 315 316 317 316 315 318 319 320 321 320 319 322 323 324 325 324 323 326 327 328 329 328 327 330 331 332 333 332 331 334 335 336 337 336 335 338 339 340 341 340 339 342 343 344 345 344 343 346 347 348 349 348 347 350 351 352 353 352 351 354 355 356 357 356 355 358 359 360 361 360 359 362 363 364 365 364 363 366 367 368 369 368 367 370 371 372 373 372 371 374 375 376 377 376 375 378 379 380 381 380 379 382 383 384 385 384 383 386 387 388 389 388 387 390 391 392 393 394 395 396 395 394 397 398 399 400 399 398 401 402 403 404 403 402 405 406 407 408 409 410 411 410 409 412 413 414 415 416 417 418 417 416 419 420 421 422 421 420 423 424 425 426 425 424 427 428 429 430 429 428 431 432 433 434 433 432 435 436 437 438 437 436 439 440 441 442 441 440 443 444 445 446 445 444 447 448 449 450 449 448 451 452 453 454 453 452 455 456 457 458 457 456 459 460 461 462 463 464 465 464 463 466 467 468 469 468 467 470 471 472 473 472 471 474 475 476 477 478 479 480 481 482 483 484 485 486 485 484 487 488 489 490 491 492 493 494 495 496 497 498 499 500 501 502 503 504 505 506 507 508 509 510 511 512 513 514 515 516 517 516 515 518 519 520 521 520 519 522 523 524 525 524 523 526 527 528 529 530 531 532 533 534 535 534 533 536 537 538 539 538 537 540 541 542 543 544 545 546 547 548 549 550 551 552 553 554 555 556 557 558 559 560 561 560 559 562 563 564 565 564 563 566 567 568 569 568 567 570 571 572 573 572 571 574 575 576 577 576 575 578 579 580 581 580 579 582 583 584 585 584 583 586 587 588 589 588 587 590 591 592 593 594 595 596 595 594 597 598 599 600 599 598 601 602 603 604 603 602 605 606 607 608 607 606 609 610 611 612</p>
                </triangles>
            </mesh>
        </geometry>
        <geometry id="ID81">
            <mesh>
                <source id="ID82">
                    <float_array id="ID85" count="1839">-39.14581 -1.110223e-15 133.3856 -40.44327 2.170679 129.8967 -41.02941 1.953558 129.8967 -39.14581 -1.110223e-15 133.3856 -41.02941 1.953558 129.8967 -41.54319 1.661364 129.8967 -39.14581 -1.110223e-15 133.3856 -39.80724 2.304379 129.8967 -40.44327 2.170679 129.8967 -41.02941 1.953558 129.8967 -41.65142 4.191921 125.7881 -42.78335 3.772631 125.7881 -40.44327 2.170679 129.8967 -39.14581 -1.110223e-15 133.3856 -41.54319 1.661364 129.8967 -41.96484 1.305325 129.8967 -41.54319 1.661364 129.8967 -42.78335 3.772631 125.7881 -43.77555 3.208358 125.7881 -41.02941 1.953558 129.8967 -39.14581 -1.110223e-15 133.3856 -39.14581 2.349526 129.8967 -39.80724 2.304379 129.8967 -40.44327 2.170679 129.8967 -40.42315 4.450122 125.7881 -41.65142 4.191921 125.7881 -39.80724 2.304379 129.8967 -42.78335 3.772631 125.7881 -42.55988 5.711846 121.2694 -44.10228 5.140524 121.2694 -41.65142 4.191921 125.7881 -39.14581 -1.110223e-15 133.3856 -41.96484 1.305325 129.8967 -42.27815 0.899124 129.8967 -41.96484 1.305325 129.8967 -43.77555 3.208358 125.7881 -44.5898 2.520791 125.7881 -41.54319 1.661364 129.8967 -45.45421 4.371657 121.2694 -42.78335 3.772631 125.7881 -44.10228 5.140524 121.2694 -43.77555 3.208358 125.7881 -39.14581 -1.110223e-15 133.3856 -38.48438 2.304381 129.8967 -39.14581 2.349526 129.8967 -40.42315 4.450122 125.7881 -39.14581 2.349526 129.8967 -39.14581 4.537303 125.7881 -39.80724 2.304379 129.8967 -41.65142 4.191921 125.7881 -40.8863 6.063661 121.2694 -42.55988 5.711846 121.2694 -40.42315 4.450122 125.7881 -44.10228 5.140524 121.2694 -43.19811 6.779606 117.0595 -45.02882 6.101484 117.0595 -42.55988 5.711846 121.2694 -39.14581 -1.110223e-15 133.3856 -42.27815 0.899124 129.8967 -42.47106 0.4583689 129.8967 -41.96484 1.305325 129.8967 -45.19484 1.736351 125.7881 -42.27815 0.899124 129.8967 -44.5898 2.520791 125.7881 -44.5898 2.520791 125.7881 -45.45421 4.371657 121.2694 -46.5637 3.434788 121.2694 -43.77555 3.208358 125.7881 -46.63346 5.188886 117.0595 -44.10228 5.140524 121.2694 -45.02882 6.101484 117.0595 -45.45421 4.371657 121.2694 -39.14581 -1.110223e-15 133.3856 -37.84835 2.170679 129.8967 -38.48438 2.304381 129.8967 -39.14581 2.349526 129.8967 -37.86848 4.450122 125.7881 -39.14581 4.537303 125.7881 -38.48438 2.304381 129.8967 -40.8863 6.063661 121.2694 -39.14581 4.537303 125.7881 -39.14581 6.182457 121.2694 -40.42315 4.450122 125.7881 -42.55988 5.711846 121.2694 -41.21165 7.197189 117.0595 -43.19811 6.779606 117.0595 -40.8863 6.063661 121.2694 -43.19811 6.779606 117.0595 -43.21209 6.58385 116.9385 -45.02882 6.101484 117.0595 -42.47106 0.4583689 129.8967 -42.53622 -1.110223e-15 129.8967 -39.14581 -1.110223e-15 133.3856 -42.27815 0.899124 129.8967 -45.56744 0.8851827 125.7881 -42.47106 0.4583689 129.8967 -45.19484 1.736351 125.7881 -44.5898 2.520791 125.7881 -47.38811 2.365924 121.2694 -45.19484 1.736351 125.7881 -46.5637 3.434788 121.2694 -46.5637 3.434788 121.2694 -46.63346 5.188886 117.0595 -47.95039 4.076882 117.0595 -45.45421 4.371657 121.2694 -44.98839 5.918205 116.9416 -46.63346 5.188886 117.0595 -45.02882 6.101484 117.0595 -37.86848 4.450122 125.7881 -37.84835 2.170679 129.8967 -36.64022 4.191925 125.7881 -38.48438 2.304381 129.8967 -39.14581 4.537303 125.7881 -37.40534 6.063665 121.2694 -39.14581 6.182457 121.2694 -37.86848 4.450122 125.7881 -41.21165 7.197189 117.0595 -39.14581 6.182457 121.2694 -39.14581 7.338193 117.0595 -40.8863 6.063661 121.2694 -41.21165 7.197189 117.0595 -41.28055 6.996531 116.936 -43.19811 6.779606 117.0595 -43.21209 6.58385 116.9385 -44.98839 5.918205 116.9416 -45.02882 6.101484 117.0595 -41.28055 6.996531 116.936 -43.21209 6.58385 116.9385 -43.19811 6.779606 117.0595 -42.53622 -1.110223e-15 129.8967 -42.47106 -0.4583689 129.8967 -39.14581 -1.110223e-15 133.3856 -42.47106 0.4583689 129.8967 -45.69323 -1.110223e-15 125.7881 -42.53622 -1.110223e-15 129.8967 -45.56744 0.8851827 125.7881 -45.19484 1.736351 125.7881 -47.89579 1.206137 121.2694 -45.56744 0.8851827 125.7881 -47.38811 2.365924 121.2694 -46.5637 3.434788 121.2694 -48.92894 2.808205 117.0595 -47.38811 2.365924 121.2694 -47.95039 4.076882 117.0595 -46.54118 5.026575 116.9448 -47.95039 4.076882 117.0595 -46.63346 5.188886 117.0595 -44.98839 5.918205 116.9416 -46.54118 5.026575 116.9448 -46.63346 5.188886 117.0595 -37.86848 4.450122 125.7881 -35.73174 5.71185 121.2694 -37.40534 6.063665 121.2694 -36.64022 4.191925 125.7881 -39.14581 6.182457 121.2694 -37.07998 7.197193 117.0595 -39.14581 7.338193 117.0595 -37.40534 6.063665 121.2694 -39.14581 7.338193 117.0595 -39.26889 7.139126 116.934 -41.21165 7.197189 117.0595 -39.26889 7.139126 116.934 -41.28055 6.996531 116.936 -41.21165 7.197189 117.0595 -43.21209 6.58385 116.9385 -44.82693 5.18626 117.2524 -44.98839 5.918205 116.9416 -43.27083 5.762665 117.2524 -43.21209 6.58385 116.9385 -41.58232 6.117614 117.2524 -43.27083 5.762665 117.2524 -41.28055 6.996531 116.936 -39.14581 -1.110223e-15 133.3856 -42.47106 -0.4583689 129.8967 -42.27815 -0.899124 129.8967 -42.47106 -0.4583689 129.8967 -45.69323 -1.110223e-15 125.7881 -45.56744 -0.8851827 125.7881 -42.53622 -1.110223e-15 129.8967 -45.56744 0.8851827 125.7881 -48.06724 -6.661338e-16 121.2694 -45.69323 -1.110223e-15 125.7881 -47.89579 1.206137 121.2694 -47.38811 2.365924 121.2694 -49.5315 1.431609 117.0595 -47.89579 1.206137 121.2694 -48.92894 2.808205 117.0595 -47.95039 4.076882 117.0595 -48.75327 2.71417 116.9505 -48.92894 2.808205 117.0595 -46.54118 5.026575 116.9448 -47.81177 3.944476 116.9479 -47.95039 4.076882 117.0595 -44.98839 5.918205 116.9416 -46.19087 4.410551 117.2524 -46.54118 5.026575 116.9448 -44.82693 5.18626 117.2524 -37.40534 6.063665 121.2694 -35.09352 6.77961 117.0595 -37.07998 7.197193 117.0595 -35.73174 5.71185 121.2694 -37.07998 7.197193 117.0595 -37.25608 7.00524 116.9328 -39.14581 7.338193 117.0595 -37.25608 7.00524 116.9328 -39.26889 7.139126 116.934 -39.14581 7.338193 117.0595 -41.28055 6.996531 116.936 -39.82638 6.237465 117.2524 -41.58232 6.117614 117.2524 -39.26889 7.139126 116.934 -43.3435 4.745724 118.8033 -44.82693 5.18626 117.2524 -43.27083 5.762665 117.2524 -44.62504 4.271039 118.8033 -41.95299 5.038035 118.8033 -43.27083 5.762665 117.2524 -41.58232 6.117614 117.2524 -43.3435 4.745724 118.8033 -39.14581 -1.110223e-15 133.3856 -42.27815 -0.899124 129.8967 -41.96484 -1.305325 129.8967 -42.27815 -0.899124 129.8967 -45.56744 -0.8851827 125.7881 -45.19484 -1.736351 125.7881 -42.47106 -0.4583689 129.8967 -45.56744 -0.8851827 125.7881 -48.06724 -6.661338e-16 121.2694 -47.89579 -1.206135 121.2694 -45.69323 -1.110223e-15 125.7881 -47.89579 1.206137 121.2694 -49.73496 -2.220446e-16 117.0595 -48.06724 -6.661338e-16 121.2694 -49.5315 1.431609 117.0595 -48.92894 2.808205 117.0595 -49.33169 1.382701 116.9522 -49.5315 1.431609 117.0595 -47.81177 3.944476 116.9479 -48.75327 2.71417 116.9505 -47.95039 4.076882 117.0595 -48.75327 2.71417 116.9505 -49.33169 1.382701 116.9522 -48.92894 2.808205 117.0595 -46.54118 5.026575 116.9448 -47.31024 3.465348 117.2524 -47.81177 3.944476 116.9479 -46.19087 4.410551 117.2524 -44.62504 4.271039 118.8033 -46.19087 4.410551 117.2524 -44.82693 5.18626 117.2524 -45.74827 3.63222 118.8033 -35.09352 6.77961 117.0595 -35.32167 6.599535 116.9326 -37.07998 7.197193 117.0595 -35.32167 6.599535 116.9326 -37.25608 7.00524 116.9328 -37.07998 7.197193 117.0595 -39.26889 7.139126 116.934 -38.07041 6.117614 117.2524 -39.82638 6.237465 117.2524 -37.25608 7.00524 116.9328 -40.50693 5.136732 118.8033 -41.58232 6.117614 117.2524 -39.82638 6.237465 117.2524 -41.95299 5.038035 118.8033 -47.77689 1.002128 118.8033 -47.77689 -1.002125 118.8033 -47.91933 -6.661338e-16 118.8033 -47.35508 1.965742 118.8033 -47.35508 -1.965742 118.8033 -46.67012 2.853816 118.8033 -46.67012 -2.853816 118.8033 -45.74827 3.63222 118.8033 -45.74827 -3.63222 118.8033 -44.62504 4.271039 118.8033 -44.62504 -4.271039 118.8033 -43.3435 4.745724 118.8033 -43.3435 -4.745724 118.8033 -41.95299 5.038035 118.8033 -41.95299 -5.038035 118.8033 -40.50693 5.136732 118.8033 -40.50693 -5.136736 118.8033 -39.06083 5.038035 118.8033 -39.06082 -5.038035 118.8033 -37.67031 4.745728 118.8033 -37.6703 -4.74572 118.8033 -39.14581 -1.110223e-15 133.3856 -41.96484 -1.305325 129.8967 -41.54319 -1.661364 129.8967 -41.96484 -1.305325 129.8967 -45.19484 -1.736351 125.7881 -44.5898 -2.520791 125.7881 -42.27815 -0.899124 129.8967 -45.19484 -1.736351 125.7881 -47.89579 -1.206135 121.2694 -47.38811 -2.365922 121.2694 -45.56744 -0.8851827 125.7881 -47.89579 -1.206135 121.2694 -49.73496 -2.220446e-16 117.0595 -49.5315 -1.431609 117.0595 -48.06724 -6.661338e-16 121.2694 -49.52677 -6.661338e-16 116.9529 -49.73496 -2.220446e-16 117.0595 -49.5315 1.431609 117.0595 -49.33169 1.382701 116.9522 -49.52677 -6.661338e-16 116.9529 -49.5315 1.431609 117.0595 -47.81177 3.944476 116.9479 -48.14201 2.386973 117.2524 -48.75327 2.71417 116.9505 -47.31024 3.465348 117.2524 -48.75327 2.71417 116.9505 -48.65421 1.216869 117.2524 -49.33169 1.382701 116.9522 -48.14201 2.386973 117.2524 -46.19087 4.410551 117.2524 -46.67012 2.853816 118.8033 -47.31024 3.465348 117.2524 -45.74827 3.63222 118.8033 -35.09352 6.77961 117.0595 -35.32165 -6.599531 116.9326 -35.32167 6.599535 116.9326 -35.09351 -6.779602 117.0595 -37.25608 7.00524 116.9328 -36.38192 5.762669 117.2524 -38.07041 6.117614 117.2524 -35.32167 6.599535 116.9326 -39.06083 5.038035 118.8033 -39.82638 6.237465 117.2524 -38.07041 6.117614 117.2524 -40.50693 5.136732 118.8033 -48.65421 1.216869 117.2524 -47.91933 -6.661338e-16 118.8033 -48.82717 -6.661338e-16 117.2524 -47.77689 1.002128 118.8033 -48.65421 1.216869 117.2524 -47.35508 1.965742 118.8033 -47.77689 1.002128 118.8033 -48.14201 2.386973 117.2524 -48.14201 2.386973 117.2524 -46.67012 2.853816 118.8033 -47.35508 1.965742 118.8033 -47.31024 3.465348 117.2524 -37.67031 4.745728 118.8033 -38.07041 6.117614 117.2524 -36.38192 5.762669 117.2524 -39.06083 5.038035 118.8033 -37.6703 -4.74572 118.8033 -36.38192 5.762669 117.2524 -36.3819 -5.762665 117.2524 -37.67031 4.745728 118.8033 -38.07039 -6.117614 117.2524 -37.6703 -4.74572 118.8033 -36.3819 -5.762665 117.2524 -39.06082 -5.038035 118.8033 -40.50693 -5.136736 118.8033 -38.07039 -6.117614 117.2524 -39.82638 -6.237461 117.2524 -39.06082 -5.038035 118.8033 -41.95299 -5.038035 118.8033 -39.82638 -6.237461 117.2524 -41.58232 -6.117614 117.2524 -40.50693 -5.136736 118.8033 -43.3435 -4.745724 118.8033 -41.58232 -6.117614 117.2524 -43.27083 -5.762665 117.2524 -41.95299 -5.038035 118.8033 -44.62504 -4.271039 118.8033 -43.27083 -5.762665 117.2524 -44.82693 -5.18626 117.2524 -43.3435 -4.745724 118.8033 -46.19087 -4.410551 117.2524 -44.62504 -4.271039 118.8033 -44.82693 -5.18626 117.2524 -45.74827 -3.63222 118.8033 -46.67012 -2.853816 118.8033 -46.19087 -4.410551 117.2524 -47.31024 -3.465348 117.2524 -45.74827 -3.63222 118.8033 -48.14201 -2.386973 117.2524 -46.67012 -2.853816 118.8033 -47.31024 -3.465348 117.2524 -47.35508 -1.965742 118.8033 -48.65421 -1.216866 117.2524 -47.35508 -1.965742 118.8033 -48.14201 -2.386973 117.2524 -47.77689 -1.002125 118.8033 -48.82717 -6.661338e-16 117.2524 -47.77689 -1.002125 118.8033 -48.65421 -1.216866 117.2524 -47.91933 -6.661338e-16 118.8033 -39.14581 -1.110223e-15 133.3856 -41.54319 -1.661364 129.8967 -41.02941 -1.953558 129.8967 -43.77555 -3.208358 125.7881 -41.96484 -1.305325 129.8967 -44.5898 -2.520791 125.7881 -41.54319 -1.661364 129.8967 -44.5898 -2.520791 125.7881 -47.38811 -2.365922 121.2694 -46.5637 -3.434788 121.2694 -45.19484 -1.736351 125.7881 -47.38811 -2.365922 121.2694 -49.5315 -1.431609 117.0595 -48.92894 -2.808202 117.0595 -47.89579 -1.206135 121.2694 -49.52677 -6.661338e-16 116.9529 -49.5315 -1.431609 117.0595 -49.73496 -2.220446e-16 117.0595 -49.33169 1.382701 116.9522 -48.82717 -6.661338e-16 117.2524 -49.52677 -6.661338e-16 116.9529 -48.65421 1.216869 117.2524 -35.09351 -6.779602 117.0595 -37.07996 -7.197189 117.0595 -35.32165 -6.599531 116.9326 -35.32167 6.599535 116.9326 -36.3819 -5.762665 117.2524 -36.38192 5.762669 117.2524 -35.32165 -6.599531 116.9326 -36.3819 -5.762665 117.2524 -37.25606 -7.005236 116.9328 -38.07039 -6.117614 117.2524 -35.32165 -6.599531 116.9326 -38.07039 -6.117614 117.2524 -39.26888 -7.139126 116.934 -39.82638 -6.237461 117.2524 -37.25606 -7.005236 116.9328 -39.82638 -6.237461 117.2524 -41.28055 -6.996531 116.936 -41.58232 -6.117614 117.2524 -39.26888 -7.139126 116.934 -41.58232 -6.117614 117.2524 -43.21209 -6.58385 116.9385 -43.27083 -5.762665 117.2524 -41.28055 -6.996531 116.936 -44.82693 -5.18626 117.2524 -43.21209 -6.58385 116.9385 -44.98839 -5.918205 116.9416 -43.27083 -5.762665 117.2524 -46.19087 -4.410551 117.2524 -44.98839 -5.918205 116.9416 -46.54118 -5.026575 116.9448 -44.82693 -5.18626 117.2524 -47.31024 -3.465348 117.2524 -46.54118 -5.026575 116.9448 -47.81177 -3.944476 116.9479 -46.19087 -4.410551 117.2524 -48.14201 -2.386973 117.2524 -47.81177 -3.944476 116.9479 -48.75327 -2.714168 116.9505 -47.31024 -3.465348 117.2524 -48.65421 -1.216866 117.2524 -48.75327 -2.714168 116.9505 -49.33169 -1.382701 116.9522 -48.14201 -2.386973 117.2524 -48.82717 -6.661338e-16 117.2524 -49.33169 -1.382701 116.9522 -49.52677 -6.661338e-16 116.9529 -48.65421 -1.216866 117.2524 -39.14581 -1.110223e-15 133.3856 -41.02941 -1.953558 129.8967 -40.44327 -2.170679 129.8967 -41.02941 -1.953558 129.8967 -43.77555 -3.208358 125.7881 -42.78335 -3.772631 125.7881 -41.54319 -1.661364 129.8967 -43.77555 -3.208358 125.7881 -46.5637 -3.434788 121.2694 -45.45421 -4.371657 121.2694 -44.5898 -2.520791 125.7881 -46.5637 -3.434788 121.2694 -48.92894 -2.808202 117.0595 -47.95039 -4.076882 117.0595 -47.38811 -2.365922 121.2694 -48.92894 -2.808202 117.0595 -49.5315 -1.431609 117.0595 -49.33169 -1.382701 116.9522 -49.33169 -1.382701 116.9522 -49.5315 -1.431609 117.0595 -49.52677 -6.661338e-16 116.9529 -35.32165 -6.599531 116.9326 -37.07996 -7.197189 117.0595 -37.25606 -7.005236 116.9328 -35.09351 -6.779602 117.0595 -37.40532 -6.063661 121.2694 -37.07996 -7.197189 117.0595 -35.73172 -5.711846 121.2694 -37.25606 -7.005236 116.9328 -39.14581 -7.338193 117.0595 -39.26888 -7.139126 116.934 -39.26888 -7.139126 116.934 -41.21165 -7.197189 117.0595 -41.28055 -6.996531 116.936 -41.28055 -6.996531 116.936 -43.19811 -6.779606 117.0595 -43.21209 -6.58385 116.9385 -43.21209 -6.58385 116.9385 -45.02882 -6.101484 117.0595 -44.98839 -5.918205 116.9416 -44.98839 -5.918205 116.9416 -46.63346 -5.188886 117.0595 -46.54118 -5.026575 116.9448 -46.54118 -5.026575 116.9448 -47.95039 -4.076882 117.0595 -47.81177 -3.944476 116.9479 -47.81177 -3.944476 116.9479 -47.95039 -4.076882 117.0595 -48.75327 -2.714168 116.9505 -48.75327 -2.714168 116.9505 -48.92894 -2.808202 117.0595 -49.33169 -1.382701 116.9522 -39.14581 -1.110223e-15 133.3856 -40.44327 -2.170679 129.8967 -39.80724 -2.304381 129.8967 -40.44327 -2.170679 129.8967 -42.78335 -3.772631 125.7881 -41.65142 -4.191925 125.7881 -41.02941 -1.953558 129.8967 -44.10228 -5.140524 121.2694 -43.77555 -3.208358 125.7881 -45.45421 -4.371657 121.2694 -42.78335 -3.772631 125.7881 -45.45421 -4.371657 121.2694 -47.95039 -4.076882 117.0595 -46.63346 -5.188886 117.0595 -46.5637 -3.434788 121.2694 -47.95039 -4.076882 117.0595 -48.92894 -2.808202 117.0595 -48.75327 -2.714168 116.9505 -37.07996 -7.197189 117.0595 -39.14581 -7.338193 117.0595 -37.25606 -7.005236 116.9328 -37.40532 -6.063661 121.2694 -39.14581 -7.338193 117.0595 -37.07996 -7.197189 117.0595 -39.14581 -6.182457 121.2694 -35.73172 -5.711846 121.2694 -37.86847 -4.450122 125.7881 -37.40532 -6.063661 121.2694 -36.64021 -4.191921 125.7881 -39.14581 -7.338193 117.0595 -41.21165 -7.197189 117.0595 -39.26888 -7.139126 116.934 -41.21165 -7.197189 117.0595 -43.19811 -6.779606 117.0595 -41.28055 -6.996531 116.936 -43.19811 -6.779606 117.0595 -45.02882 -6.101484 117.0595 -43.21209 -6.58385 116.9385 -44.98839 -5.918205 116.9416 -45.02882 -6.101484 117.0595 -46.63346 -5.188886 117.0595 -46.54118 -5.026575 116.9448 -46.63346 -5.188886 117.0595 -47.95039 -4.076882 117.0595 -39.14581 -1.110223e-15 133.3856 -39.80724 -2.304381 129.8967 -39.14581 -2.349526 129.8967 -39.80724 -2.304381 129.8967 -41.65142 -4.191925 125.7881 -40.42315 -4.450122 125.7881 -40.44327 -2.170679 129.8967 -42.55988 -5.711846 121.2694 -42.78335 -3.772631 125.7881 -44.10228 -5.140524 121.2694 -41.65142 -4.191925 125.7881 -44.10228 -5.140524 121.2694 -46.63346 -5.188886 117.0595 -45.02882 -6.101484 117.0595 -45.45421 -4.371657 121.2694 -39.14581 -6.182457 121.2694 -41.21165 -7.197189 117.0595 -39.14581 -7.338193 117.0595 -40.8863 -6.063661 121.2694 -37.86847 -4.450122 125.7881 -39.14581 -6.182457 121.2694 -37.40532 -6.063661 121.2694 -39.14581 -4.537307 125.7881 -36.64021 -4.191921 125.7881 -38.48437 -2.304381 129.8967 -37.86847 -4.450122 125.7881 -37.84835 -2.170679 129.8967 -40.8863 -6.063661 121.2694 -43.19811 -6.779606 117.0595 -41.21165 -7.197189 117.0595 -42.55988 -5.711846 121.2694 -42.55988 -5.711846 121.2694 -45.02882 -6.101484 117.0595 -43.19811 -6.779606 117.0595 -44.10228 -5.140524 121.2694 -39.14581 -1.110223e-15 133.3856 -39.14581 -2.349526 129.8967 -38.48437 -2.304381 129.8967 -39.14581 -4.537307 125.7881 -39.80724 -2.304381 129.8967 -40.42315 -4.450122 125.7881 -39.14581 -2.349526 129.8967 -40.42315 -4.450122 125.7881 -42.55988 -5.711846 121.2694 -40.8863 -6.063661 121.2694 -41.65142 -4.191925 125.7881 -39.14581 -6.182457 121.2694 -40.42315 -4.450122 125.7881 -40.8863 -6.063661 121.2694 -39.14581 -4.537307 125.7881 -38.48437 -2.304381 129.8967 -39.14581 -4.537307 125.7881 -37.86847 -4.450122 125.7881 -39.14581 -2.349526 129.8967 -39.14581 -1.110223e-15 133.3856 -38.48437 -2.304381 129.8967 -37.84835 -2.170679 129.8967</float_array>
                    <technique_common>
                        <accessor count="613" source="#ID85" stride="3">
                            <param name="X" type="float" />
                            <param name="Y" type="float" />
                            <param name="Z" type="float" />
                        </accessor>
                    </technique_common>
                </source>
                <source id="ID83">
                    <float_array id="ID86" count="1839">-0.2828821 0.7636715 0.5803306 -0.2828821 0.7636715 0.5803306 -0.2828821 0.7636715 0.5803306 -0.3947997 0.694196 0.6018514 -0.3947997 0.694196 0.6018514 -0.3947997 0.694196 0.6018514 -0.1696875 0.8072218 0.5653311 -0.1696875 0.8072218 0.5653311 -0.1696875 0.8072218 0.5653311 -0.3026211 0.8169642 0.4909074 -0.3026211 0.8169642 0.4909074 -0.3026211 0.8169642 0.4909074 -0.3026211 0.8169642 0.4909074 -0.5020269 0.5945456 0.62808 -0.5020269 0.5945456 0.62808 -0.5020269 0.5945456 0.62808 -0.4246695 0.7467269 0.5119129 -0.4246695 0.7467269 0.5119129 -0.4246695 0.7467269 0.5119129 -0.4246695 0.7467269 0.5119129 -0.05652434 0.8281263 0.5576844 -0.05652434 0.8281263 0.5576844 -0.05652434 0.8281263 0.5576844 -0.180866 0.8603876 0.4764669 -0.180866 0.8603876 0.4764669 -0.180866 0.8603876 0.4764669 -0.180866 0.8603876 0.4764669 -0.3241289 0.8750436 0.3594984 -0.3241289 0.8750436 0.3594984 -0.3241289 0.8750436 0.3594984 -0.3241289 0.8750436 0.3594984 -0.5978918 0.46116 0.6556346 -0.5978918 0.46116 0.6556346 -0.5978918 0.46116 0.6556346 -0.5438389 0.6440458 0.5380002 -0.5438389 0.6440458 0.5380002 -0.5438389 0.6440458 0.5380002 -0.5438389 0.6440458 0.5380002 -0.4578177 0.8050055 0.3773183 -0.4578177 0.8050055 0.3773183 -0.4578177 0.8050055 0.3773183 -0.4578177 0.8050055 0.3773183 0.05652207 0.8281264 0.5576845 0.05652207 0.8281264 0.5576845 0.05652207 0.8281264 0.5576845 -0.0601348 0.8810607 0.469165 -0.0601348 0.8810607 0.469165 -0.0601348 0.8810607 0.469165 -0.0601348 0.8810607 0.469165 -0.1929037 0.917644 0.3474444 -0.1929037 0.917644 0.3474444 -0.1929037 0.917644 0.3474444 -0.1929037 0.917644 0.3474444 -0.3335607 0.9005092 0.2789631 -0.3335607 0.9005092 0.2789631 -0.3335607 0.9005092 0.2789631 -0.3335607 0.9005092 0.2789631 -0.6722345 0.2942292 0.6793599 -0.6722345 0.2942292 0.6793599 -0.6722345 0.2942292 0.6793599 -0.6527786 0.5034903 0.5660191 -0.6527786 0.5034903 0.5660191 -0.6527786 0.5034903 0.5660191 -0.6527786 0.5034903 0.5660191 -0.5913206 0.7002715 0.3999496 -0.5913206 0.7002715 0.3999496 -0.5913206 0.7002715 0.3999496 -0.5913206 0.7002715 0.3999496 -0.4725652 0.8309267 0.2936714 -0.4725652 0.8309267 0.2936714 -0.4725652 0.8309267 0.2936714 -0.4725652 0.8309267 0.2936714 0.1696903 0.807221 0.5653313 0.1696903 0.807221 0.5653313 0.1696903 0.807221 0.5653313 0.06013488 0.8810609 0.4691648 0.06013488 0.8810609 0.4691648 0.06013488 0.8810609 0.4691648 0.06013488 0.8810609 0.4691648 -0.06400332 0.937734 0.3414068 -0.06400332 0.937734 0.3414068 -0.06400332 0.937734 0.3414068 -0.06400332 0.937734 0.3414068 -0.1981316 0.942516 0.2690864 -0.1981316 0.942516 0.2690864 -0.1981316 0.942516 0.2690864 -0.1981316 0.942516 0.2690864 -0.1947241 0.5256916 -0.8280887 -0.1947241 0.5256916 -0.8280887 -0.1947241 0.5256916 -0.8280887 -0.7134585 0.1014187 0.693319 -0.7134585 0.1014187 0.693319 -0.7134585 0.1014187 0.693319 -0.7391792 0.3235657 0.590694 -0.7391792 0.3235657 0.590694 -0.7391792 0.3235657 0.590694 -0.7391792 0.3235657 0.590694 -0.7167848 0.5528542 0.4249374 -0.7167848 0.5528542 0.4249374 -0.7167848 0.5528542 0.4249374 -0.7167848 0.5528542 0.4249374 -0.6128395 0.7257677 0.3125523 -0.6128395 0.7257677 0.3125523 -0.6128395 0.7257677 0.3125523 -0.6128395 0.7257677 0.3125523 -0.271693 0.4777249 -0.8354411 -0.271693 0.4777249 -0.8354411 -0.271693 0.4777249 -0.8354411 0.180866 0.8603878 0.4764665 0.180866 0.8603878 0.4764665 0.180866 0.8603878 0.4764665 0.180866 0.8603878 0.4764665 0.06400287 0.9377339 0.3414071 0.06400287 0.9377339 0.3414071 0.06400287 0.9377339 0.3414071 0.06400287 0.9377339 0.3414071 -0.06567711 0.96224 0.2641605 -0.06567711 0.96224 0.2641605 -0.06567711 0.96224 0.2641605 -0.06567711 0.96224 0.2641605 -0.1154556 0.5492265 -0.8276595 -0.1154556 0.5492265 -0.8276595 -0.1154556 0.5492265 -0.8276595 -0.1893736 0.5015056 -0.8441741 -0.1893736 0.5015056 -0.8441741 -0.1893736 0.5015056 -0.8441741 -0.1139633 0.5281824 -0.8414486 -0.1139633 0.5281824 -0.8414486 -0.1139633 0.5281824 -0.8414486 -0.7134585 -0.1014187 0.693319 -0.7134585 -0.1014187 0.693319 -0.7134585 -0.1014187 0.693319 -0.7879508 0.1119783 0.6054703 -0.7879508 0.1119783 0.6054703 -0.7879508 0.1119783 0.6054703 -0.7879508 0.1119783 0.6054703 -0.8191969 0.3585943 0.4475785 -0.8191969 0.3585943 0.4475785 -0.8191969 0.3585943 0.4475785 -0.8191969 0.3585943 0.4475785 -0.7464468 0.5757372 0.3336823 -0.7464468 0.5757372 0.3336823 -0.7464468 0.5757372 0.3336823 -0.7464468 0.5757372 0.3336823 -0.3420278 0.4050582 -0.8479062 -0.3420278 0.4050582 -0.8479062 -0.3420278 0.4050582 -0.8479062 -0.2620736 0.4533606 -0.8519281 -0.2620736 0.4533606 -0.8519281 -0.2620736 0.4533606 -0.8519281 0.1929019 0.9176443 0.3474448 0.1929019 0.9176443 0.3474448 0.1929019 0.9176443 0.3474448 0.1929019 0.9176443 0.3474448 0.06567594 0.96224 0.2641605 0.06567594 0.96224 0.2641605 0.06567594 0.96224 0.2641605 0.06567594 0.96224 0.2641605 -0.0375029 0.5494544 -0.8346816 -0.0375029 0.5494544 -0.8346816 -0.0375029 0.5494544 -0.8346816 -0.03864214 0.5334835 -0.8449273 -0.03864214 0.5334835 -0.8449273 -0.03864214 0.5334835 -0.8449273 0.1341216 -0.3620983 -0.9224404 0.1341216 -0.3620983 -0.9224404 0.1341216 -0.3620983 -0.9224404 0.1341216 -0.3620983 -0.9224404 0.07582262 -0.3606669 -0.9296076 0.07582262 -0.3606669 -0.9296076 0.07582262 -0.3606669 -0.9296076 0.07582262 -0.3606669 -0.9296076 -0.6722345 -0.2942292 0.6793599 -0.6722345 -0.2942292 0.6793599 -0.6722345 -0.2942292 0.6793599 -0.7879508 -0.1119783 0.6054703 -0.7879508 -0.1119783 0.6054703 -0.7879508 -0.1119783 0.6054703 -0.7879508 -0.1119783 0.6054703 -0.8783371 0.1248433 0.4614521 -0.8783371 0.1248433 0.4614521 -0.8783371 0.1248433 0.4614521 -0.8783371 0.1248433 0.4614521 -0.8570735 0.3751614 0.3530992 -0.8570735 0.3751614 0.3530992 -0.8570735 0.3751614 0.3530992 -0.8570735 0.3751614 0.3530992 -0.3841989 0.2963364 -0.8744003 -0.3841989 0.2963364 -0.8744003 -0.3841989 0.2963364 -0.8744003 -0.3287664 0.3835541 -0.8630173 -0.3287664 0.3835541 -0.8630173 -0.3287664 0.3835541 -0.8630173 0.1968393 -0.3460915 -0.9173194 0.1968393 -0.3460915 -0.9173194 0.1968393 -0.3460915 -0.9173194 0.1968393 -0.3460915 -0.9173194 0.1981306 0.9425162 0.2690862 0.1981306 0.9425162 0.2690862 0.1981306 0.9425162 0.2690862 0.1981306 0.9425162 0.2690862 0.03598939 0.5272897 -0.848923 0.03598939 0.5272897 -0.848923 0.03598939 0.5272897 -0.848923 0.03394961 0.5179296 -0.8547493 0.03394961 0.5179296 -0.8547493 0.03394961 0.5179296 -0.8547493 0.02359496 -0.3457648 -0.9380245 0.02359496 -0.3457648 -0.9380245 0.02359496 -0.3457648 -0.9380245 0.02359496 -0.3457648 -0.9380245 0.2980324 -0.8045993 -0.5136113 0.2980324 -0.8045993 -0.5136113 0.2980324 -0.8045993 -0.5136113 0.2980324 -0.8045993 -0.5136113 0.1738977 -0.827232 -0.5342722 0.1738977 -0.827232 -0.5342722 0.1738977 -0.827232 -0.5342722 0.1738977 -0.827232 -0.5342722 -0.5978918 -0.46116 0.6556346 -0.5978918 -0.46116 0.6556346 -0.5978918 -0.46116 0.6556346 -0.7391792 -0.3235657 0.590694 -0.7391792 -0.3235657 0.590694 -0.7391792 -0.3235657 0.590694 -0.7391792 -0.3235657 0.590694 -0.8783371 -0.1248434 0.4614521 -0.8783371 -0.1248434 0.4614521 -0.8783371 -0.1248434 0.4614521 -0.8783371 -0.1248434 0.4614521 -0.9216951 0.1310057 0.3651243 -0.9216951 0.1310057 0.3651243 -0.9216951 0.1310057 0.3651243 -0.9216951 0.1310057 0.3651243 -0.4286219 0.187615 -0.8837895 -0.4286219 0.187615 -0.8837895 -0.4286219 0.187615 -0.8837895 -0.4024561 0.3061588 -0.8627259 -0.4024561 0.3061588 -0.8627259 -0.4024561 0.3061588 -0.8627259 -0.4419715 0.1908378 -0.8764942 -0.4419715 0.1908378 -0.8764942 -0.4419715 0.1908378 -0.8764942 0.2605807 -0.308599 -0.9148029 0.2605807 -0.308599 -0.9148029 0.2605807 -0.308599 -0.9148029 0.2605807 -0.308599 -0.9148029 0.4281426 -0.7528038 -0.4999804 0.4281426 -0.7528038 -0.4999804 0.4281426 -0.7528038 -0.4999804 0.4281426 -0.7528038 -0.4999804 0.101733 0.4839479 -0.8691633 0.101733 0.4839479 -0.8691633 0.101733 0.4839479 -0.8691633 0.1009405 0.4818798 -0.8704039 0.1009405 0.4818798 -0.8704039 0.1009405 0.4818798 -0.8704039 -0.02189359 -0.3207808 -0.9469004 -0.02189359 -0.3207808 -0.9469004 -0.02189359 -0.3207808 -0.9469004 -0.02189359 -0.3207808 -0.9469004 0.0563564 -0.8256952 -0.5612944 0.0563564 -0.8256952 -0.5612944 0.0563564 -0.8256952 -0.5612944 0.0563564 -0.8256952 -0.5612944 0 0 -1 0 0 -1 0 0 -1 0 0 -1 0 0 -1 0 0 -1 0 0 -1 0 0 -1 0 0 -1 0 0 -1 0 0 -1 0 0 -1 0 0 -1 0 0 -1 0 0 -1 0 0 -1 0 0 -1 0 0 -1 0 0 -1 0 0 -1 0 0 -1 -0.5020269 -0.5945456 0.62808 -0.5020269 -0.5945456 0.62808 -0.5020269 -0.5945456 0.62808 -0.6527786 -0.5034903 0.5660191 -0.6527786 -0.5034903 0.5660191 -0.6527786 -0.5034903 0.5660191 -0.6527786 -0.5034903 0.5660191 -0.819197 -0.3585944 0.4475783 -0.819197 -0.3585944 0.4475783 -0.819197 -0.3585944 0.4475783 -0.819197 -0.3585944 0.4475783 -0.921695 -0.1310058 0.3651243 -0.921695 -0.1310058 0.3651243 -0.921695 -0.1310058 0.3651243 -0.921695 -0.1310058 0.3651243 -0.4549899 0.06466451 -0.8881457 -0.4549899 0.06466451 -0.8881457 -0.4549899 0.06466451 -0.8881457 -0.4597857 0.06446551 -0.8856869 -0.4597857 0.06446551 -0.8856869 -0.4597857 0.06446551 -0.8856869 0.3197807 -0.2466488 -0.9148249 0.3197807 -0.2466488 -0.9148249 0.3197807 -0.2466488 -0.9148249 0.3197807 -0.2466488 -0.9148249 0.3666713 -0.1605096 -0.9163999 0.3666713 -0.1605096 -0.9163999 0.3666713 -0.1605096 -0.9163999 0.3666713 -0.1605096 -0.9163999 0.5610909 -0.6644841 -0.4935969 0.5610909 -0.6644841 -0.4935969 0.5610909 -0.6644841 -0.4935969 0.5610909 -0.6644841 -0.4935969 0.4862989 6.428732e-07 -0.8737925 0.4862989 6.428732e-07 -0.8737925 0.4862989 6.428732e-07 -0.8737925 0.4862989 6.428732e-07 -0.8737925 -0.06061922 -0.2883782 -0.9555958 -0.06061922 -0.2883782 -0.9555958 -0.06061922 -0.2883782 -0.9555958 -0.06061922 -0.2883782 -0.9555958 -0.0547898 -0.8027559 -0.5937854 -0.0547898 -0.8027559 -0.5937854 -0.0547898 -0.8027559 -0.5937854 -0.0547898 -0.8027559 -0.5937854 0.8565961 -0.1217506 -0.5014179 0.8565961 -0.1217506 -0.5014179 0.8565961 -0.1217506 -0.5014179 0.8565961 -0.1217506 -0.5014179 0.7945872 -0.3478233 -0.4976445 0.7945872 -0.3478233 -0.4976445 0.7945872 -0.3478233 -0.4976445 0.7945872 -0.3478233 -0.4976445 0.6886193 -0.5311367 -0.493657 0.6886193 -0.5311367 -0.493657 0.6886193 -0.5311367 -0.493657 0.6886193 -0.5311367 -0.493657 -0.1596545 -0.7594838 -0.6306304 -0.1596545 -0.7594838 -0.6306304 -0.1596545 -0.7594838 -0.6306304 -0.1596545 -0.7594838 -0.6306304 -0.7692018 -1.169672e-06 -0.6390059 -0.7692018 -1.169672e-06 -0.6390059 -0.7692018 -1.169672e-06 -0.6390059 -0.7692018 -1.169672e-06 -0.6390059 -0.159657 0.7594817 -0.6306324 -0.159657 0.7594817 -0.6306324 -0.159657 0.7594817 -0.6306324 -0.159657 0.7594817 -0.6306324 -0.05478909 0.8027571 -0.5937838 -0.05478909 0.8027571 -0.5937838 -0.05478909 0.8027571 -0.5937838 -0.05478909 0.8027571 -0.5937838 0.05635627 0.8256961 -0.5612931 0.05635627 0.8256961 -0.5612931 0.05635627 0.8256961 -0.5612931 0.05635627 0.8256961 -0.5612931 0.1738977 0.827232 -0.5342722 0.1738977 0.827232 -0.5342722 0.1738977 0.827232 -0.5342722 0.1738977 0.827232 -0.5342722 0.2980324 0.8045993 -0.5136113 0.2980324 0.8045993 -0.5136113 0.2980324 0.8045993 -0.5136113 0.2980324 0.8045993 -0.5136113 0.4281426 0.7528038 -0.4999804 0.4281426 0.7528038 -0.4999804 0.4281426 0.7528038 -0.4999804 0.4281426 0.7528038 -0.4999804 0.5610909 0.6644841 -0.4935969 0.5610909 0.6644841 -0.4935969 0.5610909 0.6644841 -0.4935969 0.5610909 0.6644841 -0.4935969 0.6886193 0.5311367 -0.493657 0.6886193 0.5311367 -0.493657 0.6886193 0.5311367 -0.493657 0.6886193 0.5311367 -0.493657 0.7945875 0.3478227 -0.4976445 0.7945875 0.3478227 -0.4976445 0.7945875 0.3478227 -0.4976445 0.7945875 0.3478227 -0.4976445 0.856596 0.1217509 -0.5014179 0.856596 0.1217509 -0.5014179 0.856596 0.1217509 -0.5014179 0.856596 0.1217509 -0.5014179 -0.3947997 -0.694196 0.6018514 -0.3947997 -0.694196 0.6018514 -0.3947997 -0.694196 0.6018514 -0.5438389 -0.6440458 0.5380002 -0.5438389 -0.6440458 0.5380002 -0.5438389 -0.6440458 0.5380002 -0.5438389 -0.6440458 0.5380002 -0.7167852 -0.5528538 0.4249374 -0.7167852 -0.5528538 0.4249374 -0.7167852 -0.5528538 0.4249374 -0.7167852 -0.5528538 0.4249374 -0.8570733 -0.3751617 0.3530992 -0.8570733 -0.3751617 0.3530992 -0.8570733 -0.3751617 0.3530992 -0.8570733 -0.3751617 0.3530992 -0.4549899 -0.06466451 -0.8881457 -0.4549899 -0.06466451 -0.8881457 -0.4549899 -0.06466451 -0.8881457 0.3929303 -0.05585139 -0.9178706 0.3929303 -0.05585139 -0.9178706 0.3929303 -0.05585139 -0.9178706 0.3929303 -0.05585139 -0.9178706 0.1017356 -0.4839546 -0.8691593 0.1017356 -0.4839546 -0.8691593 0.1017356 -0.4839546 -0.8691593 -0.2887777 -4.577396e-07 -0.9573962 -0.2887777 -4.577396e-07 -0.9573962 -0.2887777 -4.577396e-07 -0.9573962 -0.2887777 -4.577396e-07 -0.9573962 -0.06061956 0.2883785 -0.9555957 -0.06061956 0.2883785 -0.9555957 -0.06061956 0.2883785 -0.9555957 -0.06061956 0.2883785 -0.9555957 -0.02189344 0.3207809 -0.9469004 -0.02189344 0.3207809 -0.9469004 -0.02189344 0.3207809 -0.9469004 -0.02189344 0.3207809 -0.9469004 0.02359454 0.345764 -0.9380248 0.02359454 0.345764 -0.9380248 0.02359454 0.345764 -0.9380248 0.02359454 0.345764 -0.9380248 0.07582262 0.3606669 -0.9296076 0.07582262 0.3606669 -0.9296076 0.07582262 0.3606669 -0.9296076 0.07582262 0.3606669 -0.9296076 0.1341216 0.3620983 -0.9224404 0.1341216 0.3620983 -0.9224404 0.1341216 0.3620983 -0.9224404 0.1341216 0.3620983 -0.9224404 0.1968393 0.3460915 -0.9173194 0.1968393 0.3460915 -0.9173194 0.1968393 0.3460915 -0.9173194 0.1968393 0.3460915 -0.9173194 0.2605807 0.308599 -0.9148029 0.2605807 0.308599 -0.9148029 0.2605807 0.308599 -0.9148029 0.2605807 0.308599 -0.9148029 0.3197811 0.2466488 -0.9148248 0.3197811 0.2466488 -0.9148248 0.3197811 0.2466488 -0.9148248 0.3197811 0.2466488 -0.9148248 0.3666713 0.1605096 -0.9163999 0.3666713 0.1605096 -0.9163999 0.3666713 0.1605096 -0.9163999 0.3666713 0.1605096 -0.9163999 0.3929302 0.05585142 -0.9178706 0.3929302 0.05585142 -0.9178706 0.3929302 0.05585142 -0.9178706 0.3929302 0.05585142 -0.9178706 -0.2828821 -0.7636715 0.5803306 -0.2828821 -0.7636715 0.5803306 -0.2828821 -0.7636715 0.5803306 -0.4246695 -0.7467269 0.5119129 -0.4246695 -0.7467269 0.5119129 -0.4246695 -0.7467269 0.5119129 -0.4246695 -0.7467269 0.5119129 -0.5913206 -0.7002715 0.3999496 -0.5913206 -0.7002715 0.3999496 -0.5913206 -0.7002715 0.3999496 -0.5913206 -0.7002715 0.3999496 -0.7464473 -0.5757365 0.3336824 -0.7464473 -0.5757365 0.3336824 -0.7464473 -0.5757365 0.3336824 -0.7464473 -0.5757365 0.3336824 -0.4286218 -0.1876153 -0.8837895 -0.4286218 -0.1876153 -0.8837895 -0.4286218 -0.1876153 -0.8837895 -0.4597857 -0.06446551 -0.8856869 -0.4597857 -0.06446551 -0.8856869 -0.4597857 -0.06446551 -0.8856869 0.1009405 -0.4818798 -0.8704039 0.1009405 -0.4818798 -0.8704039 0.1009405 -0.4818798 -0.8704039 0.1981321 -0.942516 0.2690859 0.1981321 -0.942516 0.2690859 0.1981321 -0.942516 0.2690859 0.1981321 -0.942516 0.2690859 0.03395037 -0.5179297 -0.8547492 0.03395037 -0.5179297 -0.8547492 0.03395037 -0.5179297 -0.8547492 -0.03864206 -0.5334835 -0.8449273 -0.03864206 -0.5334835 -0.8449273 -0.03864206 -0.5334835 -0.8449273 -0.1139633 -0.5281824 -0.8414486 -0.1139633 -0.5281824 -0.8414486 -0.1139633 -0.5281824 -0.8414486 -0.1893736 -0.5015056 -0.8441741 -0.1893736 -0.5015056 -0.8441741 -0.1893736 -0.5015056 -0.8441741 -0.2620736 -0.4533606 -0.8519281 -0.2620736 -0.4533606 -0.8519281 -0.2620736 -0.4533606 -0.8519281 -0.3287664 -0.3835541 -0.8630173 -0.3287664 -0.3835541 -0.8630173 -0.3287664 -0.3835541 -0.8630173 -0.4024564 -0.3061584 -0.8627258 -0.4024564 -0.3061584 -0.8627258 -0.4024564 -0.3061584 -0.8627258 -0.4419714 -0.190838 -0.8764942 -0.4419714 -0.190838 -0.8764942 -0.4419714 -0.190838 -0.8764942 -0.1696903 -0.8072208 0.5653315 -0.1696903 -0.8072208 0.5653315 -0.1696903 -0.8072208 0.5653315 -0.3026229 -0.8169631 0.4909079 -0.3026229 -0.8169631 0.4909079 -0.3026229 -0.8169631 0.4909079 -0.3026229 -0.8169631 0.4909079 -0.4578177 -0.8050055 0.3773183 -0.4578177 -0.8050055 0.3773183 -0.4578177 -0.8050055 0.3773183 -0.4578177 -0.8050055 0.3773183 -0.6128395 -0.7257677 0.3125523 -0.6128395 -0.7257677 0.3125523 -0.6128395 -0.7257677 0.3125523 -0.6128395 -0.7257677 0.3125523 -0.3841991 -0.296336 -0.8744004 -0.3841991 -0.296336 -0.8744004 -0.3841991 -0.296336 -0.8744004 0.03599003 -0.5272893 -0.8489233 0.03599003 -0.5272893 -0.8489233 0.03599003 -0.5272893 -0.8489233 0.06567724 -0.96224 0.2641605 0.06567724 -0.96224 0.2641605 0.06567724 -0.96224 0.2641605 0.06567724 -0.96224 0.2641605 0.1929031 -0.917644 0.3474447 0.1929031 -0.917644 0.3474447 0.1929031 -0.917644 0.3474447 0.1929031 -0.917644 0.3474447 -0.03750287 -0.5494539 -0.8346819 -0.03750287 -0.5494539 -0.8346819 -0.03750287 -0.5494539 -0.8346819 -0.1154556 -0.5492265 -0.8276595 -0.1154556 -0.5492265 -0.8276595 -0.1154556 -0.5492265 -0.8276595 -0.1947241 -0.5256916 -0.8280887 -0.1947241 -0.5256916 -0.8280887 -0.1947241 -0.5256916 -0.8280887 -0.271693 -0.4777249 -0.8354411 -0.271693 -0.4777249 -0.8354411 -0.271693 -0.4777249 -0.8354411 -0.3420278 -0.4050582 -0.8479062 -0.3420278 -0.4050582 -0.8479062 -0.3420278 -0.4050582 -0.8479062 -0.05652139 -0.8281264 0.5576845 -0.05652139 -0.8281264 0.5576845 -0.05652139 -0.8281264 0.5576845 -0.1808646 -0.8603879 0.4764669 -0.1808646 -0.8603879 0.4764669 -0.1808646 -0.8603879 0.4764669 -0.1808646 -0.8603879 0.4764669 -0.3241299 -0.8750433 0.3594982 -0.3241299 -0.8750433 0.3594982 -0.3241299 -0.8750433 0.3594982 -0.3241299 -0.8750433 0.3594982 -0.4725652 -0.8309267 0.2936714 -0.4725652 -0.8309267 0.2936714 -0.4725652 -0.8309267 0.2936714 -0.4725652 -0.8309267 0.2936714 -0.06567711 -0.96224 0.2641605 -0.06567711 -0.96224 0.2641605 -0.06567711 -0.96224 0.2641605 -0.06567711 -0.96224 0.2641605 0.06400459 -0.937734 0.3414064 0.06400459 -0.937734 0.3414064 0.06400459 -0.937734 0.3414064 0.06400459 -0.937734 0.3414064 0.1808683 -0.8603873 0.4764666 0.1808683 -0.8603873 0.4764666 0.1808683 -0.8603873 0.4764666 0.1808683 -0.8603873 0.4764666 -0.1981316 -0.942516 0.2690864 -0.1981316 -0.942516 0.2690864 -0.1981316 -0.942516 0.2690864 -0.1981316 -0.942516 0.2690864 -0.3335607 -0.9005092 0.2789631 -0.3335607 -0.9005092 0.2789631 -0.3335607 -0.9005092 0.2789631 -0.3335607 -0.9005092 0.2789631 0.05652139 -0.8281264 0.5576845 0.05652139 -0.8281264 0.5576845 0.05652139 -0.8281264 0.5576845 -0.06013627 -0.8810605 0.4691652 -0.06013627 -0.8810605 0.4691652 -0.06013627 -0.8810605 0.4691652 -0.06013627 -0.8810605 0.4691652 -0.1929027 -0.9176444 0.347444 -0.1929027 -0.9176444 0.347444 -0.1929027 -0.9176444 0.347444 -0.1929027 -0.9176444 0.347444 -0.06400434 -0.937734 0.3414064 -0.06400434 -0.937734 0.3414064 -0.06400434 -0.937734 0.3414064 -0.06400434 -0.937734 0.3414064 0.06013641 -0.8810605 0.4691651 0.06013641 -0.8810605 0.4691651 0.06013641 -0.8810605 0.4691651 0.06013641 -0.8810605 0.4691651 0.1696913 -0.8072206 0.5653316 0.1696913 -0.8072206 0.5653316 0.1696913 -0.8072206 0.5653316</float_array>
                    <technique_common>
                        <accessor count="613" source="#ID86" stride="3">
                            <param name="X" type="float" />
                            <param name="Y" type="float" />
                            <param name="Z" type="float" />
                        </accessor>
                    </technique_common>
                </source>
                <vertices id="ID84">
                    <input semantic="POSITION" source="#ID82" />
                    <input semantic="NORMAL" source="#ID83" />
                </vertices>
                <triangles count="285" material="Material2">
                    <input offset="0" semantic="VERTEX" source="#ID84" />
                    <p>0 1 2 3 4 5 6 7 8 9 10 11 10 9 12 13 14 15 16 17 18 17 16 19 20 21 22 23 24 25 24 23 26 27 28 29 28 27 30 31 32 33 34 35 36 35 34 37 38 39 40 39 38 41 42 43 44 45 46 47 46 45 48 49 50 51 50 49 52 53 54 55 54 53 56 57 58 59 60 61 62 61 60 63 64 65 66 65 64 67 68 69 70 69 68 71 72 73 74 75 76 77 76 75 78 79 80 81 80 79 82 83 84 85 84 83 86 87 88 89 90 91 92 93 94 95 94 93 96 97 98 99 98 97 100 101 102 103 102 101 104 105 106 107 108 109 110 109 108 111 112 113 114 113 112 115 116 117 118 117 116 119 120 121 122 123 124 125 126 127 128 129 130 131 132 133 134 133 132 135 136 137 138 137 136 139 140 141 142 141 140 143 144 145 146 147 148 149 150 151 152 151 150 153 154 155 156 155 154 157 158 159 160 161 162 163 164 165 166 165 164 167 168 169 170 169 168 171 172 173 174 175 176 177 176 175 178 179 180 181 180 179 182 183 184 185 184 183 186 187 188 189 190 191 192 193 194 195 194 193 196 197 198 199 198 197 200 201 202 203 204 205 206 207 208 209 208 207 210 211 212 213 212 211 214 215 216 217 216 215 218 219 220 221 222 223 224 223 222 225 226 227 228 227 226 229 230 231 232 231 230 233 234 235 236 237 238 239 240 241 242 243 244 245 244 243 246 247 248 249 248 247 250 251 252 253 254 255 256 257 258 259 258 257 260 261 262 263 262 261 264 265 266 267 266 265 268 266 268 269 269 268 270 269 270 271 271 270 272 271 272 273 273 272 274 273 274 275 275 274 276 275 276 277 277 276 278 277 278 279 279 278 280 279 280 281 281 280 282 281 282 283 283 282 284 283 284 285 286 287 288 289 290 291 290 289 292 293 294 295 294 293 296 297 298 299 298 297 300 301 302 303 304 305 306 307 308 309 308 307 310 311 312 313 312 311 314 315 316 317 316 315 318 319 320 321 320 319 322 323 324 325 324 323 326 327 328 329 328 327 330 331 332 333 332 331 334 335 336 337 336 335 338 339 340 341 340 339 342 343 344 345 344 343 346 347 348 349 348 347 350 351 352 353 352 351 354 355 356 357 356 355 358 359 360 361 360 359 362 363 364 365 364 363 366 367 368 369 368 367 370 371 372 373 372 371 374 375 376 377 376 375 378 379 380 381 380 379 382 383 384 385 384 383 386 387 388 389 388 387 390 391 392 393 394 395 396 395 394 397 398 399 400 399 398 401 402 403 404 403 402 405 406 407 408 409 410 411 410 409 412 413 414 415 416 417 418 417 416 419 420 421 422 421 420 423 424 425 426 425 424 427 428 429 430 429 428 431 432 433 434 433 432 435 436 437 438 437 436 439 440 441 442 441 440 443 444 445 446 445 444 447 448 449 450 449 448 451 452 453 454 453 452 455 456 457 458 457 456 459 460 461 462 463 464 465 464 463 466 467 468 469 468 467 470 471 472 473 472 471 474 475 476 477 478 479 480 481 482 483 484 485 486 485 484 487 488 489 490 491 492 493 494 495 496 497 498 499 500 501 502 503 504 505 506 507 508 509 510 511 512 513 514 515 516 517 516 515 518 519 520 521 520 519 522 523 524 525 524 523 526 527 528 529 530 531 532 533 534 535 534 533 536 537 538 539 538 537 540 541 542 543 544 545 546 547 548 549 550 551 552 553 554 555 556 557 558 559 560 561 560 559 562 563 564 565 564 563 566 567 568 569 568 567 570 571 572 573 572 571 574 575 576 577 576 575 578 579 580 581 580 579 582 583 584 585 584 583 586 587 588 589 588 587 590 591 592 593 594 595 596 595 594 597 598 599 600 599 598 601 602 603 604 603 602 605 606 607 608 607 606 609 610 611 612</p>
                </triangles>
            </mesh>
        </geometry>
        <geometry id="ID87">
            <mesh>
                <source id="ID88">
                    <float_array id="ID91" count="465">32.78131 -18.89764 27.55055 28.137 -25.28998 -2.220446e-16 28.137 -25.28998 27.55055 32.78131 -18.89764 0 22.26515 -30.57702 0 28.137 -25.28998 27.55055 28.137 -25.28998 -2.220446e-16 22.26515 -30.57702 27.55055 -35.89581 11.67935 27.55055 -37.53859 -3.950693 27.55055 -37.53859 3.950661 27.55055 -35.8958 -11.67939 27.55055 -32.68205 18.8976 27.55055 -32.68203 -18.89764 27.55055 -28.03776 25.28994 27.55055 -28.03773 -25.28998 27.55055 -22.16591 30.57699 27.55055 -22.16587 -30.57702 27.55055 -15.32315 34.52768 27.55055 -15.32309 -34.5277 27.55055 -7.808516 36.96935 27.55055 -7.808437 -36.96936 27.55055 0.04963846 37.79528 27.55055 0.04963846 -37.79528 27.55055 7.907791 36.96935 27.55055 7.907717 -36.96936 27.55055 15.42236 -34.5277 27.55055 15.42236 34.5277 27.55055 22.26515 -30.57702 27.55055 22.26515 30.57702 27.55055 28.13704 25.28994 27.55055 28.137 -25.28998 27.55055 32.78131 -18.89764 27.55055 32.78133 18.8976 27.55055 35.99508 -11.67939 27.55055 35.99509 11.67935 27.55055 37.30931 -5.496425 27.55055 37.30931 5.496417 27.55055 37.63787 0 27.55055 35.99508 -11.67939 27.55055 32.78131 -18.89764 0 32.78131 -18.89764 27.55055 35.99508 -11.67939 -2.220446e-16 15.42236 -34.5277 27.55055 22.26515 -30.57702 0 15.42236 -34.5277 -2.220446e-16 22.26515 -30.57702 27.55055 -32.68205 18.8976 4.440892e-16 -28.03776 25.28994 27.55055 -32.68205 18.8976 27.55055 -28.03776 25.28994 0 -22.16591 30.57699 2.220446e-16 -28.03776 25.28994 27.55055 -28.03776 25.28994 0 -22.16591 30.57699 27.55055 -15.32315 34.52768 27.55055 -22.16591 30.57699 2.220446e-16 -15.32315 34.52768 2.220446e-16 -22.16591 30.57699 27.55055 -7.808516 36.96935 27.55055 -15.32315 34.52768 2.220446e-16 -7.808516 36.96935 2.220446e-16 -15.32315 34.52768 27.55055 0.04963846 37.79528 27.55055 -7.808516 36.96935 2.220446e-16 0.04963846 37.79528 2.220446e-16 -7.808516 36.96935 27.55055 7.907791 36.96935 27.55055 0.04963846 37.79528 2.220446e-16 7.907791 36.96935 2.220446e-16 0.04963846 37.79528 27.55055 15.42236 34.5277 4.440892e-16 7.907791 36.96935 27.55055 7.907791 36.96935 2.220446e-16 15.42236 34.5277 27.55055 22.26515 30.57702 27.55055 15.42236 34.5277 4.440892e-16 22.26515 30.57702 -2.220446e-16 15.42236 34.5277 27.55055 28.13704 25.28994 0 22.26515 30.57702 27.55055 22.26515 30.57702 -2.220446e-16 28.13704 25.28994 27.55055 28.13704 25.28994 27.55055 32.78133 18.8976 4.440892e-16 32.78133 18.8976 27.55055 28.13704 25.28994 0 32.78133 18.8976 27.55055 35.99509 11.67935 0 35.99509 11.67935 27.55055 32.78133 18.8976 4.440892e-16 35.99509 11.67935 27.55055 37.30931 5.496417 0 37.30931 5.496417 27.55055 35.99509 11.67935 0 37.30931 5.496417 27.55055 37.63787 0 0 37.63787 0 27.55055 37.30931 5.496417 0 37.63787 0 27.55055 37.30931 -5.496425 2.220446e-16 37.30931 -5.496425 27.55055 37.63787 0 0 37.30931 -5.496425 27.55055 35.99508 -11.67939 -2.220446e-16 35.99508 -11.67939 27.55055 37.30931 -5.496425 2.220446e-16 7.907717 -36.96936 0 15.42236 -34.5277 27.55055 15.42236 -34.5277 -2.220446e-16 7.907717 -36.96936 27.55055 0.04963846 -37.79528 27.55055 7.907717 -36.96936 0 0.04963846 -37.79528 0 7.907717 -36.96936 27.55055 -7.808437 -36.96936 27.55055 0.04963846 -37.79528 0 -7.808437 -36.96936 0 0.04963846 -37.79528 27.55055 -15.32309 -34.5277 27.55055 -7.808437 -36.96936 0 -15.32309 -34.5277 -2.220446e-16 -7.808437 -36.96936 27.55055 -22.16587 -30.57702 0 -15.32309 -34.5277 27.55055 -15.32309 -34.5277 -2.220446e-16 -22.16587 -30.57702 27.55055 -28.03773 -25.28998 27.55055 -22.16587 -30.57702 0 -28.03773 -25.28998 -2.220446e-16 -22.16587 -30.57702 27.55055 -32.68203 -18.89764 0 -28.03773 -25.28998 27.55055 -28.03773 -25.28998 -2.220446e-16 -32.68203 -18.89764 27.55055 -35.8958 -11.67939 -2.220446e-16 -32.68203 -18.89764 27.55055 -32.68203 -18.89764 0 -35.8958 -11.67939 27.55055 -37.53859 -3.950693 2.220446e-16 -35.8958 -11.67939 27.55055 -35.8958 -11.67939 -2.220446e-16 -37.53859 -3.950693 27.55055 -37.53859 -3.950693 2.220446e-16 -37.53859 3.950661 27.55055 -37.53859 -3.950693 27.55055 -37.53859 3.950661 0 -35.89581 11.67935 0 -37.53859 3.950661 27.55055 -37.53859 3.950661 0 -35.89581 11.67935 27.55055 -35.89581 11.67935 0 -32.68205 18.8976 27.55055 -35.89581 11.67935 27.55055 -32.68205 18.8976 4.440892e-16</float_array>
                    <technique_common>
                        <accessor count="155" source="#ID91" stride="3">
                            <param name="X" type="float" />
                            <param name="Y" type="float" />
                            <param name="Z" type="float" />
                        </accessor>
                    </technique_common>
                </source>
                <source id="ID89">
                    <float_array id="ID92" count="465">-0.8090172 0.587785 3.273063e-18 -0.8090172 0.587785 3.273063e-18 -0.8090172 0.587785 3.273063e-18 -0.8090172 0.587785 3.273063e-18 -0.6691305 0.7431449 0 -0.6691305 0.7431449 0 -0.6691305 0.7431449 0 -0.6691305 0.7431449 0 6.43658e-32 0 -1 6.43658e-32 0 -1 6.43658e-32 0 -1 6.43658e-32 0 -1 6.43658e-32 0 -1 6.43658e-32 0 -1 6.43658e-32 0 -1 6.43658e-32 0 -1 6.43658e-32 0 -1 6.43658e-32 0 -1 6.43658e-32 0 -1 6.43658e-32 0 -1 6.43658e-32 0 -1 6.43658e-32 0 -1 6.43658e-32 0 -1 6.43658e-32 0 -1 6.43658e-32 0 -1 6.43658e-32 0 -1 6.43658e-32 0 -1 6.43658e-32 0 -1 6.43658e-32 0 -1 6.43658e-32 0 -1 6.43658e-32 0 -1 6.43658e-32 0 -1 6.43658e-32 0 -1 6.43658e-32 0 -1 6.43658e-32 0 -1 6.43658e-32 0 -1 6.43658e-32 0 -1 6.43658e-32 0 -1 6.43658e-32 0 -1 -0.9135454 0.4067367 1.636532e-18 -0.9135454 0.4067367 1.636532e-18 -0.9135454 0.4067367 1.636532e-18 -0.9135454 0.4067367 1.636532e-18 -0.4999996 0.8660256 3.273063e-18 -0.4999996 0.8660256 3.273063e-18 -0.4999996 0.8660256 3.273063e-18 -0.4999996 0.8660256 3.273063e-18 0.809018 -0.5877838 0 0.809018 -0.5877838 0 0.809018 -0.5877838 0 0.809018 -0.5877838 0 0.6691315 -0.743144 0 0.6691315 -0.743144 0 0.6691315 -0.743144 0 0.6691315 -0.743144 0 0.5000014 -0.8660246 0 0.5000014 -0.8660246 0 0.5000014 -0.8660246 0 0.5000014 -0.8660246 0 0.3090186 -0.951056 0 0.3090186 -0.951056 0 0.3090186 -0.951056 0 0.3090186 -0.951056 0 0.1045289 -0.9945218 0 0.1045289 -0.9945218 0 0.1045289 -0.9945218 0 0.1045289 -0.9945218 0 -0.104529 -0.9945218 0 -0.104529 -0.9945218 0 -0.104529 -0.9945218 0 -0.104529 -0.9945218 0 -0.3090185 -0.951056 -6.546126e-18 -0.3090185 -0.951056 -6.546126e-18 -0.3090185 -0.951056 -6.546126e-18 -0.3090185 -0.951056 -6.546126e-18 -0.4999995 -0.8660257 -3.273063e-18 -0.4999995 -0.8660257 -3.273063e-18 -0.4999995 -0.8660257 -3.273063e-18 -0.4999995 -0.8660257 -3.273063e-18 -0.669131 -0.7431445 0 -0.669131 -0.7431445 0 -0.669131 -0.7431445 0 -0.669131 -0.7431445 0 -0.809018 -0.5877838 0 -0.809018 -0.5877838 0 -0.809018 -0.5877838 0 -0.809018 -0.5877838 0 -0.9135457 -0.4067361 0 -0.9135457 -0.4067361 0 -0.9135457 -0.4067361 0 -0.9135457 -0.4067361 0 -0.9781477 -0.2079113 0 -0.9781477 -0.2079113 0 -0.9781477 -0.2079113 0 -0.9781477 -0.2079113 0 -0.9982182 -0.05966972 0 -0.9982182 -0.05966972 0 -0.9982182 -0.05966972 0 -0.9982182 -0.05966972 0 -0.9982182 0.05966964 0 -0.9982182 0.05966964 0 -0.9982182 0.05966964 0 -0.9982182 0.05966964 0 -0.9781475 0.2079122 0 -0.9781475 0.2079122 0 -0.9781475 0.2079122 0 -0.9781475 0.2079122 0 -0.3090173 0.9510564 1.309225e-17 -0.3090173 0.9510564 1.309225e-17 -0.3090173 0.9510564 1.309225e-17 -0.3090173 0.9510564 1.309225e-17 -0.104528 0.9945219 -6.546126e-18 -0.104528 0.9945219 -6.546126e-18 -0.104528 0.9945219 -6.546126e-18 -0.104528 0.9945219 -6.546126e-18 0.104528 0.9945219 0 0.104528 0.9945219 0 0.104528 0.9945219 0 0.104528 0.9945219 0 0.3090168 0.9510566 0 0.3090168 0.9510566 0 0.3090168 0.9510566 0 0.3090168 0.9510566 0 0.5000003 0.8660253 6.546126e-18 0.5000003 0.8660253 6.546126e-18 0.5000003 0.8660253 6.546126e-18 0.5000003 0.8660253 6.546126e-18 0.6691302 0.7431452 0 0.6691302 0.7431452 0 0.6691302 0.7431452 0 0.6691302 0.7431452 0 0.8090172 0.587785 3.273063e-18 0.8090172 0.587785 3.273063e-18 0.8090172 0.587785 3.273063e-18 0.8090172 0.587785 3.273063e-18 0.9135456 0.4067363 1.636532e-18 0.9135456 0.4067363 1.636532e-18 0.9135456 0.4067363 1.636532e-18 0.9135456 0.4067363 1.636532e-18 0.9781475 0.2079121 8.182658e-19 0.9781475 0.2079121 8.182658e-19 0.9781475 0.2079121 8.182658e-19 0.9781475 0.2079121 8.182658e-19 1 4.9827e-07 -3.121436e-24 1 4.9827e-07 -3.121436e-24 1 4.9827e-07 -3.121436e-24 1 4.9827e-07 -3.121436e-24 0.9781477 -0.2079112 -8.182658e-19 0.9781477 -0.2079112 -8.182658e-19 0.9781477 -0.2079112 -8.182658e-19 0.9781477 -0.2079112 -8.182658e-19 0.9135459 -0.4067357 0 0.9135459 -0.4067357 0 0.9135459 -0.4067357 0 0.9135459 -0.4067357 0</float_array>
                    <technique_common>
                        <accessor count="155" source="#ID92" stride="3">
                            <param name="X" type="float" />
                            <param name="Y" type="float" />
                            <param name="Z" type="float" />
                        </accessor>
                    </technique_common>
                </source>
                <vertices id="ID90">
                    <input semantic="POSITION" source="#ID88" />
                    <input semantic="NORMAL" source="#ID89" />
                </vertices>
                <triangles count="91" material="Material2">
                    <input offset="0" semantic="VERTEX" source="#ID90" />
                    <p>0 1 2 1 0 3 4 5 6 5 4 7 8 9 10 9 8 11 11 8 12 11 12 13 13 12 14 13 14 15 15 14 16 15 16 17 17 16 18 17 18 19 19 18 20 19 20 21 21 20 22 21 22 23 23 22 24 23 24 25 25 24 26 26 24 27 26 27 28 28 27 29 28 29 30 28 30 31 31 30 32 32 30 33 32 33 34 34 33 35 34 35 36 36 35 37 36 37 38 39 40 41 40 39 42 43 44 45 44 43 46 47 48 49 48 47 50 51 52 53 52 51 54 55 56 57 56 55 58 59 60 61 60 59 62 63 64 65 64 63 66 67 68 69 68 67 70 71 72 73 72 71 74 75 76 77 76 75 78 79 80 81 80 79 82 83 84 85 84 83 86 87 88 89 88 87 90 91 92 93 92 91 94 95 96 97 96 95 98 99 100 101 100 99 102 103 104 105 104 103 106 107 108 109 108 107 110 111 112 113 112 111 114 115 116 117 116 115 118 119 120 121 120 119 122 123 124 125 124 123 126 127 128 129 128 127 130 131 132 133 132 131 134 135 136 137 136 135 138 139 140 141 140 139 142 143 144 145 144 143 146 147 148 149 148 147 150 151 152 153 152 151 154</p>
                </triangles>
            </mesh>
        </geometry>
        <geometry id="ID93">
            <mesh>
                <source id="ID94">
                    <float_array id="ID97" count="540">0 -39.37007 235.7031 0.1637086 -39.38728 64.89768 0 -39.37007 64.89768 0.1637086 -39.38728 235.7031 -0.1637109 -39.38728 235.7031 0 -39.37007 64.89768 -0.1637109 -39.38728 64.89768 0 -39.37007 235.7031 -0.7488618 -40.40079 235.7031 -0.7830874 -40.07516 235.7031 -0.7830874 -40.23976 235.7031 -0.7488618 -39.91417 235.7031 -0.6819098 -40.55118 235.7031 -0.6819098 -39.76378 235.7031 -0.5851531 -40.68433 235.7031 -0.5851531 -39.63059 235.7031 -0.4628228 -40.79449 235.7031 -0.4628228 -39.52047 235.7031 -0.3202646 -40.87681 235.7031 -0.3202646 -39.43815 235.7031 -0.1637086 -40.92768 235.7031 -0.1637109 -39.38728 235.7031 0 -39.37007 235.7031 0 -40.94488 235.7031 0.1637086 -40.92768 235.7031 0.1637086 -39.38728 235.7031 0.3202646 -40.87681 235.7031 0.3202646 -39.43815 235.7031 0.4628228 -40.79449 235.7031 0.4628228 -39.52043 235.7031 0.5851531 -40.68437 235.7031 0.5851531 -39.63059 235.7031 0.6819098 -40.55118 235.7031 0.6819098 -39.76378 235.7031 0.7488618 -40.40079 235.7031 0.7488618 -39.91417 235.7031 0.7830874 -40.23976 235.7031 0.7830874 -40.07516 235.7031 0.1637086 -39.38728 235.7031 0.3202646 -39.43815 64.89768 0.1637086 -39.38728 64.89768 0.3202646 -39.43815 235.7031 -0.7488618 -39.91417 64.89768 -0.7830874 -40.23976 64.89768 -0.7830874 -40.07516 64.89768 -0.7488618 -40.40079 64.89768 -0.6819098 -39.76378 64.89768 -0.6819098 -40.55118 64.89768 -0.5851531 -39.63059 64.89768 -0.5851531 -40.68433 64.89768 -0.4628228 -39.52047 64.89768 -0.4628228 -40.79449 64.89768 -0.3202646 -39.43815 64.89768 -0.3202646 -40.87681 64.89768 -0.1637109 -39.38728 64.89768 -0.1637086 -40.92768 64.89768 0 -39.37007 64.89768 0 -40.94488 64.89768 0.1637086 -39.38728 64.89768 0.1637086 -40.92768 64.89768 0.3202646 -39.43815 64.89768 0.3202646 -40.87681 64.89768 0.4628228 -39.52043 64.89768 0.4628228 -40.79449 64.89768 0.5851531 -39.63059 64.89768 0.5851531 -40.68437 64.89768 0.6819098 -39.76378 64.89768 0.6819098 -40.55118 64.89768 0.7488618 -39.91417 64.89768 0.7488618 -40.40079 64.89768 0.7830874 -40.07516 64.89768 0.7830874 -40.23976 64.89768 -0.3202646 -39.43815 235.7031 -0.1637109 -39.38728 64.89768 -0.3202646 -39.43815 64.89768 -0.1637109 -39.38728 235.7031 -0.1637086 -40.92768 235.7031 -0.3202646 -40.87681 64.89768 -0.1637086 -40.92768 64.89768 -0.3202646 -40.87681 235.7031 0 -40.94488 235.7031 -0.1637086 -40.92768 64.89768 0 -40.94488 64.89768 -0.1637086 -40.92768 235.7031 0.1637086 -40.92768 235.7031 0 -40.94488 64.89768 0.1637086 -40.92768 64.89768 0 -40.94488 235.7031 0.3202646 -40.87681 235.7031 0.1637086 -40.92768 64.89768 0.3202646 -40.87681 64.89768 0.1637086 -40.92768 235.7031 0.4628228 -40.79449 235.7031 0.3202646 -40.87681 64.89768 0.4628228 -40.79449 64.89768 0.3202646 -40.87681 235.7031 0.5851531 -40.68437 235.7031 0.4628228 -40.79449 64.89768 0.5851531 -40.68437 64.89768 0.4628228 -40.79449 235.7031 0.6819098 -40.55118 64.89768 0.5851531 -40.68437 235.7031 0.5851531 -40.68437 64.89768 0.6819098 -40.55118 235.7031 0.7488618 -40.40079 64.89768 0.6819098 -40.55118 235.7031 0.6819098 -40.55118 64.89768 0.7488618 -40.40079 235.7031 0.7830874 -40.23976 64.89768 0.7488618 -40.40079 235.7031 0.7488618 -40.40079 64.89768 0.7830874 -40.23976 235.7031 0.7830874 -40.07516 64.89768 0.7830874 -40.23976 235.7031 0.7830874 -40.23976 64.89768 0.7830874 -40.07516 235.7031 0.7488618 -39.91417 64.89768 0.7830874 -40.07516 235.7031 0.7830874 -40.07516 64.89768 0.7488618 -39.91417 235.7031 0.7488618 -39.91417 64.89768 0.6819098 -39.76378 235.7031 0.7488618 -39.91417 235.7031 0.6819098 -39.76378 64.89768 0.6819098 -39.76378 64.89768 0.5851531 -39.63059 235.7031 0.6819098 -39.76378 235.7031 0.5851531 -39.63059 64.89768 0.4628228 -39.52043 235.7031 0.5851531 -39.63059 64.89768 0.4628228 -39.52043 64.89768 0.5851531 -39.63059 235.7031 0.3202646 -39.43815 235.7031 0.4628228 -39.52043 64.89768 0.3202646 -39.43815 64.89768 0.4628228 -39.52043 235.7031 -0.4628228 -39.52047 235.7031 -0.3202646 -39.43815 64.89768 -0.4628228 -39.52047 64.89768 -0.3202646 -39.43815 235.7031 -0.5851531 -39.63059 64.89768 -0.4628228 -39.52047 235.7031 -0.4628228 -39.52047 64.89768 -0.5851531 -39.63059 235.7031 -0.5851531 -39.63059 235.7031 -0.6819098 -39.76378 64.89768 -0.6819098 -39.76378 235.7031 -0.5851531 -39.63059 64.89768 -0.6819098 -39.76378 235.7031 -0.7488618 -39.91417 64.89768 -0.7488618 -39.91417 235.7031 -0.6819098 -39.76378 64.89768 -0.7830874 -40.07516 235.7031 -0.7488618 -39.91417 64.89768 -0.7830874 -40.07516 64.89768 -0.7488618 -39.91417 235.7031 -0.7830874 -40.07516 235.7031 -0.7830874 -40.23976 64.89768 -0.7830874 -40.23976 235.7031 -0.7830874 -40.07516 64.89768 -0.7830874 -40.23976 235.7031 -0.7488618 -40.40079 64.89768 -0.7488618 -40.40079 235.7031 -0.7830874 -40.23976 64.89768 -0.7488618 -40.40079 235.7031 -0.6819098 -40.55118 64.89768 -0.6819098 -40.55118 235.7031 -0.7488618 -40.40079 64.89768 -0.6819098 -40.55118 235.7031 -0.5851531 -40.68433 64.89768 -0.5851531 -40.68433 235.7031 -0.6819098 -40.55118 64.89768 -0.4628228 -40.79449 235.7031 -0.5851531 -40.68433 64.89768 -0.4628228 -40.79449 64.89768 -0.5851531 -40.68433 235.7031 -0.3202646 -40.87681 235.7031 -0.4628228 -40.79449 64.89768 -0.3202646 -40.87681 64.89768 -0.4628228 -40.79449 235.7031</float_array>
                    <technique_common>
                        <accessor count="180" source="#ID97" stride="3">
                            <param name="X" type="float" />
                            <param name="Y" type="float" />
                            <param name="Z" type="float" />
                        </accessor>
                    </technique_common>
                </source>
                <source id="ID95">
                    <float_array id="ID98" count="540">0.1045417 0.9945205 6.546126e-18 0.1045417 0.9945205 6.546126e-18 0.1045417 0.9945205 6.546126e-18 0.1045417 0.9945205 6.546126e-18 -0.1045402 0.9945207 0 -0.1045402 0.9945207 0 -0.1045402 0.9945207 0 -0.1045402 0.9945207 0 -2.408994e-29 0 1 -2.408994e-29 0 1 -2.408994e-29 0 1 -2.408994e-29 0 1 -2.408994e-29 0 1 -2.408994e-29 0 1 -2.408994e-29 0 1 -2.408994e-29 0 1 -2.408994e-29 0 1 -2.408994e-29 0 1 -2.408994e-29 0 1 -2.408994e-29 0 1 -2.408994e-29 0 1 -2.408994e-29 0 1 -2.408994e-29 0 1 -2.408994e-29 0 1 -2.408994e-29 0 1 -2.408994e-29 0 1 -2.408994e-29 0 1 -2.408994e-29 0 1 -2.408994e-29 0 1 -2.408994e-29 0 1 -2.408994e-29 0 1 -2.408994e-29 0 1 -2.408994e-29 0 1 -2.408994e-29 0 1 -2.408994e-29 0 1 -2.408994e-29 0 1 -2.408994e-29 0 1 -2.408994e-29 0 1 0.309006 0.9510601 6.546126e-18 0.309006 0.9510601 6.546126e-18 0.309006 0.9510601 6.546126e-18 0.309006 0.9510601 6.546126e-18 0 0 -1 0 0 -1 0 0 -1 0 0 -1 0 0 -1 0 0 -1 0 0 -1 0 0 -1 0 0 -1 0 0 -1 0 0 -1 0 0 -1 0 0 -1 0 0 -1 0 0 -1 0 0 -1 0 0 -1 0 0 -1 0 0 -1 0 0 -1 0 0 -1 0 0 -1 0 0 -1 0 0 -1 0 0 -1 0 0 -1 0 0 -1 0 0 -1 0 0 -1 0 0 -1 -0.3090102 0.9510587 0 -0.3090102 0.9510587 0 -0.3090102 0.9510587 0 -0.3090102 0.9510587 0 -0.309006 -0.9510601 -6.546126e-18 -0.309006 -0.9510601 -6.546126e-18 -0.309006 -0.9510601 -6.546126e-18 -0.309006 -0.9510601 -6.546126e-18 -0.104518 -0.994523 -6.546126e-18 -0.104518 -0.994523 -6.546126e-18 -0.104518 -0.994523 -6.546126e-18 -0.104518 -0.994523 -6.546126e-18 0.104518 -0.994523 -6.546126e-18 0.104518 -0.994523 -6.546126e-18 0.104518 -0.994523 -6.546126e-18 0.104518 -0.994523 -6.546126e-18 0.309006 -0.9510601 -6.546126e-18 0.309006 -0.9510601 -6.546126e-18 0.309006 -0.9510601 -6.546126e-18 0.309006 -0.9510601 -6.546126e-18 0.5000767 -0.8659811 -3.273063e-18 0.5000767 -0.8659811 -3.273063e-18 0.5000767 -0.8659811 -3.273063e-18 0.5000767 -0.8659811 -3.273063e-18 0.6690346 -0.7432312 -3.273063e-18 0.6690346 -0.7432312 -3.273063e-18 0.6690346 -0.7432312 -3.273063e-18 0.6690346 -0.7432312 -3.273063e-18 0.8090481 -0.5877425 0 0.8090481 -0.5877425 0 0.8090481 -0.5877425 0 0.8090481 -0.5877425 0 0.9135627 -0.406698 -1.636532e-18 0.9135627 -0.406698 -1.636532e-18 0.9135627 -0.406698 -1.636532e-18 0.9135627 -0.406698 -1.636532e-18 0.9781489 -0.2079057 -1.636532e-18 0.9781489 -0.2079057 -1.636532e-18 0.9781489 -0.2079057 -1.636532e-18 0.9781489 -0.2079057 -1.636532e-18 1 0 0 1 0 0 1 0 0 1 0 0 0.9781385 0.2079543 0 0.9781385 0.2079543 0 0.9781385 0.2079543 0 0.9781385 0.2079543 0 0.9135627 0.406698 1.636532e-18 0.9135627 0.406698 1.636532e-18 0.9135627 0.406698 1.636532e-18 0.9135627 0.406698 1.636532e-18 0.8090481 0.5877425 0 0.8090481 0.5877425 0 0.8090481 0.5877425 0 0.8090481 0.5877425 0 0.6691667 0.7431123 6.546126e-18 0.6691667 0.7431123 6.546126e-18 0.6691667 0.7431123 6.546126e-18 0.6691667 0.7431123 6.546126e-18 0.4998973 0.8660847 3.273063e-18 0.4998973 0.8660847 3.273063e-18 0.4998973 0.8660847 3.273063e-18 0.4998973 0.8660847 3.273063e-18 -0.5000767 0.8659811 0 -0.5000767 0.8659811 0 -0.5000767 0.8659811 0 -0.5000767 0.8659811 0 -0.6690346 0.7432312 3.273063e-18 -0.6690346 0.7432312 3.273063e-18 -0.6690346 0.7432312 3.273063e-18 -0.6690346 0.7432312 3.273063e-18 -0.8090481 0.5877425 0 -0.8090481 0.5877425 0 -0.8090481 0.5877425 0 -0.8090481 0.5877425 0 -0.9135627 0.406698 1.636532e-18 -0.9135627 0.406698 1.636532e-18 -0.9135627 0.406698 1.636532e-18 -0.9135627 0.406698 1.636532e-18 -0.9781385 0.2079543 0 -0.9781385 0.2079543 0 -0.9781385 0.2079543 0 -0.9781385 0.2079543 0 -1 0 0 -1 0 0 -1 0 0 -1 0 0 -0.9781489 -0.2079057 -1.636532e-18 -0.9781489 -0.2079057 -1.636532e-18 -0.9781489 -0.2079057 -1.636532e-18 -0.9781489 -0.2079057 -1.636532e-18 -0.9135627 -0.406698 -1.636532e-18 -0.9135627 -0.406698 -1.636532e-18 -0.9135627 -0.406698 -1.636532e-18 -0.9135627 -0.406698 -1.636532e-18 -0.8089654 -0.5878562 0 -0.8089654 -0.5878562 0 -0.8089654 -0.5878562 0 -0.8089654 -0.5878562 0 -0.6691667 -0.7431123 -3.273063e-18 -0.6691667 -0.7431123 -3.273063e-18 -0.6691667 -0.7431123 -3.273063e-18 -0.6691667 -0.7431123 -3.273063e-18 -0.5000767 -0.8659811 -3.273063e-18 -0.5000767 -0.8659811 -3.273063e-18 -0.5000767 -0.8659811 -3.273063e-18 -0.5000767 -0.8659811 -3.273063e-18</float_array>
                    <technique_common>
                        <accessor count="180" source="#ID98" stride="3">
                            <param name="X" type="float" />
                            <param name="Y" type="float" />
                            <param name="Z" type="float" />
                        </accessor>
                    </technique_common>
                </source>
                <vertices id="ID96">
                    <input semantic="POSITION" source="#ID94" />
                    <input semantic="NORMAL" source="#ID95" />
                </vertices>
                <triangles count="116" material="Material2">
                    <input offset="0" semantic="VERTEX" source="#ID96" />
                    <p>0 1 2 1 0 3 4 5 6 5 4 7 8 9 10 9 8 11 11 8 12 11 12 13 13 12 14 13 14 15 15 14 16 15 16 17 17 16 18 17 18 19 19 18 20 19 20 21 21 20 22 22 20 23 22 23 24 22 24 25 25 24 26 25 26 27 27 26 28 27 28 29 29 28 30 29 30 31 31 30 32 31 32 33 33 32 34 33 34 35 35 34 36 35 36 37 38 39 40 39 38 41 42 43 44 43 42 45 45 42 46 45 46 47 47 46 48 47 48 49 49 48 50 49 50 51 51 50 52 51 52 53 53 52 54 53 54 55 55 54 56 55 56 57 57 56 58 57 58 59 59 58 60 59 60 61 61 60 62 61 62 63 63 62 64 63 64 65 65 64 66 65 66 67 67 66 68 67 68 69 69 68 70 69 70 71 72 73 74 73 72 75 76 77 78 77 76 79 80 81 82 81 80 83 84 85 86 85 84 87 88 89 90 89 88 91 92 93 94 93 92 95 96 97 98 97 96 99 100 101 102 101 100 103 104 105 106 105 104 107 108 109 110 109 108 111 112 113 114 113 112 115 116 117 118 117 116 119 120 121 122 121 120 123 124 125 126 125 124 127 128 129 130 129 128 131 132 133 134 133 132 135 136 137 138 137 136 139 140 141 142 141 140 143 144 145 146 145 144 147 148 149 150 149 148 151 152 153 154 153 152 155 156 157 158 157 156 159 160 161 162 161 160 163 164 165 166 165 164 167 168 169 170 169 168 171 172 173 174 173 172 175 176 177 178 177 176 179</p>
                </triangles>
            </mesh>
        </geometry>
        <geometry id="ID99">
            <mesh>
                <source id="ID100">
                    <float_array id="ID103" count="900">-7.874016 1.184994 10.34173 -7.595709 -2.627675 17.03465 -6.809091 1.073067 10.34173 -7.874016 -2.598424 17.03465 -7.874016 1.184994 10.34173 -6.48248 2.609651 3.648818 -7.874016 2.755907 3.648818 -6.809091 1.073067 10.34173 -8.152323 -2.627678 17.03465 -7.874016 1.184994 10.34173 -8.938949 1.073064 10.34173 -7.874016 -2.598424 17.03465 -7.595709 -2.627675 17.03465 -5.790709 0.742174 10.34173 -6.809091 1.073067 10.34173 -7.329563 -2.714151 17.03465 -14.23936 -1.868789 3.648818 -14.53027 -4.63661 3.648818 -14.53027 -3.23741 3.648818 -14.23935 -6.005232 3.648818 -13.67025 -0.5905551 3.648818 -13.71288 -3.323322 3.648818 -13.45769 -2.122765 3.648818 -12.84783 0.5414189 3.648818 -12.95848 -1.001501 3.648818 -12.23704 -0.008532362 3.648818 -11.80802 1.477667 3.648818 -11.32493 0.8127445 3.648818 -10.59628 2.177268 3.648818 -10.26199 1.426433 3.648818 -9.265563 2.609648 3.648818 -9.094681 1.805715 3.648818 -7.874016 2.755907 3.648818 -7.874016 1.934013 3.648818 -6.48248 2.609651 3.648818 -6.653358 1.805718 3.648818 -5.486055 1.426437 3.648818 -5.15176 2.177273 3.648818 -4.423114 0.8127492 3.648818 -3.940016 1.477674 3.648818 -3.510995 -0.008527087 3.648818 -2.900209 0.541426 3.648818 -2.789561 -1.001496 3.648818 -2.07778 -0.5905504 3.648818 -2.290339 -2.122761 3.648818 -2.035154 -3.323318 3.648818 -1.508673 -1.868781 3.648818 -2.035154 -4.550697 3.648818 -1.508676 -6.005232 3.648818 -1.217765 -4.636606 3.648818 -1.217765 -3.237407 3.648818 -13.71288 -4.550697 3.648818 -13.67025 -7.283465 3.648818 -13.45769 -5.751252 3.648818 -12.84782 -8.415441 3.648818 -12.95847 -6.87252 3.648818 -12.23704 -7.865488 3.648818 -11.80801 -9.351689 3.648818 -11.32492 -8.686764 3.648818 -10.59627 -10.05129 3.648818 -10.26198 -9.300453 3.648818 -9.265551 -10.48367 3.648818 -9.094669 -9.679732 3.648818 -7.874016 -10.62993 3.648818 -7.874016 -9.808028 3.648818 -6.653362 -9.679732 3.648818 -6.48248 -10.48367 3.648818 -5.486055 -9.300453 3.648818 -5.15176 -10.05129 3.648818 -4.423114 -8.686764 3.648818 -3.940016 -9.351689 3.648818 -3.510995 -7.865488 3.648818 -2.900209 -8.415441 3.648818 -2.789561 -6.87252 3.648818 -2.07778 -7.283465 3.648818 -2.290341 -5.751252 3.648818 -8.938949 1.073064 10.34173 -7.874016 2.755907 3.648818 -9.265563 2.609648 3.648818 -7.874016 1.184994 10.34173 -6.809091 1.073067 10.34173 -5.15176 2.177273 3.648818 -6.48248 2.609651 3.648818 -5.790709 0.742174 10.34173 -8.418469 -2.714154 17.03465 -8.938949 1.073064 10.34173 -9.957331 0.7421717 10.34173 -8.152323 -2.627678 17.03465 -7.329563 -2.714151 17.03465 -4.863378 0.2067788 10.34173 -5.790709 0.742174 10.34173 -7.087217 -2.854072 17.03465 -9.957331 0.7421717 10.34173 -9.265563 2.609648 3.648818 -10.59628 2.177268 3.648818 -8.938949 1.073064 10.34173 -5.15176 2.177273 3.648818 -4.863378 0.2067788 10.34173 -3.940016 1.477674 3.648818 -5.790709 0.742174 10.34173 -4.863378 0.2067788 10.34173 -2.900209 0.541426 3.648818 -3.940016 1.477674 3.648818 -4.067626 -0.5097181 10.34173 -2.07778 -0.5905504 3.648818 -4.067626 -0.5097181 10.34173 -3.43823 -1.376006 10.34173 -2.900209 0.541426 3.648818 -1.508673 -1.868781 3.648818 -3.43823 -1.376006 10.34173 -3.002701 -2.354221 10.34173 -2.07778 -0.5905504 3.648818 -1.217765 -3.237407 3.648818 -3.002701 -2.354221 10.34173 -2.780071 -3.401613 10.34173 -1.508673 -1.868781 3.648818 -1.217765 -3.237407 3.648818 -2.780071 -4.472402 10.34173 -1.217765 -4.636606 3.648818 -2.780071 -3.401613 10.34173 -1.217765 -4.636606 3.648818 -3.002701 -5.519795 10.34173 -1.508676 -6.005232 3.648818 -2.780071 -4.472402 10.34173 -1.508676 -6.005232 3.648818 -3.43823 -6.498008 10.34173 -2.07778 -7.283465 3.648818 -3.002701 -5.519795 10.34173 -2.07778 -7.283465 3.648818 -4.067626 -7.364299 10.34173 -2.900209 -8.415441 3.648818 -3.43823 -6.498008 10.34173 -4.067626 -7.364299 10.34173 -3.940016 -9.351689 3.648818 -2.900209 -8.415441 3.648818 -4.863378 -8.080795 10.34173 -4.863378 -8.080795 10.34173 -5.15176 -10.05129 3.648818 -3.940016 -9.351689 3.648818 -5.790709 -8.616189 10.34173 -5.790709 -8.616189 10.34173 -6.48248 -10.48367 3.648818 -5.15176 -10.05129 3.648818 -6.809091 -8.947083 10.34173 -6.48248 -10.48367 3.648818 -7.874016 -9.059012 10.34173 -7.874016 -10.62993 3.648818 -6.809091 -8.947083 10.34173 -7.874016 -9.059012 10.34173 -9.265551 -10.48367 3.648818 -7.874016 -10.62993 3.648818 -8.938941 -8.947083 10.34173 -8.938941 -8.947083 10.34173 -10.59627 -10.05129 3.648818 -9.265551 -10.48367 3.648818 -9.957323 -8.616189 10.34173 -10.59627 -10.05129 3.648818 -10.88466 -8.080795 10.34173 -11.80801 -9.351689 3.648818 -9.957323 -8.616189 10.34173 -10.88466 -8.080795 10.34173 -12.84782 -8.415441 3.648818 -11.80801 -9.351689 3.648818 -11.68041 -7.364295 10.34173 -11.68041 -7.364295 10.34173 -13.67025 -7.283465 3.648818 -12.84782 -8.415441 3.648818 -12.3098 -6.498008 10.34173 -12.3098 -6.498008 10.34173 -14.23935 -6.005232 3.648818 -13.67025 -7.283465 3.648818 -12.74533 -5.519795 10.34173 -12.74533 -5.519795 10.34173 -14.53027 -4.63661 3.648818 -14.23935 -6.005232 3.648818 -12.96796 -4.472406 10.34173 -12.96796 -4.472406 10.34173 -14.53027 -3.23741 3.648818 -14.53027 -4.63661 3.648818 -12.96796 -3.401616 10.34173 -12.74533 -2.354226 10.34173 -14.53027 -3.23741 3.648818 -12.96796 -3.401616 10.34173 -14.23936 -1.868789 3.648818 -12.3098 -1.376011 10.34173 -14.23936 -1.868789 3.648818 -12.74533 -2.354226 10.34173 -13.67025 -0.5905551 3.648818 -11.68041 -0.5097228 10.34173 -13.67025 -0.5905551 3.648818 -12.3098 -1.376011 10.34173 -12.84783 0.5414189 3.648818 -11.68041 -0.5097228 10.34173 -11.80802 1.477667 3.648818 -12.84783 0.5414189 3.648818 -10.88466 0.2067741 10.34173 -11.80802 1.477667 3.648818 -9.957331 0.7421717 10.34173 -10.59628 2.177268 3.648818 -10.88466 0.2067741 10.34173 -8.660819 -2.854072 17.03465 -9.957331 0.7421717 10.34173 -10.88466 0.2067741 10.34173 -8.418469 -2.714154 17.03465 -7.087217 -2.854072 17.03465 -4.067626 -0.5097181 10.34173 -4.863378 0.2067788 10.34173 -6.879256 -3.041322 17.03465 -3.43823 -1.376006 10.34173 -6.879256 -3.041322 17.03465 -6.714768 -3.267717 17.03465 -4.067626 -0.5097181 10.34173 -3.002701 -2.354221 10.34173 -6.714768 -3.267717 17.03465 -6.600949 -3.523364 17.03465 -3.43823 -1.376006 10.34173 -2.780071 -3.401613 10.34173 -6.600949 -3.523364 17.03465 -6.542764 -3.797088 17.03465 -3.002701 -2.354221 10.34173 -2.780071 -3.401613 10.34173 -6.542764 -4.076929 17.03465 -2.780071 -4.472402 10.34173 -6.542764 -3.797088 17.03465 -2.780071 -4.472402 10.34173 -6.600949 -4.350654 17.03465 -3.002701 -5.519795 10.34173 -6.542764 -4.076929 17.03465 -3.002701 -5.519795 10.34173 -6.714768 -4.606299 17.03465 -3.43823 -6.498008 10.34173 -6.600949 -4.350654 17.03465 -3.43823 -6.498008 10.34173 -6.879256 -4.832697 17.03465 -4.067626 -7.364299 10.34173 -6.714768 -4.606299 17.03465 -6.879256 -4.832697 17.03465 -4.863378 -8.080795 10.34173 -4.067626 -7.364299 10.34173 -7.087217 -5.019945 17.03465 -7.087217 -5.019945 17.03465 -5.790709 -8.616189 10.34173 -4.863378 -8.080795 10.34173 -7.329563 -5.159866 17.03465 -5.790709 -8.616189 10.34173 -7.595709 -5.246339 17.03465 -6.809091 -8.947083 10.34173 -7.329563 -5.159866 17.03465 -7.595709 -5.246339 17.03465 -7.874016 -9.059012 10.34173 -6.809091 -8.947083 10.34173 -7.874016 -5.275591 17.03465 -7.874016 -5.275591 17.03465 -8.938941 -8.947083 10.34173 -7.874016 -9.059012 10.34173 -8.152323 -5.246339 17.03465 -8.152323 -5.246339 17.03465 -9.957323 -8.616189 10.34173 -8.938941 -8.947083 10.34173 -8.418469 -5.159866 17.03465 -9.957323 -8.616189 10.34173 -8.660815 -5.019945 17.03465 -10.88466 -8.080795 10.34173 -8.418469 -5.159866 17.03465 -8.660815 -5.019945 17.03465 -11.68041 -7.364295 10.34173 -10.88466 -8.080795 10.34173 -8.868776 -4.832697 17.03465 -8.868776 -4.832697 17.03465 -12.3098 -6.498008 10.34173 -11.68041 -7.364295 10.34173 -9.033264 -4.606299 17.03465 -9.033264 -4.606299 17.03465 -12.74533 -5.519795 10.34173 -12.3098 -6.498008 10.34173 -9.147083 -4.350654 17.03465 -9.147083 -4.350654 17.03465 -12.96796 -4.472406 10.34173 -12.74533 -5.519795 10.34173 -9.205268 -4.076929 17.03465 -9.205268 -4.076929 17.03465 -12.96796 -3.401616 10.34173 -12.96796 -4.472406 10.34173 -9.205268 -3.797088 17.03465 -9.147083 -3.523364 17.03465 -12.96796 -3.401616 10.34173 -9.205268 -3.797088 17.03465 -12.74533 -2.354226 10.34173 -9.033264 -3.267717 17.03465 -12.74533 -2.354226 10.34173 -9.147083 -3.523364 17.03465 -12.3098 -1.376011 10.34173 -8.868776 -3.041322 17.03465 -12.3098 -1.376011 10.34173 -9.033264 -3.267717 17.03465 -11.68041 -0.5097228 10.34173 -8.868776 -3.041322 17.03465 -10.88466 0.2067741 10.34173 -11.68041 -0.5097228 10.34173 -8.660819 -2.854072 17.03465</float_array>
                    <technique_common>
                        <accessor count="300" source="#ID103" stride="3">
                            <param name="X" type="float" />
                            <param name="Y" type="float" />
                            <param name="Z" type="float" />
                        </accessor>
                    </technique_common>
                </source>
                <source id="ID101">
                    <float_array id="ID104" count="900">0.09111596 0.8669156 0.4900563 0.09111596 0.8669156 0.4900563 0.09111596 0.8669156 0.4900563 0.09111596 0.8669156 0.4900563 0.101792 0.9684863 0.2273162 0.101792 0.9684863 0.2273162 0.101792 0.9684863 0.2273162 0.101792 0.9684863 0.2273162 -0.09111758 0.8669154 0.4900564 -0.09111758 0.8669154 0.4900564 -0.09111758 0.8669154 0.4900564 -0.09111758 0.8669154 0.4900564 0.2693674 0.8290271 0.4900563 0.2693674 0.8290271 0.4900563 0.2693674 0.8290271 0.4900563 0.2693674 0.8290271 0.4900563 2.230652e-32 0 -1 2.230652e-32 0 -1 2.230652e-32 0 -1 2.230652e-32 0 -1 2.230652e-32 0 -1 2.230652e-32 0 -1 2.230652e-32 0 -1 2.230652e-32 0 -1 2.230652e-32 0 -1 2.230652e-32 0 -1 2.230652e-32 0 -1 2.230652e-32 0 -1 2.230652e-32 0 -1 2.230652e-32 0 -1 2.230652e-32 0 -1 2.230652e-32 0 -1 2.230652e-32 0 -1 2.230652e-32 0 -1 2.230652e-32 0 -1 2.230652e-32 0 -1 2.230652e-32 0 -1 2.230652e-32 0 -1 2.230652e-32 0 -1 2.230652e-32 0 -1 2.230652e-32 0 -1 2.230652e-32 0 -1 2.230652e-32 0 -1 2.230652e-32 0 -1 2.230652e-32 0 -1 2.230652e-32 0 -1 2.230652e-32 0 -1 2.230652e-32 0 -1 2.230652e-32 0 -1 2.230652e-32 0 -1 2.230652e-32 0 -1 2.230652e-32 0 -1 2.230652e-32 0 -1 2.230652e-32 0 -1 2.230652e-32 0 -1 2.230652e-32 0 -1 2.230652e-32 0 -1 2.230652e-32 0 -1 2.230652e-32 0 -1 2.230652e-32 0 -1 2.230652e-32 0 -1 2.230652e-32 0 -1 2.230652e-32 0 -1 2.230652e-32 0 -1 2.230652e-32 0 -1 2.230652e-32 0 -1 2.230652e-32 0 -1 2.230652e-32 0 -1 2.230652e-32 0 -1 2.230652e-32 0 -1 2.230652e-32 0 -1 2.230652e-32 0 -1 2.230652e-32 0 -1 2.230652e-32 0 -1 2.230652e-32 0 -1 2.230652e-32 0 -1 -0.101793 0.9684862 0.2273162 -0.101793 0.9684862 0.2273162 -0.101793 0.9684862 0.2273162 -0.101793 0.9684862 0.2273162 0.3009276 0.9261587 0.227316 0.3009276 0.9261587 0.227316 0.3009276 0.9261587 0.227316 0.3009276 0.9261587 0.227316 -0.2693673 0.829027 0.4900566 -0.2693673 0.829027 0.4900566 -0.2693673 0.829027 0.4900566 -0.2693673 0.829027 0.4900566 0.435846 0.754906 0.4900564 0.435846 0.754906 0.4900564 0.435846 0.754906 0.4900564 0.435846 0.754906 0.4900564 -0.300929 0.9261583 0.227316 -0.300929 0.9261583 0.227316 -0.300929 0.9261583 0.227316 -0.300929 0.9261583 0.227316 0.48691 0.843354 0.2273162 0.48691 0.843354 0.2273162 0.48691 0.843354 0.2273162 0.48691 0.843354 0.2273162 0.6516137 0.7236898 0.2273162 0.6516137 0.7236898 0.2273162 0.6516137 0.7236898 0.2273162 0.6516137 0.7236898 0.2273162 0.7878376 0.5723979 0.2273161 0.7878376 0.5723979 0.2273161 0.7878376 0.5723979 0.2273161 0.7878376 0.5723979 0.2273161 0.8896295 0.3960893 0.2273162 0.8896295 0.3960893 0.2273162 0.8896295 0.3960893 0.2273162 0.8896295 0.3960893 0.2273162 0.9525409 0.2024679 0.2273162 0.9525409 0.2024679 0.2273162 0.9525409 0.2024679 0.2273162 0.9525409 0.2024679 0.2273162 0.9738211 -2.127491e-17 0.227316 0.9738211 -2.127491e-17 0.227316 0.9738211 -2.127491e-17 0.227316 0.9738211 -2.127491e-17 0.227316 0.9525407 -0.2024688 0.2273159 0.9525407 -0.2024688 0.2273159 0.9525407 -0.2024688 0.2273159 0.9525407 -0.2024688 0.2273159 0.8896298 -0.3960886 0.227316 0.8896298 -0.3960886 0.227316 0.8896298 -0.3960886 0.227316 0.8896298 -0.3960886 0.227316 0.787838 -0.5723973 0.227316 0.787838 -0.5723973 0.227316 0.787838 -0.5723973 0.227316 0.787838 -0.5723973 0.227316 0.6516136 -0.72369 0.227316 0.6516136 -0.72369 0.227316 0.6516136 -0.72369 0.227316 0.6516136 -0.72369 0.227316 0.4869108 -0.8433535 0.2273163 0.4869108 -0.8433535 0.2273163 0.4869108 -0.8433535 0.2273163 0.4869108 -0.8433535 0.2273163 0.3009264 -0.9261591 0.2273162 0.3009264 -0.9261591 0.2273162 0.3009264 -0.9261591 0.2273162 0.3009264 -0.9261591 0.2273162 0.1017939 -0.9684861 0.2273161 0.1017939 -0.9684861 0.2273161 0.1017939 -0.9684861 0.2273161 0.1017939 -0.9684861 0.2273161 -0.1017939 -0.9684861 0.2273161 -0.1017939 -0.9684861 0.2273161 -0.1017939 -0.9684861 0.2273161 -0.1017939 -0.9684861 0.2273161 -0.3009279 -0.9261587 0.2273159 -0.3009279 -0.9261587 0.2273159 -0.3009279 -0.9261587 0.2273159 -0.3009279 -0.9261587 0.2273159 -0.4869097 -0.8433543 0.2273158 -0.4869097 -0.8433543 0.2273158 -0.4869097 -0.8433543 0.2273158 -0.4869097 -0.8433543 0.2273158 -0.6516133 -0.7236903 0.2273157 -0.6516133 -0.7236903 0.2273157 -0.6516133 -0.7236903 0.2273157 -0.6516133 -0.7236903 0.2273157 -0.7878379 -0.5723975 0.2273159 -0.7878379 -0.5723975 0.2273159 -0.7878379 -0.5723975 0.2273159 -0.7878379 -0.5723975 0.2273159 -0.8896305 -0.3960873 0.2273158 -0.8896305 -0.3960873 0.2273158 -0.8896305 -0.3960873 0.2273158 -0.8896305 -0.3960873 0.2273158 -0.9525404 -0.2024705 0.2273159 -0.9525404 -0.2024705 0.2273159 -0.9525404 -0.2024705 0.2273159 -0.9525404 -0.2024705 0.2273159 -0.973821 7.691698e-17 0.2273161 -0.973821 7.691698e-17 0.2273161 -0.973821 7.691698e-17 0.2273161 -0.973821 7.691698e-17 0.2273161 -0.9525407 0.2024689 0.2273162 -0.9525407 0.2024689 0.2273162 -0.9525407 0.2024689 0.2273162 -0.9525407 0.2024689 0.2273162 -0.88963 0.3960882 0.227316 -0.88963 0.3960882 0.227316 -0.88963 0.3960882 0.227316 -0.88963 0.3960882 0.227316 -0.7878384 0.5723968 0.2273159 -0.7878384 0.5723968 0.2273159 -0.7878384 0.5723968 0.2273159 -0.7878384 0.5723968 0.2273159 -0.6516143 0.7236894 0.2273158 -0.6516143 0.7236894 0.2273158 -0.6516143 0.7236894 0.2273158 -0.6516143 0.7236894 0.2273158 -0.4869122 0.8433529 0.2273158 -0.4869122 0.8433529 0.2273158 -0.4869122 0.8433529 0.2273158 -0.4869122 0.8433529 0.2273158 -0.4358466 0.7549056 0.4900565 -0.4358466 0.7549056 0.4900565 -0.4358466 0.7549056 0.4900565 -0.4358466 0.7549056 0.4900565 0.5832745 0.6477928 0.4900565 0.5832745 0.6477928 0.4900565 0.5832745 0.6477928 0.4900565 0.5832745 0.6477928 0.4900565 0.705212 0.5123677 0.4900565 0.705212 0.5123677 0.4900565 0.705212 0.5123677 0.4900565 0.705212 0.5123677 0.4900565 0.7963293 0.3545478 0.4900565 0.7963293 0.3545478 0.4900565 0.7963293 0.3545478 0.4900565 0.7963293 0.3545478 0.4900565 0.852642 0.1812355 0.4900565 0.852642 0.1812355 0.4900565 0.852642 0.1812355 0.4900565 0.852642 0.1812355 0.4900565 0.8716908 -3.305794e-16 0.4900563 0.8716908 -3.305794e-16 0.4900563 0.8716908 -3.305794e-16 0.4900563 0.8716908 -3.305794e-16 0.4900563 0.8526421 -0.1812352 0.4900564 0.8526421 -0.1812352 0.4900564 0.8526421 -0.1812352 0.4900564 0.8526421 -0.1812352 0.4900564 0.796329 -0.3545488 0.4900565 0.796329 -0.3545488 0.4900565 0.796329 -0.3545488 0.4900565 0.796329 -0.3545488 0.4900565 0.7052132 -0.5123661 0.4900564 0.7052132 -0.5123661 0.4900564 0.7052132 -0.5123661 0.4900564 0.7052132 -0.5123661 0.4900564 0.5832739 -0.6477933 0.4900565 0.5832739 -0.6477933 0.4900565 0.5832739 -0.6477933 0.4900565 0.5832739 -0.6477933 0.4900565 0.4358452 -0.7549065 0.4900563 0.4358452 -0.7549065 0.4900563 0.4358452 -0.7549065 0.4900563 0.4358452 -0.7549065 0.4900563 0.2693676 -0.8290271 0.4900563 0.2693676 -0.8290271 0.4900563 0.2693676 -0.8290271 0.4900563 0.2693676 -0.8290271 0.4900563 0.09111737 -0.8669153 0.4900566 0.09111737 -0.8669153 0.4900566 0.09111737 -0.8669153 0.4900566 0.09111737 -0.8669153 0.4900566 -0.09111737 -0.8669153 0.4900566 -0.09111737 -0.8669153 0.4900566 -0.09111737 -0.8669153 0.4900566 -0.09111737 -0.8669153 0.4900566 -0.2693676 -0.8290271 0.4900563 -0.2693676 -0.8290271 0.4900563 -0.2693676 -0.8290271 0.4900563 -0.2693676 -0.8290271 0.4900563 -0.4358439 -0.7549072 0.4900564 -0.4358439 -0.7549072 0.4900564 -0.4358439 -0.7549072 0.4900564 -0.4358439 -0.7549072 0.4900564 -0.5832755 -0.6477918 0.4900566 -0.5832755 -0.6477918 0.4900566 -0.5832755 -0.6477918 0.4900566 -0.5832755 -0.6477918 0.4900566 -0.7052128 -0.5123665 0.4900566 -0.7052128 -0.5123665 0.4900566 -0.7052128 -0.5123665 0.4900566 -0.7052128 -0.5123665 0.4900566 -0.7963294 -0.3545477 0.4900566 -0.7963294 -0.3545477 0.4900566 -0.7963294 -0.3545477 0.4900566 -0.7963294 -0.3545477 0.4900566 -0.852642 -0.1812355 0.4900565 -0.852642 -0.1812355 0.4900565 -0.852642 -0.1812355 0.4900565 -0.852642 -0.1812355 0.4900565 -0.8716908 -1.243764e-16 0.4900563 -0.8716908 -1.243764e-16 0.4900563 -0.8716908 -1.243764e-16 0.4900563 -0.8716908 -1.243764e-16 0.4900563 -0.852642 0.1812356 0.4900564 -0.852642 0.1812356 0.4900564 -0.852642 0.1812356 0.4900564 -0.852642 0.1812356 0.4900564 -0.7963298 0.3545468 0.4900565 -0.7963298 0.3545468 0.4900565 -0.7963298 0.3545468 0.4900565 -0.7963298 0.3545468 0.4900565 -0.7052127 0.5123667 0.4900565 -0.7052127 0.5123667 0.4900565 -0.7052127 0.5123667 0.4900565 -0.7052127 0.5123667 0.4900565 -0.5832764 0.6477911 0.4900565 -0.5832764 0.6477911 0.4900565 -0.5832764 0.6477911 0.4900565 -0.5832764 0.6477911 0.4900565</float_array>
                    <technique_common>
                        <accessor count="300" source="#ID104" stride="3">
                            <param name="X" type="float" />
                            <param name="Y" type="float" />
                            <param name="Z" type="float" />
                        </accessor>
                    </technique_common>
                </source>
                <vertices id="ID102">
                    <input semantic="POSITION" source="#ID100" />
                    <input semantic="NORMAL" source="#ID101" />
                </vertices>
                <triangles count="180" material="Material2">
                    <input offset="0" semantic="VERTEX" source="#ID102" />
                    <p>0 1 2 1 0 3 4 5 6 5 4 7 8 9 10 9 8 11 12 13 14 13 12 15 16 17 18 17 16 19 19 16 20 19 20 21 21 20 22 22 20 23 22 23 24 24 23 25 25 23 26 25 26 27 27 26 28 27 28 29 29 28 30 29 30 31 31 30 32 31 32 33 33 32 34 33 34 35 35 34 36 36 34 37 36 37 38 38 37 39 38 39 40 40 39 41 40 41 42 42 41 43 42 43 44 44 43 45 45 43 46 45 46 47 47 46 48 48 46 49 49 46 50 19 51 52 51 19 21 52 51 53 52 53 54 54 53 55 54 55 56 54 56 57 57 56 58 57 58 59 59 58 60 59 60 61 61 60 62 61 62 63 63 62 64 63 64 65 63 65 66 66 65 67 66 67 68 68 67 69 68 69 70 70 69 71 70 71 72 72 71 73 72 73 74 74 73 75 74 75 47 74 47 48 76 77 78 77 76 79 80 81 82 81 80 83 84 85 86 85 84 87 88 89 90 89 88 91 92 93 94 93 92 95 96 97 98 97 96 99 100 101 102 101 100 103 104 105 106 105 104 107 108 109 110 109 108 111 112 113 114 113 112 115 116 117 118 117 116 119 120 121 122 121 120 123 124 125 126 125 124 127 128 129 130 129 128 131 132 133 134 133 132 135 136 137 138 137 136 139 140 141 142 141 140 143 144 145 146 145 144 147 148 149 150 149 148 151 152 153 154 153 152 155 156 157 158 157 156 159 160 161 162 161 160 163 164 165 166 165 164 167 168 169 170 169 168 171 172 173 174 173 172 175 176 177 178 177 176 179 180 181 182 181 180 183 184 185 186 185 184 187 188 189 190 189 188 191 192 193 194 193 192 195 196 197 198 197 196 199 200 201 202 201 200 203 204 205 206 205 204 207 208 209 210 209 208 211 212 213 214 213 212 215 216 217 218 217 216 219 220 221 222 221 220 223 224 225 226 225 224 227 228 229 230 229 228 231 232 233 234 233 232 235 236 237 238 237 236 239 240 241 242 241 240 243 244 245 246 245 244 247 248 249 250 249 248 251 252 253 254 253 252 255 256 257 258 257 256 259 260 261 262 261 260 263 264 265 266 265 264 267 268 269 270 269 268 271 272 273 274 273 272 275 276 277 278 277 276 279 280 281 282 281 280 283 284 285 286 285 284 287 288 289 290 289 288 291 292 293 294 293 292 295 296 297 298 297 296 299</p>
                </triangles>
            </mesh>
        </geometry>
        <geometry id="ID105">
            <mesh>
                <source id="ID106">
                    <float_array id="ID109" count="630">-6.840157 0.926913 29.14813 -5.85148 0.6056744 17.03465 -6.840157 0.926913 17.03465 -5.85148 0.6056744 29.14813 -12.60323 -2.400398 17.03465 -12.81936 -4.456783 17.03465 -12.81936 -3.417233 17.03465 -12.60323 -5.473622 17.03465 -12.18041 -1.450718 17.03465 -12.1804 -6.423299 17.03465 -11.56937 -0.6097012 17.03465 -11.56937 -7.264315 17.03465 -10.79683 0.08589402 17.03465 -10.79683 -7.959913 17.03465 -9.896555 0.6056697 17.03465 -9.896547 -8.479689 17.03465 -8.907886 0.926913 17.03465 -9.205268 -3.797088 17.03465 -9.147083 -3.523364 17.03465 -9.033264 -3.267717 17.03465 -8.868776 -3.041322 17.03465 -7.874016 1.035576 17.03465 -8.660819 -2.854072 17.03465 -8.418469 -2.714154 17.03465 -8.152323 -2.627678 17.03465 -7.874016 -2.598424 17.03465 -6.840157 0.926913 17.03465 -7.595709 -2.627675 17.03465 -7.329563 -2.714151 17.03465 -7.087217 -2.854072 17.03465 -6.879256 -3.041322 17.03465 -6.714768 -3.267717 17.03465 -5.85148 0.6056744 17.03465 -6.600949 -3.523364 17.03465 -6.542764 -3.797088 17.03465 -6.542764 -4.076929 17.03465 -9.205268 -4.076929 17.03465 -8.907874 -8.800933 17.03465 -9.147083 -4.350654 17.03465 -9.033264 -4.606299 17.03465 -8.868776 -4.832697 17.03465 -7.874016 -8.909591 17.03465 -8.660815 -5.019945 17.03465 -8.418469 -5.159866 17.03465 -8.152323 -5.246339 17.03465 -7.874016 -5.275591 17.03465 -7.595709 -5.246339 17.03465 -6.840157 -8.800933 17.03465 -7.329563 -5.159866 17.03465 -7.087217 -5.019945 17.03465 -6.879256 -4.832697 17.03465 -6.714768 -4.606299 17.03465 -5.85148 -8.479689 17.03465 -6.600949 -4.350654 17.03465 -4.951205 0.08589874 17.03465 -4.951205 -7.959913 17.03465 -4.178665 -0.6096965 17.03465 -4.178665 -7.264315 17.03465 -3.567629 -1.450713 17.03465 -3.567629 -6.423299 17.03465 -3.144804 -2.400394 17.03465 -3.144804 -5.473622 17.03465 -2.928669 -3.41723 17.03465 -2.928669 -4.456783 17.03465 -7.874016 1.035576 17.03465 -6.840157 0.926913 29.14813 -6.840157 0.926913 17.03465 -7.874016 1.035576 29.14813 -12.60323 -5.473622 29.14813 -12.81936 -3.417233 29.14813 -12.81936 -4.456783 29.14813 -12.60323 -2.400398 29.14813 -12.1804 -6.423299 29.14813 -12.18041 -1.450718 29.14813 -11.56937 -0.6097012 29.14813 -11.56937 -7.264315 29.14813 -10.79683 0.08589402 29.14813 -10.79683 -7.959913 29.14813 -9.896555 0.6056697 29.14813 -9.896547 -8.479689 29.14813 -8.907886 0.926913 29.14813 -8.907874 -8.800933 29.14813 -7.874016 1.035576 29.14813 -7.874016 -8.909591 29.14813 -6.840157 -8.800933 29.14813 -6.840157 0.926913 29.14813 -5.85148 -8.479689 29.14813 -5.85148 0.6056744 29.14813 -4.951205 -7.959913 29.14813 -4.951205 0.08589874 29.14813 -4.178665 -7.264315 29.14813 -4.178665 -0.6096965 29.14813 -3.567631 -6.423299 29.14813 -3.567631 -1.450713 29.14813 -3.144807 -5.473622 29.14813 -3.144807 -2.400394 29.14813 -2.928669 -4.456783 29.14813 -2.928669 -3.41723 29.14813 -5.85148 0.6056744 29.14813 -4.951205 0.08589874 17.03465 -5.85148 0.6056744 17.03465 -4.951205 0.08589874 29.14813 -10.79683 0.08589402 29.14813 -9.896555 0.6056697 17.03465 -10.79683 0.08589402 17.03465 -9.896555 0.6056697 29.14813 -9.896555 0.6056697 17.03465 -8.907886 0.926913 29.14813 -8.907886 0.926913 17.03465 -9.896555 0.6056697 29.14813 -8.907886 0.926913 29.14813 -7.874016 1.035576 17.03465 -8.907886 0.926913 17.03465 -7.874016 1.035576 29.14813 -4.951205 0.08589874 29.14813 -4.178665 -0.6096965 17.03465 -4.951205 0.08589874 17.03465 -4.178665 -0.6096965 29.14813 -4.178665 -0.6096965 17.03465 -3.567631 -1.450713 29.14813 -3.567629 -1.450713 17.03465 -4.178665 -0.6096965 29.14813 -3.567629 -1.450713 17.03465 -3.144807 -2.400394 29.14813 -3.144804 -2.400394 17.03465 -3.567631 -1.450713 29.14813 -3.144804 -2.400394 17.03465 -2.928669 -3.41723 29.14813 -2.928669 -3.41723 17.03465 -3.144807 -2.400394 29.14813 -2.928669 -4.456783 17.03465 -2.928669 -3.41723 29.14813 -2.928669 -4.456783 29.14813 -2.928669 -3.41723 17.03465 -3.144804 -5.473622 17.03465 -2.928669 -4.456783 29.14813 -3.144807 -5.473622 29.14813 -2.928669 -4.456783 17.03465 -3.567629 -6.423299 17.03465 -3.144807 -5.473622 29.14813 -3.567631 -6.423299 29.14813 -3.144804 -5.473622 17.03465 -3.567629 -6.423299 17.03465 -4.178665 -7.264315 29.14813 -4.178665 -7.264315 17.03465 -3.567631 -6.423299 29.14813 -4.178665 -7.264315 29.14813 -4.951205 -7.959913 17.03465 -4.178665 -7.264315 17.03465 -4.951205 -7.959913 29.14813 -4.951205 -7.959913 17.03465 -5.85148 -8.479689 29.14813 -5.85148 -8.479689 17.03465 -4.951205 -7.959913 29.14813 -5.85148 -8.479689 29.14813 -6.840157 -8.800933 17.03465 -5.85148 -8.479689 17.03465 -6.840157 -8.800933 29.14813 -6.840157 -8.800933 29.14813 -7.874016 -8.909591 17.03465 -6.840157 -8.800933 17.03465 -7.874016 -8.909591 29.14813 -7.874016 -8.909591 29.14813 -8.907874 -8.800933 17.03465 -7.874016 -8.909591 17.03465 -8.907874 -8.800933 29.14813 -8.907874 -8.800933 29.14813 -9.896547 -8.479689 17.03465 -8.907874 -8.800933 17.03465 -9.896547 -8.479689 29.14813 -9.896547 -8.479689 29.14813 -10.79683 -7.959913 17.03465 -9.896547 -8.479689 17.03465 -10.79683 -7.959913 29.14813 -10.79683 -7.959913 29.14813 -11.56937 -7.264315 17.03465 -10.79683 -7.959913 17.03465 -11.56937 -7.264315 29.14813 -12.1804 -6.423299 29.14813 -11.56937 -7.264315 17.03465 -11.56937 -7.264315 29.14813 -12.1804 -6.423299 17.03465 -12.60323 -5.473622 29.14813 -12.1804 -6.423299 17.03465 -12.1804 -6.423299 29.14813 -12.60323 -5.473622 17.03465 -12.81936 -4.456783 29.14813 -12.60323 -5.473622 17.03465 -12.60323 -5.473622 29.14813 -12.81936 -4.456783 17.03465 -12.81936 -3.417233 29.14813 -12.81936 -4.456783 17.03465 -12.81936 -4.456783 29.14813 -12.81936 -3.417233 17.03465 -12.60323 -2.400398 29.14813 -12.81936 -3.417233 17.03465 -12.81936 -3.417233 29.14813 -12.60323 -2.400398 17.03465 -12.18041 -1.450718 29.14813 -12.60323 -2.400398 17.03465 -12.60323 -2.400398 29.14813 -12.18041 -1.450718 17.03465 -11.56937 -0.6097012 29.14813 -12.18041 -1.450718 17.03465 -12.18041 -1.450718 29.14813 -11.56937 -0.6097012 17.03465 -11.56937 -0.6097012 29.14813 -10.79683 0.08589402 17.03465 -11.56937 -0.6097012 17.03465 -10.79683 0.08589402 29.14813</float_array>
                    <technique_common>
                        <accessor count="210" source="#ID109" stride="3">
                            <param name="X" type="float" />
                            <param name="Y" type="float" />
                            <param name="Z" type="float" />
                        </accessor>
                    </technique_common>
                </source>
                <source id="ID107">
                    <float_array id="ID110" count="630">0.3090152 0.9510571 0 0.3090152 0.9510571 0 0.3090152 0.9510571 0 0.3090152 0.9510571 0 -6.868109e-09 1.542564e-08 -1 -6.868109e-09 1.542564e-08 -1 -6.868109e-09 1.542564e-08 -1 -6.868109e-09 1.542564e-08 -1 -6.868109e-09 1.542564e-08 -1 -6.868109e-09 1.542564e-08 -1 -6.868109e-09 1.542564e-08 -1 -6.868109e-09 1.542564e-08 -1 -6.868109e-09 1.542564e-08 -1 -6.868109e-09 1.542564e-08 -1 -6.868109e-09 1.542564e-08 -1 -6.868109e-09 1.542564e-08 -1 -6.868109e-09 1.542564e-08 -1 -6.868109e-09 1.542564e-08 -1 -6.868109e-09 1.542564e-08 -1 -6.868109e-09 1.542564e-08 -1 -6.868109e-09 1.542564e-08 -1 -6.868109e-09 1.542564e-08 -1 -6.868109e-09 1.542564e-08 -1 -6.868109e-09 1.542564e-08 -1 -6.868109e-09 1.542564e-08 -1 -6.868109e-09 1.542564e-08 -1 -6.868109e-09 1.542564e-08 -1 -6.868109e-09 1.542564e-08 -1 -6.868109e-09 1.542564e-08 -1 -6.868109e-09 1.542564e-08 -1 -6.868109e-09 1.542564e-08 -1 -6.868109e-09 1.542564e-08 -1 -6.868109e-09 1.542564e-08 -1 -6.868109e-09 1.542564e-08 -1 -6.868109e-09 1.542564e-08 -1 -6.868109e-09 1.542564e-08 -1 -6.868109e-09 1.542564e-08 -1 -6.868109e-09 1.542564e-08 -1 -6.868109e-09 1.542564e-08 -1 -6.868109e-09 1.542564e-08 -1 -6.868109e-09 1.542564e-08 -1 -6.868109e-09 1.542564e-08 -1 -6.868109e-09 1.542564e-08 -1 -6.868109e-09 1.542564e-08 -1 -6.868109e-09 1.542564e-08 -1 -6.868109e-09 1.542564e-08 -1 -6.868109e-09 1.542564e-08 -1 -6.868109e-09 1.542564e-08 -1 -6.868109e-09 1.542564e-08 -1 -6.868109e-09 1.542564e-08 -1 -6.868109e-09 1.542564e-08 -1 -6.868109e-09 1.542564e-08 -1 -6.868109e-09 1.542564e-08 -1 -6.868109e-09 1.542564e-08 -1 -6.868109e-09 1.542564e-08 -1 -6.868109e-09 1.542564e-08 -1 -6.868109e-09 1.542564e-08 -1 -6.868109e-09 1.542564e-08 -1 -6.868109e-09 1.542564e-08 -1 -6.868109e-09 1.542564e-08 -1 -6.868109e-09 1.542564e-08 -1 -6.868109e-09 1.542564e-08 -1 -6.868109e-09 1.542564e-08 -1 -6.868109e-09 1.542564e-08 -1 0.1045289 0.9945218 6.546126e-18 0.1045289 0.9945218 6.546126e-18 0.1045289 0.9945218 6.546126e-18 0.1045289 0.9945218 6.546126e-18 7.31649e-31 0 1 7.31649e-31 0 1 7.31649e-31 0 1 7.31649e-31 0 1 7.31649e-31 0 1 7.31649e-31 0 1 7.31649e-31 0 1 7.31649e-31 0 1 7.31649e-31 0 1 7.31649e-31 0 1 7.31649e-31 0 1 7.31649e-31 0 1 7.31649e-31 0 1 7.31649e-31 0 1 7.31649e-31 0 1 7.31649e-31 0 1 7.31649e-31 0 1 7.31649e-31 0 1 7.31649e-31 0 1 7.31649e-31 0 1 7.31649e-31 0 1 7.31649e-31 0 1 7.31649e-31 0 1 7.31649e-31 0 1 7.31649e-31 0 1 7.31649e-31 0 1 7.31649e-31 0 1 7.31649e-31 0 1 7.31649e-31 0 1 7.31649e-31 0 1 0.5000009 0.8660249 0 0.5000009 0.8660249 0 0.5000009 0.8660249 0 0.5000009 0.8660249 0 -0.4999993 0.8660258 3.273063e-18 -0.4999993 0.8660258 3.273063e-18 -0.4999993 0.8660258 3.273063e-18 -0.4999993 0.8660258 3.273063e-18 -0.3090215 0.9510551 0 -0.3090215 0.9510551 0 -0.3090215 0.9510551 0 -0.3090215 0.9510551 0 -0.1045278 0.994522 6.546126e-18 -0.1045278 0.994522 6.546126e-18 -0.1045278 0.994522 6.546126e-18 -0.1045278 0.994522 6.546126e-18 0.6691293 0.743146 -6.546126e-18 0.6691293 0.743146 -6.546126e-18 0.6691293 0.743146 -6.546126e-18 0.6691293 0.743146 -6.546126e-18 0.8090166 0.5877858 7.888168e-08 0.8090166 0.5877858 7.888168e-08 0.8090166 0.5877858 7.888168e-08 0.8090166 0.5877858 7.888168e-08 0.9135456 0.4067362 1.781472e-07 0.9135456 0.4067362 1.781472e-07 0.9135456 0.4067362 1.781472e-07 0.9135456 0.4067362 1.781472e-07 0.9781474 0.2079125 9.537248e-08 0.9781474 0.2079125 9.537248e-08 0.9781474 0.2079125 9.537248e-08 0.9781474 0.2079125 9.537248e-08 1 0 0 1 0 0 1 0 0 1 0 0 0.9781475 -0.2079122 9.537248e-08 0.9781475 -0.2079122 9.537248e-08 0.9781475 -0.2079122 9.537248e-08 0.9781475 -0.2079122 9.537248e-08 0.9135451 -0.4067374 1.781471e-07 0.9135451 -0.4067374 1.781471e-07 0.9135451 -0.4067374 1.781471e-07 0.9135451 -0.4067374 1.781471e-07 0.8090162 -0.5877863 7.888165e-08 0.8090162 -0.5877863 7.888165e-08 0.8090162 -0.5877863 7.888165e-08 0.8090162 -0.5877863 7.888165e-08 0.6691311 -0.7431444 -3.273063e-18 0.6691311 -0.7431444 -3.273063e-18 0.6691311 -0.7431444 -3.273063e-18 0.6691311 -0.7431444 -3.273063e-18 0.5000009 -0.8660249 0 0.5000009 -0.8660249 0 0.5000009 -0.8660249 0 0.5000009 -0.8660249 0 0.30902 -0.9510556 0 0.30902 -0.9510556 0 0.30902 -0.9510556 0 0.30902 -0.9510556 0 0.1045233 -0.9945224 0 0.1045233 -0.9945224 0 0.1045233 -0.9945224 0 0.1045233 -0.9945224 0 -0.1045233 -0.9945224 0 -0.1045233 -0.9945224 0 -0.1045233 -0.9945224 0 -0.1045233 -0.9945224 0 -0.3090211 -0.9510552 0 -0.3090211 -0.9510552 0 -0.3090211 -0.9510552 0 -0.3090211 -0.9510552 0 -0.4999976 -0.8660268 0 -0.4999976 -0.8660268 0 -0.4999976 -0.8660268 0 -0.4999976 -0.8660268 0 -0.6691311 -0.7431444 -3.273063e-18 -0.6691311 -0.7431444 -3.273063e-18 -0.6691311 -0.7431444 -3.273063e-18 -0.6691311 -0.7431444 -3.273063e-18 -0.809018 -0.5877839 3.273063e-18 -0.809018 -0.5877839 3.273063e-18 -0.809018 -0.5877839 3.273063e-18 -0.809018 -0.5877839 3.273063e-18 -0.9135443 -0.4067393 -3.273063e-18 -0.9135443 -0.4067393 -3.273063e-18 -0.9135443 -0.4067393 -3.273063e-18 -0.9135443 -0.4067393 -3.273063e-18 -0.978148 -0.20791 -8.182658e-19 -0.978148 -0.20791 -8.182658e-19 -0.978148 -0.20791 -8.182658e-19 -0.978148 -0.20791 -8.182658e-19 -1 0 0 -1 0 0 -1 0 0 -1 0 0 -0.9781478 0.2079108 -8.182658e-19 -0.9781478 0.2079108 -8.182658e-19 -0.9781478 0.2079108 -8.182658e-19 -0.9781478 0.2079108 -8.182658e-19 -0.9135462 0.406735 -1.636532e-18 -0.9135462 0.406735 -1.636532e-18 -0.9135462 0.406735 -1.636532e-18 -0.9135462 0.406735 -1.636532e-18 -0.8090184 0.5877833 3.273063e-18 -0.8090184 0.5877833 3.273063e-18 -0.8090184 0.5877833 3.273063e-18 -0.8090184 0.5877833 3.273063e-18 -0.6691293 0.743146 6.546126e-18 -0.6691293 0.743146 6.546126e-18 -0.6691293 0.743146 6.546126e-18 -0.6691293 0.743146 6.546126e-18</float_array>
                    <technique_common>
                        <accessor count="210" source="#ID110" stride="3">
                            <param name="X" type="float" />
                            <param name="Y" type="float" />
                            <param name="Z" type="float" />
                        </accessor>
                    </technique_common>
                </source>
                <vertices id="ID108">
                    <input semantic="POSITION" source="#ID106" />
                    <input semantic="NORMAL" source="#ID107" />
                </vertices>
                <triangles count="148" material="Material2">
                    <input offset="0" semantic="VERTEX" source="#ID108" />
                    <p>0 1 2 1 0 3 4 5 6 5 4 7 7 4 8 7 8 9 9 8 10 9 10 11 11 10 12 11 12 13 13 12 14 13 14 15 15 14 16 15 16 17 17 16 18 18 16 19 19 16 20 20 16 21 20 21 22 22 21 23 23 21 24 24 21 25 25 21 26 25 26 27 27 26 28 28 26 29 29 26 30 30 26 31 31 26 32 31 32 33 33 32 34 34 32 35 15 36 37 36 15 17 37 36 38 37 38 39 37 39 40 37 40 41 41 40 42 41 42 43 41 43 44 41 44 45 41 45 46 41 46 47 47 46 48 47 48 49 47 49 50 47 50 51 47 51 52 52 51 53 52 53 35 52 35 32 52 32 54 52 54 55 55 54 56 55 56 57 57 56 58 57 58 59 59 58 60 59 60 61 61 60 62 61 62 63 64 65 66 65 64 67 68 69 70 69 68 71 71 68 72 71 72 73 73 72 74 74 72 75 74 75 76 76 75 77 76 77 78 78 77 79 78 79 80 80 79 81 80 81 82 82 81 83 82 83 84 82 84 85 85 84 86 85 86 87 87 86 88 87 88 89 89 88 90 89 90 91 91 90 92 91 92 93 93 92 94 93 94 95 95 94 96 95 96 97 98 99 100 99 98 101 102 103 104 103 102 105 106 107 108 107 106 109 110 111 112 111 110 113 114 115 116 115 114 117 118 119 120 119 118 121 122 123 124 123 122 125 126 127 128 127 126 129 130 131 132 131 130 133 134 135 136 135 134 137 138 139 140 139 138 141 142 143 144 143 142 145 146 147 148 147 146 149 150 151 152 151 150 153 154 155 156 155 154 157 158 159 160 159 158 161 162 163 164 163 162 165 166 167 168 167 166 169 170 171 172 171 170 173 174 175 176 175 174 177 178 179 180 179 178 181 182 183 184 183 182 185 186 187 188 187 186 189 190 191 192 191 190 193 194 195 196 195 194 197 198 199 200 199 198 201 202 203 204 203 202 205 206 207 208 207 206 209</p>
                </triangles>
            </mesh>
        </geometry>
        <geometry id="ID111">
            <mesh>
                <source id="ID112">
                    <float_array id="ID115" count="1170">-7.229354 -0.9041272 7.654677 -7.874016 1.165031 4.097256 -6.81324 1.05354 4.097256 -7.874016 -0.8363705 7.654677 -7.874016 -0.8363705 7.654677 -8.934799 1.053538 4.097256 -7.874016 1.165031 4.097256 -8.518681 -0.9041272 7.654677 -6.744685 1.376067 3.780161 -7.874016 1.165031 4.097256 -7.874016 1.494762 3.780161 -6.81324 1.05354 4.097256 -6.612874 -1.104434 7.654677 -6.81324 1.05354 4.097256 -5.798827 0.7239358 4.097256 -7.229354 -0.9041272 7.654677 -10.8229 -2.978861 7.654677 -10.95767 -4.261114 7.654677 -10.95767 -3.612905 7.654677 -10.8229 -4.895157 7.654677 -10.55925 -2.386692 7.654677 -10.55925 -5.487327 7.654677 -10.17824 -1.862279 7.654677 -10.17824 -6.01174 7.654677 -9.696528 -1.428543 7.654677 -9.696524 -6.445476 7.654677 -9.135161 -1.104436 7.654677 -9.135157 -6.769583 7.654677 -8.518681 -0.9041272 7.654677 -8.518673 -6.96989 7.654677 -7.874016 -0.8363705 7.654677 -7.874016 -7.037646 7.654677 -7.229354 -0.9041272 7.654677 -7.229354 -6.96989 7.654677 -6.612874 -1.104434 7.654677 -6.612874 -6.769583 7.654677 -6.051508 -1.42854 7.654677 -6.051508 -6.445476 7.654677 -5.569795 -1.862276 7.654677 -5.569795 -6.01174 7.654677 -5.188783 -2.386689 7.654677 -5.188783 -5.487327 7.654677 -4.925134 -2.978859 7.654677 -4.925134 -4.895157 7.654677 -4.790366 -3.612902 7.654677 -4.790366 -4.261114 7.654677 -8.518681 -0.9041272 7.654677 -9.949213 0.7239335 4.097256 -8.934799 1.053538 4.097256 -9.135161 -1.104436 7.654677 -7.874016 1.494762 3.780161 -8.934799 1.053538 4.097256 -9.003354 1.376065 3.780161 -7.874016 1.165031 4.097256 -6.653358 1.805718 3.648818 -7.874016 1.494762 3.780161 -7.874016 1.934013 3.648818 -6.744685 1.376067 3.780161 -6.744685 1.376067 3.780161 -5.798827 0.7239358 4.097256 -6.81324 1.05354 4.097256 -5.664713 1.025162 3.780161 -6.051508 -1.42854 7.654677 -5.798827 0.7239358 4.097256 -4.87511 0.1906293 4.097256 -6.612874 -1.104434 7.654677 -4.925134 -2.978859 7.654677 -2.799923 -3.4037 4.097256 -4.790366 -3.612902 7.654677 -3.021685 -2.360391 4.097256 -4.790366 -4.261114 7.654677 -2.799923 -3.4037 4.097256 -2.799923 -4.470315 4.097256 -4.790366 -3.612902 7.654677 -4.925134 -4.895157 7.654677 -2.799923 -4.470315 4.097256 -3.021685 -5.513626 4.097256 -4.790366 -4.261114 7.654677 -5.188783 -5.487327 7.654677 -3.021685 -5.513626 4.097256 -3.455518 -6.488028 4.097256 -4.925134 -4.895157 7.654677 -5.569795 -6.01174 7.654677 -3.455518 -6.488028 4.097256 -4.082461 -7.350937 4.097256 -5.188783 -5.487327 7.654677 -6.051508 -6.445476 7.654677 -4.082461 -7.350937 4.097256 -4.87511 -8.064646 4.097256 -5.569795 -6.01174 7.654677 -6.612874 -6.769583 7.654677 -4.87511 -8.064646 4.097256 -5.798827 -8.597953 4.097256 -6.051508 -6.445476 7.654677 -6.81324 -8.927555 4.097256 -6.612874 -6.769583 7.654677 -5.798827 -8.597953 4.097256 -7.229354 -6.96989 7.654677 -7.874016 -7.037646 7.654677 -6.81324 -8.927555 4.097256 -7.874016 -9.039047 4.097256 -7.229354 -6.96989 7.654677 -8.518673 -6.96989 7.654677 -7.874016 -9.039047 4.097256 -8.934791 -8.927555 4.097256 -7.874016 -7.037646 7.654677 -9.135157 -6.769583 7.654677 -8.934791 -8.927555 4.097256 -9.949205 -8.597953 4.097256 -8.518673 -6.96989 7.654677 -10.87292 -8.064646 4.097256 -9.135157 -6.769583 7.654677 -9.949205 -8.597953 4.097256 -9.696524 -6.445476 7.654677 -10.17824 -6.01174 7.654677 -10.87292 -8.064646 4.097256 -11.66557 -7.350937 4.097256 -9.696524 -6.445476 7.654677 -12.29251 -6.488028 4.097256 -10.17824 -6.01174 7.654677 -11.66557 -7.350937 4.097256 -10.55925 -5.487327 7.654677 -12.72635 -5.513626 4.097256 -10.55925 -5.487327 7.654677 -12.29251 -6.488028 4.097256 -10.8229 -4.895157 7.654677 -12.94811 -4.470319 4.097256 -10.8229 -4.895157 7.654677 -12.72635 -5.513626 4.097256 -10.95767 -4.261114 7.654677 -12.94811 -3.403702 4.097256 -10.95767 -4.261114 7.654677 -12.94811 -4.470319 4.097256 -10.95767 -3.612905 7.654677 -12.94811 -3.403702 4.097256 -10.8229 -2.978861 7.654677 -10.95767 -3.612905 7.654677 -12.72635 -2.360393 4.097256 -12.72635 -2.360393 4.097256 -10.55925 -2.386692 7.654677 -10.8229 -2.978861 7.654677 -12.29252 -1.385991 4.097256 -12.29252 -1.385991 4.097256 -10.17824 -1.862279 7.654677 -10.55925 -2.386692 7.654677 -11.66557 -0.5230799 4.097256 -9.696528 -1.428543 7.654677 -11.66557 -0.5230799 4.097256 -10.87293 0.1906246 4.097256 -10.17824 -1.862279 7.654677 -9.949213 0.7239335 4.097256 -9.696528 -1.428543 7.654677 -10.87293 0.1906246 4.097256 -9.135161 -1.104436 7.654677 -5.569795 -1.862276 7.654677 -4.87511 0.1906293 4.097256 -4.082457 -0.5230752 4.097256 -6.051508 -1.42854 7.654677 -5.569795 -1.862276 7.654677 -3.455518 -1.385986 4.097256 -5.188783 -2.386689 7.654677 -4.082457 -0.5230752 4.097256 -5.188783 -2.386689 7.654677 -3.021685 -2.360391 4.097256 -4.925134 -2.978859 7.654677 -3.455518 -1.385986 4.097256 -9.003354 1.376065 3.780161 -9.949213 0.7239335 4.097256 -10.08333 1.02516 3.780161 -8.934799 1.053538 4.097256 -7.874016 1.934013 3.648818 -9.003354 1.376065 3.780161 -9.094681 1.805715 3.648818 -7.874016 1.494762 3.780161 -6.653358 1.805718 3.648818 -5.664713 1.025162 3.780161 -6.744685 1.376067 3.780161 -5.486055 1.426437 3.648818 -5.664713 1.025162 3.780161 -4.87511 0.1906293 4.097256 -5.798827 0.7239358 4.097256 -4.681299 0.4573882 3.780161 -2.708092 -2.258497 3.780161 -2.799923 -3.4037 4.097256 -3.021685 -2.360391 4.097256 -2.471997 -3.369232 3.780161 -2.471997 -3.369232 3.780161 -2.799923 -4.470315 4.097256 -2.799923 -3.4037 4.097256 -2.471997 -4.504783 3.780161 -2.799923 -4.470315 4.097256 -2.708092 -5.61552 3.780161 -3.021685 -5.513626 4.097256 -2.471997 -4.504783 3.780161 -3.021685 -5.513626 4.097256 -3.169963 -6.652894 3.780161 -3.455518 -6.488028 4.097256 -2.708092 -5.61552 3.780161 -3.455518 -6.488028 4.097256 -3.837422 -7.571575 3.780161 -4.082461 -7.350937 4.097256 -3.169963 -6.652894 3.780161 -4.082461 -7.350937 4.097256 -4.681299 -8.331406 3.780161 -4.87511 -8.064646 4.097256 -3.837422 -7.571575 3.780161 -4.87511 -8.064646 4.097256 -5.664713 -8.899177 3.780161 -5.798827 -8.597953 4.097256 -4.681299 -8.331406 3.780161 -5.798827 -8.597953 4.097256 -6.744685 -9.250083 3.780161 -6.81324 -8.927555 4.097256 -5.664713 -8.899177 3.780161 -6.81324 -8.927555 4.097256 -7.874016 -9.36878 3.780161 -7.874016 -9.039047 4.097256 -6.744685 -9.250083 3.780161 -8.934791 -8.927555 4.097256 -7.874016 -9.36878 3.780161 -9.003346 -9.250083 3.780161 -7.874016 -9.039047 4.097256 -9.949205 -8.597953 4.097256 -9.003346 -9.250083 3.780161 -10.08332 -8.899177 3.780161 -8.934791 -8.927555 4.097256 -10.87292 -8.064646 4.097256 -10.08332 -8.899177 3.780161 -11.06673 -8.331406 3.780161 -9.949205 -8.597953 4.097256 -11.66557 -7.350937 4.097256 -11.06673 -8.331406 3.780161 -11.91061 -7.571571 3.780161 -10.87292 -8.064646 4.097256 -12.29251 -6.488028 4.097256 -11.91061 -7.571571 3.780161 -12.57807 -6.652894 3.780161 -11.66557 -7.350937 4.097256 -12.72635 -5.513626 4.097256 -12.57807 -6.652894 3.780161 -13.03994 -5.61552 3.780161 -12.29251 -6.488028 4.097256 -12.94811 -4.470319 4.097256 -13.03994 -5.61552 3.780161 -13.27604 -4.504783 3.780161 -12.72635 -5.513626 4.097256 -12.94811 -3.403702 4.097256 -13.27604 -4.504783 3.780161 -13.27604 -3.369235 3.780161 -12.94811 -4.470319 4.097256 -13.03994 -2.258502 3.780161 -12.94811 -3.403702 4.097256 -13.27604 -3.369235 3.780161 -12.72635 -2.360393 4.097256 -12.57807 -1.221125 3.780161 -12.72635 -2.360393 4.097256 -13.03994 -2.258502 3.780161 -12.29252 -1.385991 4.097256 -11.91061 -0.3024466 3.780161 -12.29252 -1.385991 4.097256 -12.57807 -1.221125 3.780161 -11.66557 -0.5230799 4.097256 -11.06674 0.4573835 3.780161 -11.66557 -0.5230799 4.097256 -11.91061 -0.3024466 3.780161 -10.87293 0.1906246 4.097256 -10.08333 1.02516 3.780161 -10.87293 0.1906246 4.097256 -11.06674 0.4573835 3.780161 -9.949213 0.7239335 4.097256 -4.681299 0.4573882 3.780161 -4.082457 -0.5230752 4.097256 -4.87511 0.1906293 4.097256 -3.837422 -0.3024419 3.780161 -3.837422 -0.3024419 3.780161 -3.455518 -1.385986 4.097256 -4.082457 -0.5230752 4.097256 -3.16996 -1.22112 3.780161 -3.16996 -1.22112 3.780161 -3.021685 -2.360391 4.097256 -3.455518 -1.385986 4.097256 -2.708092 -2.258497 3.780161 -9.094681 1.805715 3.648818 -10.08333 1.02516 3.780161 -10.26199 1.426433 3.648818 -9.003354 1.376065 3.780161 -5.486055 1.426437 3.648818 -4.681299 0.4573882 3.780161 -5.664713 1.025162 3.780161 -4.423114 0.8127492 3.648818 -2.290339 -2.122761 3.648818 -2.471997 -3.369232 3.780161 -2.708092 -2.258497 3.780161 -2.035154 -3.323318 3.648818 -2.035154 -3.323318 3.648818 -2.471997 -4.504783 3.780161 -2.471997 -3.369232 3.780161 -2.035154 -4.550697 3.648818 -2.471997 -4.504783 3.780161 -2.290341 -5.751252 3.648818 -2.708092 -5.61552 3.780161 -2.035154 -4.550697 3.648818 -2.708092 -5.61552 3.780161 -2.789561 -6.87252 3.648818 -3.169963 -6.652894 3.780161 -2.290341 -5.751252 3.648818 -3.169963 -6.652894 3.780161 -3.510995 -7.865488 3.648818 -3.837422 -7.571575 3.780161 -2.789561 -6.87252 3.648818 -3.837422 -7.571575 3.780161 -4.423114 -8.686764 3.648818 -4.681299 -8.331406 3.780161 -3.510995 -7.865488 3.648818 -4.681299 -8.331406 3.780161 -5.486055 -9.300453 3.648818 -5.664713 -8.899177 3.780161 -4.423114 -8.686764 3.648818 -5.664713 -8.899177 3.780161 -6.653362 -9.679732 3.648818 -6.744685 -9.250083 3.780161 -5.486055 -9.300453 3.648818 -6.744685 -9.250083 3.780161 -7.874016 -9.808028 3.648818 -7.874016 -9.36878 3.780161 -6.653362 -9.679732 3.648818 -9.003346 -9.250083 3.780161 -7.874016 -9.808028 3.648818 -9.094669 -9.679732 3.648818 -7.874016 -9.36878 3.780161 -10.08332 -8.899177 3.780161 -9.094669 -9.679732 3.648818 -10.26198 -9.300453 3.648818 -9.003346 -9.250083 3.780161 -11.06673 -8.331406 3.780161 -10.26198 -9.300453 3.648818 -11.32492 -8.686764 3.648818 -10.08332 -8.899177 3.780161 -11.91061 -7.571571 3.780161 -11.32492 -8.686764 3.648818 -12.23704 -7.865488 3.648818 -11.06673 -8.331406 3.780161 -12.57807 -6.652894 3.780161 -12.23704 -7.865488 3.648818 -12.95847 -6.87252 3.648818 -11.91061 -7.571571 3.780161 -13.03994 -5.61552 3.780161 -12.95847 -6.87252 3.648818 -13.45769 -5.751252 3.648818 -12.57807 -6.652894 3.780161 -13.27604 -4.504783 3.780161 -13.45769 -5.751252 3.648818 -13.71288 -4.550697 3.648818 -13.03994 -5.61552 3.780161 -13.27604 -3.369235 3.780161 -13.71288 -4.550697 3.648818 -13.71288 -3.323322 3.648818 -13.27604 -4.504783 3.780161 -13.45769 -2.122765 3.648818 -13.27604 -3.369235 3.780161 -13.71288 -3.323322 3.648818 -13.03994 -2.258502 3.780161 -12.95848 -1.001501 3.648818 -13.03994 -2.258502 3.780161 -13.45769 -2.122765 3.648818 -12.57807 -1.221125 3.780161 -12.23704 -0.008532362 3.648818 -12.57807 -1.221125 3.780161 -12.95848 -1.001501 3.648818 -11.91061 -0.3024466 3.780161 -11.32493 0.8127445 3.648818 -11.91061 -0.3024466 3.780161 -12.23704 -0.008532362 3.648818 -11.06674 0.4573835 3.780161 -10.26199 1.426433 3.648818 -11.06674 0.4573835 3.780161 -11.32493 0.8127445 3.648818 -10.08333 1.02516 3.780161 -4.423114 0.8127492 3.648818 -3.837422 -0.3024419 3.780161 -4.681299 0.4573882 3.780161 -3.510995 -0.008527087 3.648818 -3.510995 -0.008527087 3.648818 -3.16996 -1.22112 3.780161 -3.837422 -0.3024419 3.780161 -2.789561 -1.001496 3.648818 -2.789561 -1.001496 3.648818 -2.708092 -2.258497 3.780161 -3.16996 -1.22112 3.780161 -2.290339 -2.122761 3.648818</float_array>
                    <technique_common>
                        <accessor count="390" source="#ID115" stride="3">
                            <param name="X" type="float" />
                            <param name="Y" type="float" />
                            <param name="Z" type="float" />
                        </accessor>
                    </technique_common>
                </source>
                <source id="ID113">
                    <float_array id="ID116" count="1170">-0.09121987 -0.867905 -0.4882826 -0.09121987 -0.867905 -0.4882826 -0.09121987 -0.867905 -0.4882826 -0.09121987 -0.867905 -0.4882826 0.09122064 -0.867905 -0.4882824 0.09122064 -0.867905 -0.4882824 0.09122064 -0.867905 -0.4882824 0.09122064 -0.867905 -0.4882824 -0.07266042 -0.6913275 -0.7188788 -0.07266042 -0.6913275 -0.7188788 -0.07266042 -0.6913275 -0.7188788 -0.07266042 -0.6913275 -0.7188788 -0.2696755 -0.8299731 -0.4882825 -0.2696755 -0.8299731 -0.4882825 -0.2696755 -0.8299731 -0.4882825 -0.2696755 -0.8299731 -0.4882825 4.376202e-32 0 -1 4.376202e-32 0 -1 4.376202e-32 0 -1 4.376202e-32 0 -1 4.376202e-32 0 -1 4.376202e-32 0 -1 4.376202e-32 0 -1 4.376202e-32 0 -1 4.376202e-32 0 -1 4.376202e-32 0 -1 4.376202e-32 0 -1 4.376202e-32 0 -1 4.376202e-32 0 -1 4.376202e-32 0 -1 4.376202e-32 0 -1 4.376202e-32 0 -1 4.376202e-32 0 -1 4.376202e-32 0 -1 4.376202e-32 0 -1 4.376202e-32 0 -1 4.376202e-32 0 -1 4.376202e-32 0 -1 4.376202e-32 0 -1 4.376202e-32 0 -1 4.376202e-32 0 -1 4.376202e-32 0 -1 4.376202e-32 0 -1 4.376202e-32 0 -1 4.376202e-32 0 -1 4.376202e-32 0 -1 0.2696763 -0.8299728 -0.4882825 0.2696763 -0.8299728 -0.4882825 0.2696763 -0.8299728 -0.4882825 0.2696763 -0.8299728 -0.4882825 0.07266137 -0.6913274 -0.7188788 0.07266137 -0.6913274 -0.7188788 0.07266137 -0.6913274 -0.7188788 0.07266137 -0.6913274 -0.7188788 -0.03009676 -0.2863547 -0.9576509 -0.03009676 -0.2863547 -0.9576509 -0.03009676 -0.2863547 -0.9576509 -0.03009676 -0.2863547 -0.9576509 -0.2148088 -0.6611118 -0.7188799 -0.2148088 -0.6611118 -0.7188799 -0.2148088 -0.6611118 -0.7188799 -0.2148088 -0.6611118 -0.7188799 -0.4363425 -0.7557679 -0.4882828 -0.4363425 -0.7557679 -0.4882828 -0.4363425 -0.7557679 -0.4882828 -0.4363425 -0.7557679 -0.4882828 -0.8536151 -0.1814407 -0.4882832 -0.8536151 -0.1814407 -0.4882832 -0.8536151 -0.1814407 -0.4882832 -0.8536151 -0.1814407 -0.4882832 -0.8726851 6.21882e-17 -0.4882834 -0.8726851 6.21882e-17 -0.4882834 -0.8726851 6.21882e-17 -0.4882834 -0.8726851 6.21882e-17 -0.4882834 -0.8536152 0.1814404 -0.4882831 -0.8536152 0.1814404 -0.4882831 -0.8536152 0.1814404 -0.4882831 -0.8536152 0.1814404 -0.4882831 -0.7972377 0.3549534 -0.4882828 -0.7972377 0.3549534 -0.4882828 -0.7972377 0.3549534 -0.4882828 -0.7972377 0.3549534 -0.4882828 -0.7060163 0.5129533 -0.4882827 -0.7060163 0.5129533 -0.4882827 -0.7060163 0.5129533 -0.4882827 -0.7060163 0.5129533 -0.4882827 -0.5839418 0.6485305 -0.4882828 -0.5839418 0.6485305 -0.4882828 -0.5839418 0.6485305 -0.4882828 -0.5839418 0.6485305 -0.4882828 -0.4363427 0.7557678 -0.4882828 -0.4363427 0.7557678 -0.4882828 -0.4363427 0.7557678 -0.4882828 -0.4363427 0.7557678 -0.4882828 -0.2696746 0.8299735 -0.4882824 -0.2696746 0.8299735 -0.4882824 -0.2696746 0.8299735 -0.4882824 -0.2696746 0.8299735 -0.4882824 -0.0912203 0.867905 -0.4882824 -0.0912203 0.867905 -0.4882824 -0.0912203 0.867905 -0.4882824 -0.0912203 0.867905 -0.4882824 0.09122045 0.867905 -0.4882824 0.09122045 0.867905 -0.4882824 0.09122045 0.867905 -0.4882824 0.09122045 0.867905 -0.4882824 0.2696741 0.8299735 -0.4882825 0.2696741 0.8299735 -0.4882825 0.2696741 0.8299735 -0.4882825 0.2696741 0.8299735 -0.4882825 0.4363427 0.7557678 -0.4882828 0.4363427 0.7557678 -0.4882828 0.4363427 0.7557678 -0.4882828 0.4363427 0.7557678 -0.4882828 0.5839412 0.6485313 -0.4882826 0.5839412 0.6485313 -0.4882826 0.5839412 0.6485313 -0.4882826 0.5839412 0.6485313 -0.4882826 0.7060176 0.5129519 -0.4882822 0.7060176 0.5129519 -0.4882822 0.7060176 0.5129519 -0.4882822 0.7060176 0.5129519 -0.4882822 0.7972374 0.3549544 -0.4882827 0.7972374 0.3549544 -0.4882827 0.7972374 0.3549544 -0.4882827 0.7972374 0.3549544 -0.4882827 0.8536154 0.181441 -0.4882827 0.8536154 0.181441 -0.4882827 0.8536154 0.181441 -0.4882827 0.8536154 0.181441 -0.4882827 0.8726857 1.407417e-16 -0.4882823 0.8726857 1.407417e-16 -0.4882823 0.8726857 1.407417e-16 -0.4882823 0.8726857 1.407417e-16 -0.4882823 0.8536154 -0.1814407 -0.4882827 0.8536154 -0.1814407 -0.4882827 0.8536154 -0.1814407 -0.4882827 0.8536154 -0.1814407 -0.4882827 0.7972381 -0.3549522 -0.488283 0.7972381 -0.3549522 -0.488283 0.7972381 -0.3549522 -0.488283 0.7972381 -0.3549522 -0.488283 0.7060176 -0.5129512 -0.4882829 0.7060176 -0.5129512 -0.4882829 0.7060176 -0.5129512 -0.4882829 0.7060176 -0.5129512 -0.4882829 0.5839405 -0.6485318 -0.4882828 0.5839405 -0.6485318 -0.4882828 0.5839405 -0.6485318 -0.4882828 0.5839405 -0.6485318 -0.4882828 0.4363445 -0.7557667 -0.4882828 0.4363445 -0.7557667 -0.4882828 0.4363445 -0.7557667 -0.4882828 0.4363445 -0.7557667 -0.4882828 -0.5839391 -0.6485326 -0.4882834 -0.5839391 -0.6485326 -0.4882834 -0.5839391 -0.6485326 -0.4882834 -0.5839391 -0.6485326 -0.4882834 -0.7060174 -0.5129511 -0.4882833 -0.7060174 -0.5129511 -0.4882833 -0.7060174 -0.5129511 -0.4882833 -0.7060174 -0.5129511 -0.4882833 -0.797238 -0.3549526 -0.4882829 -0.797238 -0.3549526 -0.4882829 -0.797238 -0.3549526 -0.4882829 -0.797238 -0.3549526 -0.4882829 0.2148088 -0.6611118 -0.7188799 0.2148088 -0.6611118 -0.7188799 0.2148088 -0.6611118 -0.7188799 0.2148088 -0.6611118 -0.7188799 0.03009713 -0.2863547 -0.9576509 0.03009713 -0.2863547 -0.9576509 0.03009713 -0.2863547 -0.9576509 0.03009713 -0.2863547 -0.9576509 -0.08897608 -0.2738399 -0.9576508 -0.08897608 -0.2738399 -0.9576508 -0.08897608 -0.2738399 -0.9576508 -0.08897608 -0.2738399 -0.9576508 -0.3475669 -0.6020043 -0.7188797 -0.3475669 -0.6020043 -0.7188797 -0.3475669 -0.6020043 -0.7188797 -0.3475669 -0.6020043 -0.7188797 -0.6799443 -0.144527 -0.7188795 -0.6799443 -0.144527 -0.7188795 -0.6799443 -0.144527 -0.7188795 -0.6799443 -0.144527 -0.7188795 -0.6951343 0 -0.7188799 -0.6951343 0 -0.7188799 -0.6951343 0 -0.7188799 -0.6951343 0 -0.7188799 -0.6799442 0.1445268 -0.7188797 -0.6799442 0.1445268 -0.7188797 -0.6799442 0.1445268 -0.7188797 -0.6799442 0.1445268 -0.7188797 -0.6350374 0.2827378 -0.7188788 -0.6350374 0.2827378 -0.7188788 -0.6350374 0.2827378 -0.7188788 -0.6350374 0.2827378 -0.7188788 -0.5623752 0.4085897 -0.7188801 -0.5623752 0.4085897 -0.7188801 -0.5623752 0.4085897 -0.7188801 -0.5623752 0.4085897 -0.7188801 -0.4651356 0.516584 -0.718881 -0.4651356 0.516584 -0.718881 -0.4651356 0.516584 -0.718881 -0.4651356 0.516584 -0.718881 -0.3475667 0.602005 -0.7188792 -0.3475667 0.602005 -0.7188792 -0.3475667 0.602005 -0.7188792 -0.3475667 0.602005 -0.7188792 -0.2148087 0.6611125 -0.7188793 -0.2148087 0.6611125 -0.7188793 -0.2148087 0.6611125 -0.7188793 -0.2148087 0.6611125 -0.7188793 -0.07266117 0.6913263 -0.7188799 -0.07266117 0.6913263 -0.7188799 -0.07266117 0.6913263 -0.7188799 -0.07266117 0.6913263 -0.7188799 0.07266117 0.6913263 -0.7188799 0.07266117 0.6913263 -0.7188799 0.07266117 0.6913263 -0.7188799 0.07266117 0.6913263 -0.7188799 0.2148087 0.6611125 -0.7188793 0.2148087 0.6611125 -0.7188793 0.2148087 0.6611125 -0.7188793 0.2148087 0.6611125 -0.7188793 0.3475667 0.602005 -0.7188792 0.3475667 0.602005 -0.7188792 0.3475667 0.602005 -0.7188792 0.3475667 0.602005 -0.7188792 0.465137 0.5165845 -0.7188797 0.465137 0.5165845 -0.7188797 0.465137 0.5165845 -0.7188797 0.465137 0.5165845 -0.7188797 0.5623742 0.4085898 -0.7188808 0.5623742 0.4085898 -0.7188808 0.5623742 0.4085898 -0.7188808 0.5623742 0.4085898 -0.7188808 0.6350374 0.282737 -0.7188792 0.6350374 0.282737 -0.7188792 0.6350374 0.282737 -0.7188792 0.6350374 0.282737 -0.7188792 0.6799445 0.1445274 -0.7188792 0.6799445 0.1445274 -0.7188792 0.6799445 0.1445274 -0.7188792 0.6799445 0.1445274 -0.7188792 0.6951312 6.546126e-18 -0.7188828 0.6951312 6.546126e-18 -0.7188828 0.6951312 6.546126e-18 -0.7188828 0.6951312 6.546126e-18 -0.7188828 0.6799427 -0.1445259 -0.7188813 0.6799427 -0.1445259 -0.7188813 0.6799427 -0.1445259 -0.7188813 0.6799427 -0.1445259 -0.7188813 0.6350368 -0.2827351 -0.7188804 0.6350368 -0.2827351 -0.7188804 0.6350368 -0.2827351 -0.7188804 0.6350368 -0.2827351 -0.7188804 0.5623748 -0.4085895 -0.7188805 0.5623748 -0.4085895 -0.7188805 0.5623748 -0.4085895 -0.7188805 0.5623748 -0.4085895 -0.7188805 0.4651356 -0.5165846 -0.7188805 0.4651356 -0.5165846 -0.7188805 0.4651356 -0.5165846 -0.7188805 0.4651356 -0.5165846 -0.7188805 0.347568 -0.6020025 -0.7188807 0.347568 -0.6020025 -0.7188807 0.347568 -0.6020025 -0.7188807 0.347568 -0.6020025 -0.7188807 -0.4651366 -0.516588 -0.7188774 -0.4651366 -0.516588 -0.7188774 -0.4651366 -0.516588 -0.7188774 -0.4651366 -0.516588 -0.7188774 -0.5623771 -0.4085909 -0.7188779 -0.5623771 -0.4085909 -0.7188779 -0.5623771 -0.4085909 -0.7188779 -0.5623771 -0.4085909 -0.7188779 -0.6350371 -0.2827361 -0.7188798 -0.6350371 -0.2827361 -0.7188798 -0.6350371 -0.2827361 -0.7188798 -0.6350371 -0.2827361 -0.7188798 0.0889763 -0.2738401 -0.9576507 0.0889763 -0.2738401 -0.9576507 0.0889763 -0.2738401 -0.9576507 0.0889763 -0.2738401 -0.9576507 -0.143966 -0.2493567 -0.9576508 -0.143966 -0.2493567 -0.9576508 -0.143966 -0.2493567 -0.9576508 -0.143966 -0.2493567 -0.9576508 -0.2816398 -0.05986443 -0.9576509 -0.2816398 -0.05986443 -0.9576509 -0.2816398 -0.05986443 -0.9576509 -0.2816398 -0.05986443 -0.9576509 -0.2879325 6.546126e-18 -0.9576507 -0.2879325 6.546126e-18 -0.9576507 -0.2879325 6.546126e-18 -0.9576507 -0.2879325 6.546126e-18 -0.9576507 -0.2816407 0.05986488 -0.9576506 -0.2816407 0.05986488 -0.9576506 -0.2816407 0.05986488 -0.9576506 -0.2816407 0.05986488 -0.9576506 -0.2630394 0.1171128 -0.9576507 -0.2630394 0.1171128 -0.9576507 -0.2630394 0.1171128 -0.9576507 -0.2630394 0.1171128 -0.9576507 -0.2329421 0.1692422 -0.9576508 -0.2329421 0.1692422 -0.9576508 -0.2329421 0.1692422 -0.9576508 -0.2329421 0.1692422 -0.9576508 -0.1926648 0.213976 -0.9576505 -0.1926648 0.213976 -0.9576505 -0.1926648 0.213976 -0.9576505 -0.1926648 0.213976 -0.9576505 -0.1439662 0.2493573 -0.9576506 -0.1439662 0.2493573 -0.9576506 -0.1439662 0.2493573 -0.9576506 -0.1439662 0.2493573 -0.9576506 -0.08897611 0.2738405 -0.9576506 -0.08897611 0.2738405 -0.9576506 -0.08897611 0.2738405 -0.9576506 -0.08897611 0.2738405 -0.9576506 -0.0300971 0.2863561 -0.9576504 -0.0300971 0.2863561 -0.9576504 -0.0300971 0.2863561 -0.9576504 -0.0300971 0.2863561 -0.9576504 0.0300971 0.2863561 -0.9576504 0.0300971 0.2863561 -0.9576504 0.0300971 0.2863561 -0.9576504 0.0300971 0.2863561 -0.9576504 0.08897611 0.2738405 -0.9576506 0.08897611 0.2738405 -0.9576506 0.08897611 0.2738405 -0.9576506 0.08897611 0.2738405 -0.9576506 0.1439662 0.2493573 -0.9576506 0.1439662 0.2493573 -0.9576506 0.1439662 0.2493573 -0.9576506 0.1439662 0.2493573 -0.9576506 0.192664 0.213975 -0.9576509 0.192664 0.213975 -0.9576509 0.192664 0.213975 -0.9576509 0.192664 0.213975 -0.9576509 0.2329411 0.1692418 -0.9576511 0.2329411 0.1692418 -0.9576511 0.2329411 0.1692418 -0.9576511 0.2329411 0.1692418 -0.9576511 0.2630385 0.117112 -0.957651 0.2630385 0.117112 -0.957651 0.2630385 0.117112 -0.957651 0.2630385 0.117112 -0.957651 0.2816395 0.05986471 -0.957651 0.2816395 0.05986471 -0.957651 0.2816395 0.05986471 -0.957651 0.2816395 0.05986471 -0.957651 0.287933 6.546126e-18 -0.9576506 0.287933 6.546126e-18 -0.9576506 0.287933 6.546126e-18 -0.9576506 0.287933 6.546126e-18 -0.9576506 0.2816405 -0.0598645 -0.9576507 0.2816405 -0.0598645 -0.9576507 0.2816405 -0.0598645 -0.9576507 0.2816405 -0.0598645 -0.9576507 0.2630394 -0.1171119 -0.9576508 0.2630394 -0.1171119 -0.9576508 0.2630394 -0.1171119 -0.9576508 0.2630394 -0.1171119 -0.9576508 0.2329418 -0.1692422 -0.9576509 0.2329418 -0.1692422 -0.9576509 0.2329418 -0.1692422 -0.9576509 0.2329418 -0.1692422 -0.9576509 0.1926643 -0.2139748 -0.9576509 0.1926643 -0.2139748 -0.9576509 0.1926643 -0.2139748 -0.9576509 0.1926643 -0.2139748 -0.9576509 0.1439665 -0.2493565 -0.9576508 0.1439665 -0.2493565 -0.9576508 0.1439665 -0.2493565 -0.9576508 0.1439665 -0.2493565 -0.9576508 -0.1926642 -0.2139752 -0.9576508 -0.1926642 -0.2139752 -0.9576508 -0.1926642 -0.2139752 -0.9576508 -0.1926642 -0.2139752 -0.9576508 -0.2329424 -0.1692429 -0.9576506 -0.2329424 -0.1692429 -0.9576506 -0.2329424 -0.1692429 -0.9576506 -0.2329424 -0.1692429 -0.9576506 -0.2630393 -0.1171128 -0.9576507 -0.2630393 -0.1171128 -0.9576507 -0.2630393 -0.1171128 -0.9576507 -0.2630393 -0.1171128 -0.9576507</float_array>
                    <technique_common>
                        <accessor count="390" source="#ID116" stride="3">
                            <param name="X" type="float" />
                            <param name="Y" type="float" />
                            <param name="Z" type="float" />
                        </accessor>
                    </technique_common>
                </source>
                <vertices id="ID114">
                    <input semantic="POSITION" source="#ID112" />
                    <input semantic="NORMAL" source="#ID113" />
                </vertices>
                <triangles count="208" material="Material2">
                    <input offset="0" semantic="VERTEX" source="#ID114" />
                    <p>0 1 2 1 0 3 4 5 6 5 4 7 8 9 10 9 8 11 12 13 14 13 12 15 16 17 18 17 16 19 19 16 20 19 20 21 21 20 22 21 22 23 23 22 24 23 24 25 25 24 26 25 26 27 27 26 28 27 28 29 29 28 30 29 30 31 31 30 32 31 32 33 33 32 34 33 34 35 35 34 36 35 36 37 37 36 38 37 38 39 39 38 40 39 40 41 41 40 42 41 42 43 43 42 44 43 44 45 46 47 48 47 46 49 50 51 52 51 50 53 54 55 56 55 54 57 58 59 60 59 58 61 62 63 64 63 62 65 66 67 68 67 66 69 70 71 72 71 70 73 74 75 76 75 74 77 78 79 80 79 78 81 82 83 84 83 82 85 86 87 88 87 86 89 90 91 92 91 90 93 94 95 96 95 94 97 98 99 100 99 98 101 102 103 104 103 102 105 106 107 108 107 106 109 110 111 112 111 110 113 114 115 116 115 114 117 118 119 120 119 118 121 122 123 124 123 122 125 126 127 128 127 126 129 130 131 132 131 130 133 134 135 136 135 134 137 138 139 140 139 138 141 142 143 144 143 142 145 146 147 148 147 146 149 150 151 152 151 150 153 154 155 156 155 154 157 158 159 160 159 158 161 162 163 164 163 162 165 166 167 168 167 166 169 170 171 172 171 170 173 174 175 176 175 174 177 178 179 180 179 178 181 182 183 184 183 182 185 186 187 188 187 186 189 190 191 192 191 190 193 194 195 196 195 194 197 198 199 200 199 198 201 202 203 204 203 202 205 206 207 208 207 206 209 210 211 212 211 210 213 214 215 216 215 214 217 218 219 220 219 218 221 222 223 224 223 222 225 226 227 228 227 226 229 230 231 232 231 230 233 234 235 236 235 234 237 238 239 240 239 238 241 242 243 244 243 242 245 246 247 248 247 246 249 250 251 252 251 250 253 254 255 256 255 254 257 258 259 260 259 258 261 262 263 264 263 262 265 266 267 268 267 266 269 270 271 272 271 270 273 274 275 276 275 274 277 278 279 280 279 278 281 282 283 284 283 282 285 286 287 288 287 286 289 290 291 292 291 290 293 294 295 296 295 294 297 298 299 300 299 298 301 302 303 304 303 302 305 306 307 308 307 306 309 310 311 312 311 310 313 314 315 316 315 314 317 318 319 320 319 318 321 322 323 324 323 322 325 326 327 328 327 326 329 330 331 332 331 330 333 334 335 336 335 334 337 338 339 340 339 338 341 342 343 344 343 342 345 346 347 348 347 346 349 350 351 352 351 350 353 354 355 356 355 354 357 358 359 360 359 358 361 362 363 364 363 362 365 366 367 368 367 366 369 370 371 372 371 370 373 374 375 376 375 374 377 378 379 380 379 378 381 382 383 384 383 382 385 386 387 388 387 386 389</p>
                </triangles>
            </mesh>
        </geometry>
        <geometry id="ID117">
            <mesh>
                <source id="ID118">
                    <float_array id="ID121" count="900">7.874016 1.184994 10.34173 8.152319 -2.627675 17.03465 8.938941 1.073067 10.34173 7.874012 -2.598424 17.03465 7.874016 1.184994 10.34173 9.265551 2.609651 3.648815 7.874016 2.755907 3.648815 8.938941 1.073067 10.34173 7.595705 -2.627678 17.03465 7.874016 1.184994 10.34173 6.809079 1.073064 10.34173 7.874012 -2.598424 17.03465 8.152319 -2.627675 17.03465 9.957323 0.742174 10.34173 8.938941 1.073067 10.34173 8.418465 -2.714151 17.03465 6.809079 1.073064 10.34173 7.874016 2.755907 3.648815 6.482469 2.609648 3.648815 7.874016 1.184994 10.34173 8.938941 1.073067 10.34173 10.59627 2.177273 3.648815 9.265551 2.609651 3.648815 9.957323 0.742174 10.34173 1.508673 -1.868789 3.648815 1.217765 -4.63661 3.648815 1.217763 -3.23741 3.648815 1.508676 -6.005232 3.648815 2.077776 -0.5905551 3.648815 2.035154 -3.323322 3.648815 2.290337 -2.122765 3.648815 2.900202 0.5414189 3.648815 2.789556 -1.001501 3.648815 3.510988 -0.008532362 3.648815 3.940012 1.477667 3.648815 4.423106 0.8127445 3.648815 5.151748 2.177268 3.648815 5.486043 1.426433 3.648815 6.482469 2.609648 3.648815 6.653346 1.805715 3.648815 7.874016 2.755907 3.648815 7.874016 1.934013 3.648815 9.265551 2.609651 3.648815 9.094669 1.805718 3.648815 10.26198 1.426437 3.648815 10.59627 2.177273 3.648815 11.32492 0.8127492 3.648815 11.80801 1.477674 3.648815 12.23704 -0.008527087 3.648815 12.84782 0.541426 3.648815 12.95847 -1.001496 3.648815 13.67025 -0.5905504 3.648815 13.45769 -2.122761 3.648815 13.71288 -3.323318 3.648815 14.23936 -1.868781 3.648815 13.71288 -4.550697 3.648815 2.035154 -4.550697 3.648815 2.07778 -7.283465 3.648815 2.290339 -5.751252 3.648815 2.900209 -8.415441 3.648815 2.789558 -6.87252 3.648815 3.510993 -7.865488 3.648815 3.940016 -9.351689 3.648815 4.423114 -8.686764 3.648815 5.15176 -10.05129 3.648815 5.486055 -9.300453 3.648815 6.48248 -10.48367 3.648815 6.653358 -9.679732 3.648815 7.874016 -10.62993 3.648815 7.874016 -9.808028 3.648815 9.094669 -9.679732 3.648815 9.265551 -10.48367 3.648815 10.26198 -9.300453 3.648815 10.59627 -10.05129 3.648815 11.32492 -8.686764 3.648815 11.80801 -9.351689 3.648815 12.23704 -7.865488 3.648815 12.84782 -8.415441 3.648815 12.95847 -6.87252 3.648815 13.67025 -7.283465 3.648815 13.45769 -5.751252 3.648815 14.23936 -6.005232 3.648815 14.53027 -3.237407 3.648815 14.53027 -4.636606 3.648815 7.329559 -2.714154 17.03465 6.809079 1.073064 10.34173 5.790701 0.7421717 10.34173 7.595705 -2.627678 17.03465 8.418465 -2.714151 17.03465 10.88465 0.2067788 10.34173 9.957323 0.742174 10.34173 8.660815 -2.854072 17.03465 5.151748 2.177268 3.648815 6.809079 1.073064 10.34173 6.482469 2.609648 3.648815 5.790701 0.7421717 10.34173 9.957323 0.742174 10.34173 11.80801 1.477674 3.648815 10.59627 2.177273 3.648815 10.88465 0.2067788 10.34173 10.88465 0.2067788 10.34173 12.84782 0.541426 3.648815 11.80801 1.477674 3.648815 11.68041 -0.5097181 10.34173 13.67025 -0.5905504 3.648815 11.68041 -0.5097181 10.34173 12.3098 -1.376006 10.34173 12.84782 0.541426 3.648815 14.23936 -1.868781 3.648815 12.3098 -1.376006 10.34173 12.74533 -2.354221 10.34173 13.67025 -0.5905504 3.648815 14.53027 -3.237407 3.648815 12.74533 -2.354221 10.34173 12.96796 -3.401613 10.34173 14.23936 -1.868781 3.648815 14.53027 -3.237407 3.648815 12.96796 -4.472402 10.34173 14.53027 -4.636606 3.648815 12.96796 -3.401613 10.34173 14.53027 -4.636606 3.648815 12.74533 -5.519795 10.34173 14.23936 -6.005232 3.648815 12.96796 -4.472402 10.34173 14.23936 -6.005232 3.648815 12.3098 -6.498008 10.34173 13.67025 -7.283465 3.648815 12.74533 -5.519795 10.34173 13.67025 -7.283465 3.648815 11.68041 -7.364299 10.34173 12.84782 -8.415441 3.648815 12.3098 -6.498008 10.34173 11.68041 -7.364299 10.34173 11.80801 -9.351689 3.648815 12.84782 -8.415441 3.648815 10.88465 -8.080795 10.34173 10.88465 -8.080795 10.34173 10.59627 -10.05129 3.648815 11.80801 -9.351689 3.648815 9.957323 -8.616189 10.34173 10.59627 -10.05129 3.648815 8.938937 -8.947083 10.34173 9.265551 -10.48367 3.648815 9.957323 -8.616189 10.34173 8.938937 -8.947083 10.34173 7.874016 -10.62993 3.648815 9.265551 -10.48367 3.648815 7.874012 -9.059012 10.34173 7.874012 -9.059012 10.34173 6.48248 -10.48367 3.648815 7.874016 -10.62993 3.648815 6.809091 -8.947083 10.34173 6.809091 -8.947083 10.34173 5.15176 -10.05129 3.648815 6.48248 -10.48367 3.648815 5.790709 -8.616189 10.34173 5.790709 -8.616189 10.34173 3.940016 -9.351689 3.648815 5.15176 -10.05129 3.648815 4.863374 -8.080795 10.34173 4.863374 -8.080795 10.34173 2.900209 -8.415441 3.648815 3.940016 -9.351689 3.648815 4.067622 -7.364295 10.34173 4.067622 -7.364295 10.34173 2.07778 -7.283465 3.648815 2.900209 -8.415441 3.648815 3.438228 -6.498008 10.34173 3.438228 -6.498008 10.34173 1.508676 -6.005232 3.648815 2.07778 -7.283465 3.648815 3.002699 -5.519795 10.34173 3.002699 -5.519795 10.34173 1.217765 -4.63661 3.648815 1.508676 -6.005232 3.648815 2.780071 -4.472406 10.34173 2.780071 -4.472406 10.34173 1.217763 -3.23741 3.648815 1.217765 -4.63661 3.648815 2.780069 -3.401616 10.34173 3.002699 -2.354226 10.34173 1.217763 -3.23741 3.648815 2.780069 -3.401616 10.34173 1.508673 -1.868789 3.648815 3.438226 -1.376011 10.34173 1.508673 -1.868789 3.648815 3.002699 -2.354226 10.34173 2.077776 -0.5905551 3.648815 4.067618 -0.5097228 10.34173 2.077776 -0.5905551 3.648815 3.438226 -1.376011 10.34173 2.900202 0.5414189 3.648815 4.067618 -0.5097228 10.34173 3.940012 1.477667 3.648815 2.900202 0.5414189 3.648815 4.86337 0.2067741 10.34173 4.86337 0.2067741 10.34173 5.151748 2.177268 3.648815 3.940012 1.477667 3.648815 5.790701 0.7421717 10.34173 7.087213 -2.854072 17.03465 5.790701 0.7421717 10.34173 4.86337 0.2067741 10.34173 7.329559 -2.714154 17.03465 8.660815 -2.854072 17.03465 11.68041 -0.5097181 10.34173 10.88465 0.2067788 10.34173 8.868776 -3.041322 17.03465 12.3098 -1.376006 10.34173 8.868776 -3.041322 17.03465 9.03326 -3.267717 17.03465 11.68041 -0.5097181 10.34173 12.74533 -2.354221 10.34173 9.03326 -3.267717 17.03465 9.147083 -3.523364 17.03465 12.3098 -1.376006 10.34173 12.96796 -3.401613 10.34173 9.147083 -3.523364 17.03465 9.205264 -3.797088 17.03465 12.74533 -2.354221 10.34173 12.96796 -3.401613 10.34173 9.205264 -4.076929 17.03465 12.96796 -4.472402 10.34173 9.205264 -3.797088 17.03465 12.96796 -4.472402 10.34173 9.147083 -4.350654 17.03465 12.74533 -5.519795 10.34173 9.205264 -4.076929 17.03465 12.74533 -5.519795 10.34173 9.03326 -4.606299 17.03465 12.3098 -6.498008 10.34173 9.147083 -4.350654 17.03465 12.3098 -6.498008 10.34173 8.868776 -4.832697 17.03465 11.68041 -7.364299 10.34173 9.03326 -4.606299 17.03465 8.868776 -4.832697 17.03465 10.88465 -8.080795 10.34173 11.68041 -7.364299 10.34173 8.660815 -5.019945 17.03465 8.660815 -5.019945 17.03465 9.957323 -8.616189 10.34173 10.88465 -8.080795 10.34173 8.418465 -5.159866 17.03465 9.957323 -8.616189 10.34173 8.152319 -5.246339 17.03465 8.938937 -8.947083 10.34173 8.418465 -5.159866 17.03465 8.152319 -5.246339 17.03465 7.874012 -9.059012 10.34173 8.938937 -8.947083 10.34173 7.874012 -5.275591 17.03465 7.874012 -5.275591 17.03465 6.809091 -8.947083 10.34173 7.874012 -9.059012 10.34173 7.595705 -5.246339 17.03465 7.595705 -5.246339 17.03465 5.790709 -8.616189 10.34173 6.809091 -8.947083 10.34173 7.329563 -5.159866 17.03465 5.790709 -8.616189 10.34173 7.087213 -5.019945 17.03465 4.863374 -8.080795 10.34173 7.329563 -5.159866 17.03465 7.087213 -5.019945 17.03465 4.067622 -7.364295 10.34173 4.863374 -8.080795 10.34173 6.879252 -4.832697 17.03465 6.879252 -4.832697 17.03465 3.438228 -6.498008 10.34173 4.067622 -7.364295 10.34173 6.714768 -4.606299 17.03465 6.714768 -4.606299 17.03465 3.002699 -5.519795 10.34173 3.438228 -6.498008 10.34173 6.600945 -4.350654 17.03465 6.600945 -4.350654 17.03465 2.780071 -4.472406 10.34173 3.002699 -5.519795 10.34173 6.542764 -4.076929 17.03465 6.542764 -4.076929 17.03465 2.780069 -3.401616 10.34173 2.780071 -4.472406 10.34173 6.542764 -3.797088 17.03465 6.600945 -3.523364 17.03465 2.780069 -3.401616 10.34173 6.542764 -3.797088 17.03465 3.002699 -2.354226 10.34173 6.714768 -3.267717 17.03465 3.002699 -2.354226 10.34173 6.600945 -3.523364 17.03465 3.438226 -1.376011 10.34173 6.879252 -3.041322 17.03465 3.438226 -1.376011 10.34173 6.714768 -3.267717 17.03465 4.067618 -0.5097228 10.34173 6.879252 -3.041322 17.03465 4.86337 0.2067741 10.34173 4.067618 -0.5097228 10.34173 7.087213 -2.854072 17.03465</float_array>
                    <technique_common>
                        <accessor count="300" source="#ID121" stride="3">
                            <param name="X" type="float" />
                            <param name="Y" type="float" />
                            <param name="Z" type="float" />
                        </accessor>
                    </technique_common>
                </source>
                <source id="ID119">
                    <float_array id="ID122" count="900">0.09111596 0.8669156 0.4900564 0.09111596 0.8669156 0.4900564 0.09111596 0.8669156 0.4900564 0.09111596 0.8669156 0.4900564 0.101792 0.9684863 0.2273161 0.101792 0.9684863 0.2273161 0.101792 0.9684863 0.2273161 0.101792 0.9684863 0.2273161 -0.09111727 0.8669155 0.4900563 -0.09111727 0.8669155 0.4900563 -0.09111727 0.8669155 0.4900563 -0.09111727 0.8669155 0.4900563 0.2693674 0.8290271 0.4900565 0.2693674 0.8290271 0.4900565 0.2693674 0.8290271 0.4900565 0.2693674 0.8290271 0.4900565 -0.1017929 0.9684862 0.2273161 -0.1017929 0.9684862 0.2273161 -0.1017929 0.9684862 0.2273161 -0.1017929 0.9684862 0.2273161 0.3009276 0.9261588 0.227316 0.3009276 0.9261588 0.227316 0.3009276 0.9261588 0.227316 0.3009276 0.9261588 0.227316 -3.991693e-32 0 -1 -3.991693e-32 0 -1 -3.991693e-32 0 -1 -3.991693e-32 0 -1 -3.991693e-32 0 -1 -3.991693e-32 0 -1 -3.991693e-32 0 -1 -3.991693e-32 0 -1 -3.991693e-32 0 -1 -3.991693e-32 0 -1 -3.991693e-32 0 -1 -3.991693e-32 0 -1 -3.991693e-32 0 -1 -3.991693e-32 0 -1 -3.991693e-32 0 -1 -3.991693e-32 0 -1 -3.991693e-32 0 -1 -3.991693e-32 0 -1 -3.991693e-32 0 -1 -3.991693e-32 0 -1 -3.991693e-32 0 -1 -3.991693e-32 0 -1 -3.991693e-32 0 -1 -3.991693e-32 0 -1 -3.991693e-32 0 -1 -3.991693e-32 0 -1 -3.991693e-32 0 -1 -3.991693e-32 0 -1 -3.991693e-32 0 -1 -3.991693e-32 0 -1 -3.991693e-32 0 -1 -3.991693e-32 0 -1 -3.991693e-32 0 -1 -3.991693e-32 0 -1 -3.991693e-32 0 -1 -3.991693e-32 0 -1 -3.991693e-32 0 -1 -3.991693e-32 0 -1 -3.991693e-32 0 -1 -3.991693e-32 0 -1 -3.991693e-32 0 -1 -3.991693e-32 0 -1 -3.991693e-32 0 -1 -3.991693e-32 0 -1 -3.991693e-32 0 -1 -3.991693e-32 0 -1 -3.991693e-32 0 -1 -3.991693e-32 0 -1 -3.991693e-32 0 -1 -3.991693e-32 0 -1 -3.991693e-32 0 -1 -3.991693e-32 0 -1 -3.991693e-32 0 -1 -3.991693e-32 0 -1 -3.991693e-32 0 -1 -3.991693e-32 0 -1 -3.991693e-32 0 -1 -3.991693e-32 0 -1 -3.991693e-32 0 -1 -3.991693e-32 0 -1 -0.2693682 0.8290268 0.4900565 -0.2693682 0.8290268 0.4900565 -0.2693682 0.8290268 0.4900565 -0.2693682 0.8290268 0.4900565 0.4358456 0.7549061 0.4900565 0.4358456 0.7549061 0.4900565 0.4358456 0.7549061 0.4900565 0.4358456 0.7549061 0.4900565 -0.3009289 0.9261583 0.2273159 -0.3009289 0.9261583 0.2273159 -0.3009289 0.9261583 0.2273159 -0.3009289 0.9261583 0.2273159 0.4869108 0.8433536 0.227316 0.4869108 0.8433536 0.227316 0.4869108 0.8433536 0.227316 0.4869108 0.8433536 0.227316 0.6516127 0.7236907 0.227316 0.6516127 0.7236907 0.227316 0.6516127 0.7236907 0.227316 0.6516127 0.7236907 0.227316 0.7878373 0.5723983 0.227316 0.7878373 0.5723983 0.227316 0.7878373 0.5723983 0.227316 0.7878373 0.5723983 0.227316 0.8896299 0.3960886 0.227316 0.8896299 0.3960886 0.227316 0.8896299 0.3960886 0.227316 0.8896299 0.3960886 0.227316 0.9525408 0.2024683 0.2273161 0.9525408 0.2024683 0.2273161 0.9525408 0.2024683 0.2273161 0.9525408 0.2024683 0.2273161 0.973821 0 0.2273161 0.973821 0 0.2273161 0.973821 0 0.2273161 0.973821 0 0.2273161 0.9525408 -0.2024682 0.2273161 0.9525408 -0.2024682 0.2273161 0.9525408 -0.2024682 0.2273161 0.9525408 -0.2024682 0.2273161 0.8896298 -0.3960887 0.227316 0.8896298 -0.3960887 0.227316 0.8896298 -0.3960887 0.227316 0.8896298 -0.3960887 0.227316 0.7878377 -0.5723977 0.2273159 0.7878377 -0.5723977 0.2273159 0.7878377 -0.5723977 0.2273159 0.7878377 -0.5723977 0.2273159 0.6516126 -0.7236909 0.2273158 0.6516126 -0.7236909 0.2273158 0.6516126 -0.7236909 0.2273158 0.6516126 -0.7236909 0.2273158 0.4869115 -0.8433531 0.2273161 0.4869115 -0.8433531 0.2273161 0.4869115 -0.8433531 0.2273161 0.4869115 -0.8433531 0.2273161 0.300926 -0.9261592 0.2273162 0.300926 -0.9261592 0.2273162 0.300926 -0.9261592 0.2273162 0.300926 -0.9261592 0.2273162 0.1017939 -0.9684862 0.227316 0.1017939 -0.9684862 0.227316 0.1017939 -0.9684862 0.227316 0.1017939 -0.9684862 0.227316 -0.101794 -0.9684862 0.2273159 -0.101794 -0.9684862 0.2273159 -0.101794 -0.9684862 0.2273159 -0.101794 -0.9684862 0.2273159 -0.3009279 -0.9261587 0.2273158 -0.3009279 -0.9261587 0.2273158 -0.3009279 -0.9261587 0.2273158 -0.3009279 -0.9261587 0.2273158 -0.486909 -0.8433547 0.2273159 -0.486909 -0.8433547 0.2273159 -0.486909 -0.8433547 0.2273159 -0.486909 -0.8433547 0.2273159 -0.6516144 -0.7236893 0.2273158 -0.6516144 -0.7236893 0.2273158 -0.6516144 -0.7236893 0.2273158 -0.6516144 -0.7236893 0.2273158 -0.7878379 -0.5723976 0.2273157 -0.7878379 -0.5723976 0.2273157 -0.7878379 -0.5723976 0.2273157 -0.7878379 -0.5723976 0.2273157 -0.8896299 -0.3960886 0.2273156 -0.8896299 -0.3960886 0.2273156 -0.8896299 -0.3960886 0.2273156 -0.8896299 -0.3960886 0.2273156 -0.9525408 -0.2024687 0.2273157 -0.9525408 -0.2024687 0.2273157 -0.9525408 -0.2024687 0.2273157 -0.9525408 -0.2024687 0.2273157 -0.9738211 -1.830294e-06 0.2273159 -0.9738211 -1.830294e-06 0.2273159 -0.9738211 -1.830294e-06 0.2273159 -0.9738211 -1.830294e-06 0.2273159 -0.9525406 0.2024695 0.2273159 -0.9525406 0.2024695 0.2273159 -0.9525406 0.2024695 0.2273159 -0.9525406 0.2024695 0.2273159 -0.8896308 0.3960865 0.2273159 -0.8896308 0.3960865 0.2273159 -0.8896308 0.3960865 0.2273159 -0.8896308 0.3960865 0.2273159 -0.7878383 0.572397 0.2273158 -0.7878383 0.572397 0.2273158 -0.7878383 0.572397 0.2273158 -0.7878383 0.572397 0.2273158 -0.6516131 0.7236905 0.2273157 -0.6516131 0.7236905 0.2273157 -0.6516131 0.7236905 0.2273157 -0.6516131 0.7236905 0.2273157 -0.4869129 0.8433524 0.2273158 -0.4869129 0.8433524 0.2273158 -0.4869129 0.8433524 0.2273158 -0.4869129 0.8433524 0.2273158 -0.435847 0.7549054 0.4900564 -0.435847 0.7549054 0.4900564 -0.435847 0.7549054 0.4900564 -0.435847 0.7549054 0.4900564 0.5832745 0.6477928 0.4900565 0.5832745 0.6477928 0.4900565 0.5832745 0.6477928 0.4900565 0.5832745 0.6477928 0.4900565 0.7052115 0.5123681 0.4900568 0.7052115 0.5123681 0.4900568 0.7052115 0.5123681 0.4900568 0.7052115 0.5123681 0.4900568 0.7963294 0.3545474 0.4900568 0.7963294 0.3545474 0.4900568 0.7963294 0.3545474 0.4900568 0.7963294 0.3545474 0.4900568 0.8526421 0.1812344 0.4900567 0.8526421 0.1812344 0.4900567 0.8526421 0.1812344 0.4900567 0.8526421 0.1812344 0.4900567 0.8716905 1.341956e-16 0.4900567 0.8716905 1.341956e-16 0.4900567 0.8716905 1.341956e-16 0.4900567 0.8716905 1.341956e-16 0.4900567 0.8526422 -0.1812342 0.4900567 0.8526422 -0.1812342 0.4900567 0.8526422 -0.1812342 0.4900567 0.8526422 -0.1812342 0.4900567 0.796329 -0.3545483 0.4900568 0.796329 -0.3545483 0.4900568 0.796329 -0.3545483 0.4900568 0.796329 -0.3545483 0.4900568 0.7052127 -0.5123665 0.4900567 0.7052127 -0.5123665 0.4900567 0.7052127 -0.5123665 0.4900567 0.7052127 -0.5123665 0.4900567 0.5832739 -0.6477933 0.4900565 0.5832739 -0.6477933 0.4900565 0.5832739 -0.6477933 0.4900565 0.5832739 -0.6477933 0.4900565 0.4358449 -0.7549066 0.4900564 0.4358449 -0.7549066 0.4900564 0.4358449 -0.7549066 0.4900564 0.4358449 -0.7549066 0.4900564 0.2693667 -0.8290273 0.4900564 0.2693667 -0.8290273 0.4900564 0.2693667 -0.8290273 0.4900564 0.2693667 -0.8290273 0.4900564 0.09111737 -0.8669153 0.4900566 0.09111737 -0.8669153 0.4900566 0.09111737 -0.8669153 0.4900566 0.09111737 -0.8669153 0.4900566 -0.09111768 -0.8669153 0.4900565 -0.09111768 -0.8669153 0.4900565 -0.09111768 -0.8669153 0.4900565 -0.09111768 -0.8669153 0.4900565 -0.2693678 -0.829027 0.4900563 -0.2693678 -0.829027 0.4900563 -0.2693678 -0.829027 0.4900563 -0.2693678 -0.829027 0.4900563 -0.4358436 -0.7549074 0.4900563 -0.4358436 -0.7549074 0.4900563 -0.4358436 -0.7549074 0.4900563 -0.4358436 -0.7549074 0.4900563 -0.5832756 -0.6477919 0.4900563 -0.5832756 -0.6477919 0.4900563 -0.5832756 -0.6477919 0.4900563 -0.5832756 -0.6477919 0.4900563 -0.7052131 -0.5123663 0.4900564 -0.7052131 -0.5123663 0.4900564 -0.7052131 -0.5123663 0.4900564 -0.7052131 -0.5123663 0.4900564 -0.7963287 -0.3545494 0.4900565 -0.7963287 -0.3545494 0.4900565 -0.7963287 -0.3545494 0.4900565 -0.7963287 -0.3545494 0.4900565 -0.8526425 -0.1812334 0.4900564 -0.8526425 -0.1812334 0.4900564 -0.8526425 -0.1812334 0.4900564 -0.8526425 -0.1812334 0.4900564 -0.8716907 -1.800043e-06 0.4900565 -0.8716907 -1.800043e-06 0.4900565 -0.8716907 -1.800043e-06 0.4900565 -0.8716907 -1.800043e-06 0.4900565 -0.8526421 0.1812351 0.4900564 -0.8526421 0.1812351 0.4900564 -0.8526421 0.1812351 0.4900564 -0.8526421 0.1812351 0.4900564 -0.7963298 0.354547 0.4900565 -0.7963298 0.354547 0.4900565 -0.7963298 0.354547 0.4900565 -0.7963298 0.354547 0.4900565 -0.7052135 0.5123656 0.4900566 -0.7052135 0.5123656 0.4900566 -0.7052135 0.5123656 0.4900566 -0.7052135 0.5123656 0.4900566 -0.5832745 0.6477928 0.4900565 -0.5832745 0.6477928 0.4900565 -0.5832745 0.6477928 0.4900565 -0.5832745 0.6477928 0.4900565</float_array>
                    <technique_common>
                        <accessor count="300" source="#ID122" stride="3">
                            <param name="X" type="float" />
                            <param name="Y" type="float" />
                            <param name="Z" type="float" />
                        </accessor>
                    </technique_common>
                </source>
                <vertices id="ID120">
                    <input semantic="POSITION" source="#ID118" />
                    <input semantic="NORMAL" source="#ID119" />
                </vertices>
                <triangles count="180" material="Material2">
                    <input offset="0" semantic="VERTEX" source="#ID120" />
                    <p>0 1 2 1 0 3 4 5 6 5 4 7 8 9 10 9 8 11 12 13 14 13 12 15 16 17 18 17 16 19 20 21 22 21 20 23 24 25 26 25 24 27 27 24 28 27 28 29 29 28 30 30 28 31 30 31 32 32 31 33 33 31 34 33 34 35 35 34 36 35 36 37 37 36 38 37 38 39 39 38 40 39 40 41 41 40 42 41 42 43 43 42 44 44 42 45 44 45 46 46 45 47 46 47 48 48 47 49 48 49 50 50 49 51 50 51 52 52 51 53 53 51 54 53 54 55 27 56 57 56 27 29 57 56 58 57 58 59 59 58 60 59 60 61 59 61 62 62 61 63 62 63 64 64 63 65 64 65 66 66 65 67 66 67 68 68 67 69 68 69 70 68 70 71 71 70 72 71 72 73 73 72 74 73 74 75 75 74 76 75 76 77 77 76 78 77 78 79 79 78 80 79 80 55 79 55 81 81 55 54 81 54 82 81 82 83 84 85 86 85 84 87 88 89 90 89 88 91 92 93 94 93 92 95 96 97 98 97 96 99 100 101 102 101 100 103 104 105 106 105 104 107 108 109 110 109 108 111 112 113 114 113 112 115 116 117 118 117 116 119 120 121 122 121 120 123 124 125 126 125 124 127 128 129 130 129 128 131 132 133 134 133 132 135 136 137 138 137 136 139 140 141 142 141 140 143 144 145 146 145 144 147 148 149 150 149 148 151 152 153 154 153 152 155 156 157 158 157 156 159 160 161 162 161 160 163 164 165 166 165 164 167 168 169 170 169 168 171 172 173 174 173 172 175 176 177 178 177 176 179 180 181 182 181 180 183 184 185 186 185 184 187 188 189 190 189 188 191 192 193 194 193 192 195 196 197 198 197 196 199 200 201 202 201 200 203 204 205 206 205 204 207 208 209 210 209 208 211 212 213 214 213 212 215 216 217 218 217 216 219 220 221 222 221 220 223 224 225 226 225 224 227 228 229 230 229 228 231 232 233 234 233 232 235 236 237 238 237 236 239 240 241 242 241 240 243 244 245 246 245 244 247 248 249 250 249 248 251 252 253 254 253 252 255 256 257 258 257 256 259 260 261 262 261 260 263 264 265 266 265 264 267 268 269 270 269 268 271 272 273 274 273 272 275 276 277 278 277 276 279 280 281 282 281 280 283 284 285 286 285 284 287 288 289 290 289 288 291 292 293 294 293 292 295 296 297 298 297 296 299</p>
                </triangles>
            </mesh>
        </geometry>
        <geometry id="ID123">
            <mesh>
                <source id="ID124">
                    <float_array id="ID127" count="630">8.907874 0.926913 29.14813 9.896547 0.6056744 17.03465 8.907874 0.926913 17.03465 9.896547 0.6056744 29.14813 3.144802 -2.400398 17.03465 2.928667 -4.456783 17.03465 2.928667 -3.417233 17.03465 3.144804 -5.473622 17.03465 3.567626 -1.450718 17.03465 3.567629 -6.423299 17.03465 4.178657 -0.6097012 17.03465 4.178661 -7.264315 17.03465 4.951193 0.08589402 17.03465 4.951201 -7.959913 17.03465 5.851476 0.6056697 17.03465 5.85148 -8.479689 17.03465 6.840146 0.926913 17.03465 6.542764 -3.797088 17.03465 6.600945 -3.523364 17.03465 6.714768 -3.267717 17.03465 6.879252 -3.041322 17.03465 7.874016 1.035576 17.03465 7.087213 -2.854072 17.03465 7.329559 -2.714154 17.03465 7.595705 -2.627678 17.03465 7.874012 -2.598424 17.03465 8.152319 -2.627675 17.03465 8.907874 0.926913 17.03465 8.418465 -2.714151 17.03465 8.660815 -2.854072 17.03465 8.868776 -3.041322 17.03465 9.03326 -3.267717 17.03465 9.896547 0.6056744 17.03465 9.147083 -3.523364 17.03465 9.205264 -3.797088 17.03465 9.205264 -4.076929 17.03465 6.542764 -4.076929 17.03465 6.840157 -8.800933 17.03465 6.600945 -4.350654 17.03465 6.714768 -4.606299 17.03465 6.879252 -4.832697 17.03465 7.874016 -8.909591 17.03465 7.087213 -5.019945 17.03465 7.329563 -5.159866 17.03465 7.595705 -5.246339 17.03465 7.874012 -5.275591 17.03465 8.152319 -5.246339 17.03465 8.907874 -8.800933 17.03465 8.418465 -5.159866 17.03465 8.660815 -5.019945 17.03465 8.868776 -4.832697 17.03465 9.03326 -4.606299 17.03465 9.896547 -8.479689 17.03465 9.147083 -4.350654 17.03465 10.79683 0.08589874 17.03465 10.79683 -7.959913 17.03465 11.56937 -0.6096965 17.03465 11.56937 -7.264315 17.03465 12.1804 -1.450713 17.03465 12.1804 -6.423299 17.03465 12.60323 -2.400394 17.03465 12.60323 -5.473622 17.03465 12.81936 -3.41723 17.03465 12.81936 -4.456783 17.03465 7.874016 1.035576 17.03465 8.907874 0.926913 29.14813 8.907874 0.926913 17.03465 7.874016 1.035576 29.14813 3.144804 -5.473622 29.14813 2.928667 -3.417233 29.14813 2.928667 -4.456783 29.14813 3.144802 -2.400398 29.14813 3.567624 -1.450718 29.14813 3.567629 -6.423299 29.14813 4.178657 -0.6097012 29.14813 4.178661 -7.264315 29.14813 4.951193 0.08589402 29.14813 4.951201 -7.959913 29.14813 5.851476 0.6056697 29.14813 5.85148 -8.479689 29.14813 6.840146 0.926913 29.14813 6.840157 -8.800933 29.14813 7.874016 1.035576 29.14813 7.874012 -8.909591 29.14813 8.907874 -8.800933 29.14813 8.907874 0.926913 29.14813 9.896547 -8.479689 29.14813 9.896547 0.6056744 29.14813 10.79683 -7.959913 29.14813 10.79683 0.08589874 29.14813 11.56937 -7.264315 29.14813 11.56937 -0.6096965 29.14813 12.1804 -6.423299 29.14813 12.1804 -1.450713 29.14813 12.60323 -5.473622 29.14813 12.60323 -2.400394 29.14813 12.81936 -4.456783 29.14813 12.81936 -3.41723 29.14813 9.896547 0.6056744 29.14813 10.79683 0.08589874 17.03465 9.896547 0.6056744 17.03465 10.79683 0.08589874 29.14813 4.951193 0.08589402 29.14813 5.851476 0.6056697 17.03465 4.951193 0.08589402 17.03465 5.851476 0.6056697 29.14813 5.851476 0.6056697 17.03465 6.840146 0.926913 29.14813 6.840146 0.926913 17.03465 5.851476 0.6056697 29.14813 6.840146 0.926913 29.14813 7.874016 1.035576 17.03465 6.840146 0.926913 17.03465 7.874016 1.035576 29.14813 10.79683 0.08589874 29.14813 11.56937 -0.6096965 17.03465 10.79683 0.08589874 17.03465 11.56937 -0.6096965 29.14813 11.56937 -0.6096965 17.03465 12.1804 -1.450713 29.14813 12.1804 -1.450713 17.03465 11.56937 -0.6096965 29.14813 12.1804 -1.450713 17.03465 12.60323 -2.400394 29.14813 12.60323 -2.400394 17.03465 12.1804 -1.450713 29.14813 12.60323 -2.400394 17.03465 12.81936 -3.41723 29.14813 12.81936 -3.41723 17.03465 12.60323 -2.400394 29.14813 12.81936 -4.456783 17.03465 12.81936 -3.41723 29.14813 12.81936 -4.456783 29.14813 12.81936 -3.41723 17.03465 12.60323 -5.473622 17.03465 12.81936 -4.456783 29.14813 12.60323 -5.473622 29.14813 12.81936 -4.456783 17.03465 12.1804 -6.423299 17.03465 12.60323 -5.473622 29.14813 12.1804 -6.423299 29.14813 12.60323 -5.473622 17.03465 12.1804 -6.423299 17.03465 11.56937 -7.264315 29.14813 11.56937 -7.264315 17.03465 12.1804 -6.423299 29.14813 11.56937 -7.264315 29.14813 10.79683 -7.959913 17.03465 11.56937 -7.264315 17.03465 10.79683 -7.959913 29.14813 10.79683 -7.959913 17.03465 9.896547 -8.479689 29.14813 9.896547 -8.479689 17.03465 10.79683 -7.959913 29.14813 9.896547 -8.479689 29.14813 8.907874 -8.800933 17.03465 9.896547 -8.479689 17.03465 8.907874 -8.800933 29.14813 8.907874 -8.800933 29.14813 7.874016 -8.909591 17.03465 8.907874 -8.800933 17.03465 7.874012 -8.909591 29.14813 7.874012 -8.909591 29.14813 6.840157 -8.800933 17.03465 7.874016 -8.909591 17.03465 6.840157 -8.800933 29.14813 6.840157 -8.800933 29.14813 5.85148 -8.479689 17.03465 6.840157 -8.800933 17.03465 5.85148 -8.479689 29.14813 5.85148 -8.479689 29.14813 4.951201 -7.959913 17.03465 5.85148 -8.479689 17.03465 4.951201 -7.959913 29.14813 4.951201 -7.959913 29.14813 4.178661 -7.264315 17.03465 4.951201 -7.959913 17.03465 4.178661 -7.264315 29.14813 3.567629 -6.423299 29.14813 4.178661 -7.264315 17.03465 4.178661 -7.264315 29.14813 3.567629 -6.423299 17.03465 3.144804 -5.473622 29.14813 3.567629 -6.423299 17.03465 3.567629 -6.423299 29.14813 3.144804 -5.473622 17.03465 2.928667 -4.456783 29.14813 3.144804 -5.473622 17.03465 3.144804 -5.473622 29.14813 2.928667 -4.456783 17.03465 2.928667 -3.417233 29.14813 2.928667 -4.456783 17.03465 2.928667 -4.456783 29.14813 2.928667 -3.417233 17.03465 3.144802 -2.400398 29.14813 2.928667 -3.417233 17.03465 2.928667 -3.417233 29.14813 3.144802 -2.400398 17.03465 3.567624 -1.450718 29.14813 3.144802 -2.400398 17.03465 3.144802 -2.400398 29.14813 3.567626 -1.450718 17.03465 4.178657 -0.6097012 29.14813 3.567626 -1.450718 17.03465 3.567624 -1.450718 29.14813 4.178657 -0.6097012 17.03465 4.178657 -0.6097012 29.14813 4.951193 0.08589402 17.03465 4.178657 -0.6097012 17.03465 4.951193 0.08589402 29.14813</float_array>
                    <technique_common>
                        <accessor count="210" source="#ID127" stride="3">
                            <param name="X" type="float" />
                            <param name="Y" type="float" />
                            <param name="Z" type="float" />
                        </accessor>
                    </technique_common>
                </source>
                <source id="ID125">
                    <float_array id="ID128" count="630">0.3090163 0.9510567 6.546126e-18 0.3090163 0.9510567 6.546126e-18 0.3090163 0.9510567 6.546126e-18 0.3090163 0.9510567 6.546126e-18 -6.867846e-09 1.542564e-08 -1 -6.867846e-09 1.542564e-08 -1 -6.867846e-09 1.542564e-08 -1 -6.867846e-09 1.542564e-08 -1 -6.867846e-09 1.542564e-08 -1 -6.867846e-09 1.542564e-08 -1 -6.867846e-09 1.542564e-08 -1 -6.867846e-09 1.542564e-08 -1 -6.867846e-09 1.542564e-08 -1 -6.867846e-09 1.542564e-08 -1 -6.867846e-09 1.542564e-08 -1 -6.867846e-09 1.542564e-08 -1 -6.867846e-09 1.542564e-08 -1 -6.867846e-09 1.542564e-08 -1 -6.867846e-09 1.542564e-08 -1 -6.867846e-09 1.542564e-08 -1 -6.867846e-09 1.542564e-08 -1 -6.867846e-09 1.542564e-08 -1 -6.867846e-09 1.542564e-08 -1 -6.867846e-09 1.542564e-08 -1 -6.867846e-09 1.542564e-08 -1 -6.867846e-09 1.542564e-08 -1 -6.867846e-09 1.542564e-08 -1 -6.867846e-09 1.542564e-08 -1 -6.867846e-09 1.542564e-08 -1 -6.867846e-09 1.542564e-08 -1 -6.867846e-09 1.542564e-08 -1 -6.867846e-09 1.542564e-08 -1 -6.867846e-09 1.542564e-08 -1 -6.867846e-09 1.542564e-08 -1 -6.867846e-09 1.542564e-08 -1 -6.867846e-09 1.542564e-08 -1 -6.867846e-09 1.542564e-08 -1 -6.867846e-09 1.542564e-08 -1 -6.867846e-09 1.542564e-08 -1 -6.867846e-09 1.542564e-08 -1 -6.867846e-09 1.542564e-08 -1 -6.867846e-09 1.542564e-08 -1 -6.867846e-09 1.542564e-08 -1 -6.867846e-09 1.542564e-08 -1 -6.867846e-09 1.542564e-08 -1 -6.867846e-09 1.542564e-08 -1 -6.867846e-09 1.542564e-08 -1 -6.867846e-09 1.542564e-08 -1 -6.867846e-09 1.542564e-08 -1 -6.867846e-09 1.542564e-08 -1 -6.867846e-09 1.542564e-08 -1 -6.867846e-09 1.542564e-08 -1 -6.867846e-09 1.542564e-08 -1 -6.867846e-09 1.542564e-08 -1 -6.867846e-09 1.542564e-08 -1 -6.867846e-09 1.542564e-08 -1 -6.867846e-09 1.542564e-08 -1 -6.867846e-09 1.542564e-08 -1 -6.867846e-09 1.542564e-08 -1 -6.867846e-09 1.542564e-08 -1 -6.867846e-09 1.542564e-08 -1 -6.867846e-09 1.542564e-08 -1 -6.867846e-09 1.542564e-08 -1 -6.867846e-09 1.542564e-08 -1 0.1045289 0.9945218 6.546126e-18 0.1045289 0.9945218 6.546126e-18 0.1045289 0.9945218 6.546126e-18 0.1045289 0.9945218 6.546126e-18 -2.722413e-31 0 1 -2.722413e-31 0 1 -2.722413e-31 0 1 -2.722413e-31 0 1 -2.722413e-31 0 1 -2.722413e-31 0 1 -2.722413e-31 0 1 -2.722413e-31 0 1 -2.722413e-31 0 1 -2.722413e-31 0 1 -2.722413e-31 0 1 -2.722413e-31 0 1 -2.722413e-31 0 1 -2.722413e-31 0 1 -2.722413e-31 0 1 -2.722413e-31 0 1 -2.722413e-31 0 1 -2.722413e-31 0 1 -2.722413e-31 0 1 -2.722413e-31 0 1 -2.722413e-31 0 1 -2.722413e-31 0 1 -2.722413e-31 0 1 -2.722413e-31 0 1 -2.722413e-31 0 1 -2.722413e-31 0 1 -2.722413e-31 0 1 -2.722413e-31 0 1 -2.722413e-31 0 1 -2.722413e-31 0 1 0.4999993 0.8660258 0 0.4999993 0.8660258 0 0.4999993 0.8660258 0 0.4999993 0.8660258 0 -0.4999977 0.8660267 3.273063e-18 -0.4999977 0.8660267 3.273063e-18 -0.4999977 0.8660267 3.273063e-18 -0.4999977 0.8660267 3.273063e-18 -0.3090215 0.9510551 0 -0.3090215 0.9510551 0 -0.3090215 0.9510551 0 -0.3090215 0.9510551 0 -0.1045278 0.994522 6.546126e-18 -0.1045278 0.994522 6.546126e-18 -0.1045278 0.994522 6.546126e-18 -0.1045278 0.994522 6.546126e-18 0.6691293 0.743146 0 0.6691293 0.743146 0 0.6691293 0.743146 0 0.6691293 0.743146 0 0.8090166 0.5877858 -3.273063e-18 0.8090166 0.5877858 -3.273063e-18 0.8090166 0.5877858 -3.273063e-18 0.8090166 0.5877858 -3.273063e-18 0.9135448 0.4067381 0 0.9135448 0.4067381 0 0.9135448 0.4067381 0 0.9135448 0.4067381 0 0.9781479 0.2079104 0 0.9781479 0.2079104 0 0.9781479 0.2079104 0 0.9781479 0.2079104 0 1 0 0 1 0 0 1 0 0 1 0 0 0.978148 -0.20791 -8.182658e-19 0.978148 -0.20791 -8.182658e-19 0.978148 -0.20791 -8.182658e-19 0.978148 -0.20791 -8.182658e-19 0.9135443 -0.4067393 -3.273063e-18 0.9135443 -0.4067393 -3.273063e-18 0.9135443 -0.4067393 -3.273063e-18 0.9135443 -0.4067393 -3.273063e-18 0.8090162 -0.5877863 0 0.8090162 -0.5877863 0 0.8090162 -0.5877863 0 0.8090162 -0.5877863 0 0.6691311 -0.7431444 -3.273063e-18 0.6691311 -0.7431444 -3.273063e-18 0.6691311 -0.7431444 -3.273063e-18 0.6691311 -0.7431444 -3.273063e-18 0.4999993 -0.8660258 0 0.4999993 -0.8660258 0 0.4999993 -0.8660258 0 0.4999993 -0.8660258 0 0.3090211 -0.9510552 0 0.3090211 -0.9510552 0 0.3090211 -0.9510552 0 0.3090211 -0.9510552 0 0.1045231 -0.9945225 1.698556e-08 0.1045231 -0.9945225 1.698556e-08 0.1045231 -0.9945225 1.698556e-08 0.1045231 -0.9945225 1.698556e-08 -0.1045235 -0.9945224 -1.698562e-08 -0.1045235 -0.9945224 -1.698562e-08 -0.1045235 -0.9945224 -1.698562e-08 -0.1045235 -0.9945224 -1.698562e-08 -0.30902 -0.9510556 0 -0.30902 -0.9510556 0 -0.30902 -0.9510556 0 -0.30902 -0.9510556 0 -0.4999993 -0.8660258 -3.273063e-18 -0.4999993 -0.8660258 -3.273063e-18 -0.4999993 -0.8660258 -3.273063e-18 -0.4999993 -0.8660258 -3.273063e-18 -0.6691311 -0.7431444 0 -0.6691311 -0.7431444 0 -0.6691311 -0.7431444 0 -0.6691311 -0.7431444 0 -0.8090175 -0.5877846 0 -0.8090175 -0.5877846 0 -0.8090175 -0.5877846 0 -0.8090175 -0.5877846 0 -0.9135451 -0.4067374 -1.636532e-18 -0.9135451 -0.4067374 -1.636532e-18 -0.9135451 -0.4067374 -1.636532e-18 -0.9135451 -0.4067374 -1.636532e-18 -0.9781473 -0.2079132 8.182658e-19 -0.9781473 -0.2079132 8.182658e-19 -0.9781473 -0.2079132 8.182658e-19 -0.9781473 -0.2079132 8.182658e-19 -1 0 0 -1 0 0 -1 0 0 -1 0 0 -0.9781476 0.2079119 1.636532e-18 -0.9781476 0.2079119 1.636532e-18 -0.9781476 0.2079119 1.636532e-18 -0.9781476 0.2079119 1.636532e-18 -0.9135461 0.4067353 -8.907364e-08 -0.9135461 0.4067353 -8.907364e-08 -0.9135461 0.4067353 -8.907364e-08 -0.9135461 0.4067353 -8.907364e-08 -0.809018 0.5877838 -7.888182e-08 -0.809018 0.5877838 -7.888182e-08 -0.809018 0.5877838 -7.888182e-08 -0.809018 0.5877838 -7.888182e-08 -0.6691312 0.7431443 0 -0.6691312 0.7431443 0 -0.6691312 0.7431443 0 -0.6691312 0.7431443 0</float_array>
                    <technique_common>
                        <accessor count="210" source="#ID128" stride="3">
                            <param name="X" type="float" />
                            <param name="Y" type="float" />
                            <param name="Z" type="float" />
                        </accessor>
                    </technique_common>
                </source>
                <vertices id="ID126">
                    <input semantic="POSITION" source="#ID124" />
                    <input semantic="NORMAL" source="#ID125" />
                </vertices>
                <triangles count="148" material="Material2">
                    <input offset="0" semantic="VERTEX" source="#ID126" />
                    <p>0 1 2 1 0 3 4 5 6 5 4 7 7 4 8 7 8 9 9 8 10 9 10 11 11 10 12 11 12 13 13 12 14 13 14 15 15 14 16 15 16 17 17 16 18 18 16 19 19 16 20 20 16 21 20 21 22 22 21 23 23 21 24 24 21 25 25 21 26 26 21 27 26 27 28 28 27 29 29 27 30 30 27 31 31 27 32 31 32 33 33 32 34 34 32 35 15 36 37 36 15 17 37 36 38 37 38 39 37 39 40 37 40 41 41 40 42 41 42 43 41 43 44 41 44 45 41 45 46 41 46 47 47 46 48 47 48 49 47 49 50 47 50 51 47 51 52 52 51 53 52 53 35 52 35 32 52 32 54 52 54 55 55 54 56 55 56 57 57 56 58 57 58 59 59 58 60 59 60 61 61 60 62 61 62 63 64 65 66 65 64 67 68 69 70 69 68 71 71 68 72 72 68 73 72 73 74 74 73 75 74 75 76 76 75 77 76 77 78 78 77 79 78 79 80 80 79 81 80 81 82 82 81 83 82 83 84 82 84 85 85 84 86 85 86 87 87 86 88 87 88 89 89 88 90 89 90 91 91 90 92 91 92 93 93 92 94 93 94 95 95 94 96 95 96 97 98 99 100 99 98 101 102 103 104 103 102 105 106 107 108 107 106 109 110 111 112 111 110 113 114 115 116 115 114 117 118 119 120 119 118 121 122 123 124 123 122 125 126 127 128 127 126 129 130 131 132 131 130 133 134 135 136 135 134 137 138 139 140 139 138 141 142 143 144 143 142 145 146 147 148 147 146 149 150 151 152 151 150 153 154 155 156 155 154 157 158 159 160 159 158 161 162 163 164 163 162 165 166 167 168 167 166 169 170 171 172 171 170 173 174 175 176 175 174 177 178 179 180 179 178 181 182 183 184 183 182 185 186 187 188 187 186 189 190 191 192 191 190 193 194 195 196 195 194 197 198 199 200 199 198 201 202 203 204 203 202 205 206 207 208 207 206 209</p>
                </triangles>
            </mesh>
        </geometry>
        <geometry id="ID129">
            <mesh>
                <source id="ID130">
                    <float_array id="ID133" count="1170">8.518673 -0.9041272 7.654677 7.874016 1.165031 4.097256 8.934787 1.05354 4.097256 7.874012 -0.8363705 7.654677 7.874012 -0.8363705 7.654677 6.813232 1.053538 4.097256 7.874016 1.165031 4.097256 7.22935 -0.9041272 7.654677 9.003346 1.376067 3.780161 7.874016 1.165031 4.097256 7.874016 1.494762 3.780161 8.934787 1.05354 4.097256 9.135157 -1.104434 7.654677 8.934787 1.05354 4.097256 9.949205 0.7239358 4.097256 8.518673 -0.9041272 7.654677 4.925134 -2.978861 7.654677 4.790362 -4.261114 7.654677 4.790362 -3.612905 7.654677 4.925134 -4.895157 7.654677 5.188783 -2.386692 7.654677 5.188783 -5.487327 7.654677 5.569787 -1.862279 7.654677 5.569791 -6.01174 7.654677 6.0515 -1.428543 7.654677 6.051504 -6.445476 7.654677 6.612866 -1.104436 7.654677 6.61287 -6.769583 7.654677 7.22935 -0.9041272 7.654677 7.229354 -6.96989 7.654677 7.874012 -0.8363705 7.654677 7.874012 -7.037646 7.654677 8.518673 -0.9041272 7.654677 8.518673 -6.96989 7.654677 9.135157 -1.104434 7.654677 9.135157 -6.769583 7.654677 9.696524 -1.42854 7.654677 9.696524 -6.445476 7.654677 10.17824 -1.862276 7.654677 10.17824 -6.01174 7.654677 10.55925 -5.487327 7.654677 10.55925 -2.386689 7.654677 10.8229 -2.978859 7.654677 10.8229 -4.895157 7.654677 10.95767 -3.612902 7.654677 10.95767 -4.261114 7.654677 7.22935 -0.9041272 7.654677 5.798819 0.7239335 4.097256 6.813232 1.053538 4.097256 6.612866 -1.104436 7.654677 7.874016 1.494762 3.780161 6.813232 1.053538 4.097256 6.744673 1.376065 3.780161 7.874016 1.165031 4.097256 9.094669 1.805718 3.648815 7.874016 1.494762 3.780161 7.874016 1.934013 3.648815 9.003346 1.376067 3.780161 9.003346 1.376067 3.780161 9.949205 0.7239358 4.097256 8.934787 1.05354 4.097256 10.08331 1.025162 3.780161 9.696524 -1.42854 7.654677 9.949205 0.7239358 4.097256 10.87292 0.1906293 4.097256 9.135157 -1.104434 7.654677 7.874012 -7.037646 7.654677 8.934787 -8.927555 4.097256 7.874012 -9.039047 4.097256 8.518673 -6.96989 7.654677 7.229354 -6.96989 7.654677 7.874012 -9.039047 4.097256 6.81324 -8.927555 4.097256 7.874012 -7.037646 7.654677 6.61287 -6.769583 7.654677 6.81324 -8.927555 4.097256 5.798827 -8.597953 4.097256 7.229354 -6.96989 7.654677 4.87511 -8.064646 4.097256 6.61287 -6.769583 7.654677 5.798827 -8.597953 4.097256 6.051504 -6.445476 7.654677 5.569791 -6.01174 7.654677 4.87511 -8.064646 4.097256 4.082457 -7.350937 4.097256 6.051504 -6.445476 7.654677 3.455518 -6.488028 4.097256 5.569791 -6.01174 7.654677 4.082457 -7.350937 4.097256 5.188783 -5.487327 7.654677 3.021685 -5.513626 4.097256 5.188783 -5.487327 7.654677 3.455518 -6.488028 4.097256 4.925134 -4.895157 7.654677 2.799923 -4.470319 4.097256 4.925134 -4.895157 7.654677 3.021685 -5.513626 4.097256 4.790362 -4.261114 7.654677 2.799921 -3.403702 4.097256 4.790362 -4.261114 7.654677 2.799923 -4.470319 4.097256 4.790362 -3.612905 7.654677 2.799921 -3.403702 4.097256 4.925134 -2.978861 7.654677 4.790362 -3.612905 7.654677 3.021683 -2.360393 4.097256 3.021683 -2.360393 4.097256 5.188783 -2.386692 7.654677 4.925134 -2.978861 7.654677 3.455516 -1.385991 4.097256 3.455516 -1.385991 4.097256 5.569787 -1.862279 7.654677 5.188783 -2.386692 7.654677 4.082453 -0.5230799 4.097256 6.0515 -1.428543 7.654677 4.082453 -0.5230799 4.097256 4.875102 0.1906246 4.097256 5.569787 -1.862279 7.654677 5.798819 0.7239335 4.097256 6.0515 -1.428543 7.654677 4.875102 0.1906246 4.097256 6.612866 -1.104436 7.654677 10.17824 -1.862276 7.654677 10.87292 0.1906293 4.097256 11.66557 -0.5230752 4.097256 9.696524 -1.42854 7.654677 10.17824 -1.862276 7.654677 12.29252 -1.385986 4.097256 10.55925 -2.386689 7.654677 11.66557 -0.5230752 4.097256 10.55925 -2.386689 7.654677 12.72635 -2.360391 4.097256 10.8229 -2.978859 7.654677 12.29252 -1.385986 4.097256 10.8229 -2.978859 7.654677 12.94811 -3.4037 4.097256 10.95767 -3.612902 7.654677 12.72635 -2.360391 4.097256 10.95767 -4.261114 7.654677 12.94811 -3.4037 4.097256 12.94811 -4.470315 4.097256 10.95767 -3.612902 7.654677 10.8229 -4.895157 7.654677 12.94811 -4.470315 4.097256 12.72635 -5.513626 4.097256 10.95767 -4.261114 7.654677 10.55925 -5.487327 7.654677 12.72635 -5.513626 4.097256 12.29251 -6.488028 4.097256 10.8229 -4.895157 7.654677 10.17824 -6.01174 7.654677 12.29251 -6.488028 4.097256 11.66557 -7.350937 4.097256 10.55925 -5.487327 7.654677 9.696524 -6.445476 7.654677 11.66557 -7.350937 4.097256 10.87292 -8.064646 4.097256 10.17824 -6.01174 7.654677 9.135157 -6.769583 7.654677 10.87292 -8.064646 4.097256 9.949205 -8.597953 4.097256 9.696524 -6.445476 7.654677 8.934787 -8.927555 4.097256 9.135157 -6.769583 7.654677 9.949205 -8.597953 4.097256 8.518673 -6.96989 7.654677 6.744673 1.376065 3.780161 5.798819 0.7239335 4.097256 5.664705 1.02516 3.780161 6.813232 1.053538 4.097256 7.874016 1.934013 3.648815 6.744673 1.376065 3.780161 6.653346 1.805715 3.648815 7.874016 1.494762 3.780161 9.094669 1.805718 3.648815 10.08331 1.025162 3.780161 9.003346 1.376067 3.780161 10.26198 1.426437 3.648815 10.08331 1.025162 3.780161 10.87292 0.1906293 4.097256 9.949205 0.7239358 4.097256 11.06673 0.4573882 3.780161 8.934787 -8.927555 4.097256 7.874016 -9.36878 3.780161 7.874012 -9.039047 4.097256 9.003346 -9.250083 3.780161 6.81324 -8.927555 4.097256 7.874016 -9.36878 3.780161 6.744685 -9.250083 3.780161 7.874012 -9.039047 4.097256 5.798827 -8.597953 4.097256 6.744685 -9.250083 3.780161 5.664713 -8.899177 3.780161 6.81324 -8.927555 4.097256 4.87511 -8.064646 4.097256 5.664713 -8.899177 3.780161 4.681299 -8.331406 3.780161 5.798827 -8.597953 4.097256 4.082457 -7.350937 4.097256 4.681299 -8.331406 3.780161 3.83742 -7.571571 3.780161 4.87511 -8.064646 4.097256 3.455518 -6.488028 4.097256 3.83742 -7.571571 3.780161 3.16996 -6.652894 3.780161 4.082457 -7.350937 4.097256 3.021685 -5.513626 4.097256 3.16996 -6.652894 3.780161 2.708092 -5.61552 3.780161 3.455518 -6.488028 4.097256 2.799923 -4.470319 4.097256 2.708092 -5.61552 3.780161 2.471997 -4.504783 3.780161 3.021685 -5.513626 4.097256 2.799921 -3.403702 4.097256 2.471997 -4.504783 3.780161 2.471997 -3.369235 3.780161 2.799923 -4.470319 4.097256 2.70809 -2.258502 3.780161 2.799921 -3.403702 4.097256 2.471997 -3.369235 3.780161 3.021683 -2.360393 4.097256 3.169958 -1.221125 3.780161 3.021683 -2.360393 4.097256 2.70809 -2.258502 3.780161 3.455516 -1.385991 4.097256 3.837415 -0.3024466 3.780161 3.455516 -1.385991 4.097256 3.169958 -1.221125 3.780161 4.082453 -0.5230799 4.097256 4.681291 0.4573835 3.780161 4.082453 -0.5230799 4.097256 3.837415 -0.3024466 3.780161 4.875102 0.1906246 4.097256 5.664705 1.02516 3.780161 4.875102 0.1906246 4.097256 4.681291 0.4573835 3.780161 5.798819 0.7239335 4.097256 11.06673 0.4573882 3.780161 11.66557 -0.5230752 4.097256 10.87292 0.1906293 4.097256 11.91061 -0.3024419 3.780161 11.91061 -0.3024419 3.780161 12.29252 -1.385986 4.097256 11.66557 -0.5230752 4.097256 12.57807 -1.22112 3.780161 12.57807 -1.22112 3.780161 12.72635 -2.360391 4.097256 12.29252 -1.385986 4.097256 13.03994 -2.258497 3.780161 13.03994 -2.258497 3.780161 12.94811 -3.4037 4.097256 12.72635 -2.360391 4.097256 13.27604 -3.369232 3.780161 13.27604 -3.369232 3.780161 12.94811 -4.470315 4.097256 12.94811 -3.4037 4.097256 13.27604 -4.504783 3.780161 12.94811 -4.470315 4.097256 13.03994 -5.61552 3.780161 12.72635 -5.513626 4.097256 13.27604 -4.504783 3.780161 12.72635 -5.513626 4.097256 12.57807 -6.652894 3.780161 12.29251 -6.488028 4.097256 13.03994 -5.61552 3.780161 12.29251 -6.488028 4.097256 11.91061 -7.571575 3.780161 11.66557 -7.350937 4.097256 12.57807 -6.652894 3.780161 11.66557 -7.350937 4.097256 11.06673 -8.331406 3.780161 10.87292 -8.064646 4.097256 11.91061 -7.571575 3.780161 10.87292 -8.064646 4.097256 10.08331 -8.899177 3.780161 9.949205 -8.597953 4.097256 11.06673 -8.331406 3.780161 9.949205 -8.597953 4.097256 9.003346 -9.250083 3.780161 8.934787 -8.927555 4.097256 10.08331 -8.899177 3.780161 6.653346 1.805715 3.648815 5.664705 1.02516 3.780161 5.486043 1.426433 3.648815 6.744673 1.376065 3.780161 10.26198 1.426437 3.648815 11.06673 0.4573882 3.780161 10.08331 1.025162 3.780161 11.32492 0.8127492 3.648815 9.003346 -9.250083 3.780161 7.874016 -9.808028 3.648815 7.874016 -9.36878 3.780161 9.094669 -9.679732 3.648815 6.744685 -9.250083 3.780161 7.874016 -9.808028 3.648815 6.653358 -9.679732 3.648815 7.874016 -9.36878 3.780161 5.664713 -8.899177 3.780161 6.653358 -9.679732 3.648815 5.486055 -9.300453 3.648815 6.744685 -9.250083 3.780161 4.681299 -8.331406 3.780161 5.486055 -9.300453 3.648815 4.423114 -8.686764 3.648815 5.664713 -8.899177 3.780161 3.83742 -7.571571 3.780161 4.423114 -8.686764 3.648815 3.510993 -7.865488 3.648815 4.681299 -8.331406 3.780161 3.16996 -6.652894 3.780161 3.510993 -7.865488 3.648815 2.789558 -6.87252 3.648815 3.83742 -7.571571 3.780161 2.708092 -5.61552 3.780161 2.789558 -6.87252 3.648815 2.290339 -5.751252 3.648815 3.16996 -6.652894 3.780161 2.471997 -4.504783 3.780161 2.290339 -5.751252 3.648815 2.035154 -4.550697 3.648815 2.708092 -5.61552 3.780161 2.471997 -3.369235 3.780161 2.035154 -4.550697 3.648815 2.035154 -3.323322 3.648815 2.471997 -4.504783 3.780161 2.290337 -2.122765 3.648815 2.471997 -3.369235 3.780161 2.035154 -3.323322 3.648815 2.70809 -2.258502 3.780161 2.789556 -1.001501 3.648815 2.70809 -2.258502 3.780161 2.290337 -2.122765 3.648815 3.169958 -1.221125 3.780161 3.510988 -0.008532362 3.648815 3.169958 -1.221125 3.780161 2.789556 -1.001501 3.648815 3.837415 -0.3024466 3.780161 4.423106 0.8127445 3.648815 3.837415 -0.3024466 3.780161 3.510988 -0.008532362 3.648815 4.681291 0.4573835 3.780161 5.486043 1.426433 3.648815 4.681291 0.4573835 3.780161 4.423106 0.8127445 3.648815 5.664705 1.02516 3.780161 11.32492 0.8127492 3.648815 11.91061 -0.3024419 3.780161 11.06673 0.4573882 3.780161 12.23704 -0.008527087 3.648815 12.23704 -0.008527087 3.648815 12.57807 -1.22112 3.780161 11.91061 -0.3024419 3.780161 12.95847 -1.001496 3.648815 12.95847 -1.001496 3.648815 13.03994 -2.258497 3.780161 12.57807 -1.22112 3.780161 13.45769 -2.122761 3.648815 13.45769 -2.122761 3.648815 13.27604 -3.369232 3.780161 13.03994 -2.258497 3.780161 13.71288 -3.323318 3.648815 13.71288 -3.323318 3.648815 13.27604 -4.504783 3.780161 13.27604 -3.369232 3.780161 13.71288 -4.550697 3.648815 13.27604 -4.504783 3.780161 13.45769 -5.751252 3.648815 13.03994 -5.61552 3.780161 13.71288 -4.550697 3.648815 13.03994 -5.61552 3.780161 12.95847 -6.87252 3.648815 12.57807 -6.652894 3.780161 13.45769 -5.751252 3.648815 12.57807 -6.652894 3.780161 12.23704 -7.865488 3.648815 11.91061 -7.571575 3.780161 12.95847 -6.87252 3.648815 11.91061 -7.571575 3.780161 11.32492 -8.686764 3.648815 11.06673 -8.331406 3.780161 12.23704 -7.865488 3.648815 11.06673 -8.331406 3.780161 10.26198 -9.300453 3.648815 10.08331 -8.899177 3.780161 11.32492 -8.686764 3.648815 10.08331 -8.899177 3.780161 9.094669 -9.679732 3.648815 9.003346 -9.250083 3.780161 10.26198 -9.300453 3.648815</float_array>
                    <technique_common>
                        <accessor count="390" source="#ID133" stride="3">
                            <param name="X" type="float" />
                            <param name="Y" type="float" />
                            <param name="Z" type="float" />
                        </accessor>
                    </technique_common>
                </source>
                <source id="ID131">
                    <float_array id="ID134" count="1170">-0.09122012 -0.8679049 -0.4882826 -0.09122012 -0.8679049 -0.4882826 -0.09122012 -0.8679049 -0.4882826 -0.09122012 -0.8679049 -0.4882826 0.09122079 -0.867905 -0.4882823 0.09122079 -0.867905 -0.4882823 0.09122079 -0.867905 -0.4882823 0.09122079 -0.867905 -0.4882823 -0.07266052 -0.6913272 -0.7188791 -0.07266052 -0.6913272 -0.7188791 -0.07266052 -0.6913272 -0.7188791 -0.07266052 -0.6913272 -0.7188791 -0.2696744 -0.8299734 -0.4882825 -0.2696744 -0.8299734 -0.4882825 -0.2696744 -0.8299734 -0.4882825 -0.2696744 -0.8299734 -0.4882825 2.188098e-32 0 -1 2.188098e-32 0 -1 2.188098e-32 0 -1 2.188098e-32 0 -1 2.188098e-32 0 -1 2.188098e-32 0 -1 2.188098e-32 0 -1 2.188098e-32 0 -1 2.188098e-32 0 -1 2.188098e-32 0 -1 2.188098e-32 0 -1 2.188098e-32 0 -1 2.188098e-32 0 -1 2.188098e-32 0 -1 2.188098e-32 0 -1 2.188098e-32 0 -1 2.188098e-32 0 -1 2.188098e-32 0 -1 2.188098e-32 0 -1 2.188098e-32 0 -1 2.188098e-32 0 -1 2.188098e-32 0 -1 2.188098e-32 0 -1 2.188098e-32 0 -1 2.188098e-32 0 -1 2.188098e-32 0 -1 2.188098e-32 0 -1 2.188098e-32 0 -1 2.188098e-32 0 -1 2.188098e-32 0 -1 0.2696759 -0.829973 -0.4882824 0.2696759 -0.829973 -0.4882824 0.2696759 -0.829973 -0.4882824 0.2696759 -0.829973 -0.4882824 0.07266122 -0.6913272 -0.7188791 0.07266122 -0.6913272 -0.7188791 0.07266122 -0.6913272 -0.7188791 0.07266122 -0.6913272 -0.7188791 -0.03009733 -0.2863596 -0.9576494 -0.03009733 -0.2863596 -0.9576494 -0.03009733 -0.2863596 -0.9576494 -0.03009733 -0.2863596 -0.9576494 -0.2148088 -0.6611118 -0.7188799 -0.2148088 -0.6611118 -0.7188799 -0.2148088 -0.6611118 -0.7188799 -0.2148088 -0.6611118 -0.7188799 -0.4363425 -0.7557679 -0.4882828 -0.4363425 -0.7557679 -0.4882828 -0.4363425 -0.7557679 -0.4882828 -0.4363425 -0.7557679 -0.4882828 -0.0912203 0.867905 -0.4882824 -0.0912203 0.867905 -0.4882824 -0.0912203 0.867905 -0.4882824 -0.0912203 0.867905 -0.4882824 0.09122069 0.867905 -0.4882824 0.09122069 0.867905 -0.4882824 0.09122069 0.867905 -0.4882824 0.09122069 0.867905 -0.4882824 0.2696742 0.8299737 -0.4882823 0.2696742 0.8299737 -0.4882823 0.2696742 0.8299737 -0.4882823 0.2696742 0.8299737 -0.4882823 0.4363428 0.755768 -0.4882824 0.4363428 0.755768 -0.4882824 0.4363428 0.755768 -0.4882824 0.4363428 0.755768 -0.4882824 0.5839407 0.6485317 -0.4882826 0.5839407 0.6485317 -0.4882826 0.5839407 0.6485317 -0.4882826 0.5839407 0.6485317 -0.4882826 0.7060181 0.5129508 -0.4882827 0.7060181 0.5129508 -0.4882827 0.7060181 0.5129508 -0.4882827 0.7060181 0.5129508 -0.4882827 0.7972377 0.3549534 -0.4882828 0.7972377 0.3549534 -0.4882828 0.7972377 0.3549534 -0.4882828 0.7972377 0.3549534 -0.4882828 0.853615 0.1814423 -0.4882829 0.853615 0.1814423 -0.4882829 0.853615 0.1814423 -0.4882829 0.853615 0.1814423 -0.4882829 0.8726854 1.411428e-06 -0.4882829 0.8726854 1.411428e-06 -0.4882829 0.8726854 1.411428e-06 -0.4882829 0.8726854 1.411428e-06 -0.4882829 0.8536148 -0.181442 -0.4882832 0.8536148 -0.181442 -0.4882832 0.8536148 -0.181442 -0.4882832 0.8536148 -0.181442 -0.4882832 0.7972376 -0.3549531 -0.4882832 0.7972376 -0.3549531 -0.4882832 0.7972376 -0.3549531 -0.4882832 0.7972376 -0.3549531 -0.4882832 0.7060194 -0.5129488 -0.4882829 0.7060194 -0.5129488 -0.4882829 0.7060194 -0.5129488 -0.4882829 0.7060194 -0.5129488 -0.4882829 0.5839405 -0.6485318 -0.4882828 0.5839405 -0.6485318 -0.4882828 0.5839405 -0.6485318 -0.4882828 0.5839405 -0.6485318 -0.4882828 0.4363436 -0.7557674 -0.4882826 0.4363436 -0.7557674 -0.4882826 0.4363436 -0.7557674 -0.4882826 0.4363436 -0.7557674 -0.4882826 -0.5839397 -0.6485324 -0.4882829 -0.5839397 -0.6485324 -0.4882829 -0.5839397 -0.6485324 -0.4882829 -0.5839397 -0.6485324 -0.4882829 -0.7060165 -0.5129528 -0.4882829 -0.7060165 -0.5129528 -0.4882829 -0.7060165 -0.5129528 -0.4882829 -0.7060165 -0.5129528 -0.4882829 -0.7972383 -0.3549516 -0.4882831 -0.7972383 -0.3549516 -0.4882831 -0.7972383 -0.3549516 -0.4882831 -0.7972383 -0.3549516 -0.4882831 -0.8536155 -0.1814394 -0.488283 -0.8536155 -0.1814394 -0.488283 -0.8536155 -0.1814394 -0.488283 -0.8536155 -0.1814394 -0.488283 -0.8726853 0 -0.4882831 -0.8726853 0 -0.4882831 -0.8726853 0 -0.4882831 -0.8726853 0 -0.4882831 -0.8536156 0.1814391 -0.488283 -0.8536156 0.1814391 -0.488283 -0.8536156 0.1814391 -0.488283 -0.8536156 0.1814391 -0.488283 -0.7972374 0.3549544 -0.4882827 -0.7972374 0.3549544 -0.4882827 -0.7972374 0.3549544 -0.4882827 -0.7972374 0.3549544 -0.4882827 -0.7060168 0.5129527 -0.4882825 -0.7060168 0.5129527 -0.4882825 -0.7060168 0.5129527 -0.4882825 -0.7060168 0.5129527 -0.4882825 -0.5839418 0.6485305 -0.4882828 -0.5839418 0.6485305 -0.4882828 -0.5839418 0.6485305 -0.4882828 -0.5839418 0.6485305 -0.4882828 -0.4363427 0.7557678 -0.4882828 -0.4363427 0.7557678 -0.4882828 -0.4363427 0.7557678 -0.4882828 -0.4363427 0.7557678 -0.4882828 -0.2696735 0.8299738 -0.4882824 -0.2696735 0.8299738 -0.4882824 -0.2696735 0.8299738 -0.4882824 -0.2696735 0.8299738 -0.4882824 0.214809 -0.6611111 -0.7188806 0.214809 -0.6611111 -0.7188806 0.214809 -0.6611111 -0.7188806 0.214809 -0.6611111 -0.7188806 0.03009753 -0.2863594 -0.9576494 0.03009753 -0.2863594 -0.9576494 0.03009753 -0.2863594 -0.9576494 0.03009753 -0.2863594 -0.9576494 -0.08897753 -0.2738444 -0.9576493 -0.08897753 -0.2738444 -0.9576493 -0.08897753 -0.2738444 -0.9576493 -0.08897753 -0.2738444 -0.9576493 -0.3475669 -0.6020056 -0.7188786 -0.3475669 -0.6020056 -0.7188786 -0.3475669 -0.6020056 -0.7188786 -0.3475669 -0.6020056 -0.7188786 -0.07266112 0.6913259 -0.7188803 -0.07266112 0.6913259 -0.7188803 -0.07266112 0.6913259 -0.7188803 -0.07266112 0.6913259 -0.7188803 0.07266132 0.6913265 -0.7188797 0.07266132 0.6913265 -0.7188797 0.07266132 0.6913265 -0.7188797 0.07266132 0.6913265 -0.7188797 0.2148087 0.6611125 -0.7188793 0.2148087 0.6611125 -0.7188793 0.2148087 0.6611125 -0.7188793 0.2148087 0.6611125 -0.7188793 0.3475667 0.602005 -0.7188792 0.3475667 0.602005 -0.7188792 0.3475667 0.602005 -0.7188792 0.3475667 0.602005 -0.7188792 0.4651368 0.5165859 -0.7188789 0.4651368 0.5165859 -0.7188789 0.4651368 0.5165859 -0.7188789 0.4651368 0.5165859 -0.7188789 0.562376 0.40859 -0.7188793 0.562376 0.40859 -0.7188793 0.562376 0.40859 -0.7188793 0.562376 0.40859 -0.7188793 0.6350366 0.2827367 -0.71888 0.6350366 0.2827367 -0.71888 0.6350366 0.2827367 -0.71888 0.6350366 0.2827367 -0.71888 0.6799445 0.1445271 -0.7188792 0.6799445 0.1445271 -0.7188792 0.6799445 0.1445271 -0.7188792 0.6799445 0.1445271 -0.7188792 0.6951356 7.216061e-07 -0.7188787 0.6951356 7.216061e-07 -0.7188787 0.6951356 7.216061e-07 -0.7188787 0.6951356 7.216061e-07 -0.7188787 0.6799459 -0.1445268 -0.718878 0.6799459 -0.1445268 -0.718878 0.6799459 -0.1445268 -0.718878 0.6799459 -0.1445268 -0.718878 0.6350375 -0.2827366 -0.7188793 0.6350375 -0.2827366 -0.7188793 0.6350375 -0.2827366 -0.7188793 0.6350375 -0.2827366 -0.7188793 0.5623769 -0.4085887 -0.7188793 0.5623769 -0.4085887 -0.7188793 0.5623769 -0.4085887 -0.7188793 0.5623769 -0.4085887 -0.7188793 0.4651366 -0.5165865 -0.7188786 0.4651366 -0.5165865 -0.7188786 0.4651366 -0.5165865 -0.7188786 0.4651366 -0.5165865 -0.7188786 0.3475681 -0.6020037 -0.7188797 0.3475681 -0.6020037 -0.7188797 0.3475681 -0.6020037 -0.7188797 0.3475681 -0.6020037 -0.7188797 -0.4651359 -0.5165863 -0.7188791 -0.4651359 -0.5165863 -0.7188791 -0.4651359 -0.5165863 -0.7188791 -0.4651359 -0.5165863 -0.7188791 -0.5623757 -0.4085914 -0.7188788 -0.5623757 -0.4085914 -0.7188788 -0.5623757 -0.4085914 -0.7188788 -0.5623757 -0.4085914 -0.7188788 -0.6350401 -0.2827362 -0.7188771 -0.6350401 -0.2827362 -0.7188771 -0.6350401 -0.2827362 -0.7188771 -0.6350401 -0.2827362 -0.7188771 -0.6799442 -0.1445273 -0.7188795 -0.6799442 -0.1445273 -0.7188795 -0.6799442 -0.1445273 -0.7188795 -0.6799442 -0.1445273 -0.7188795 -0.6951312 3.273063e-18 -0.7188828 -0.6951312 3.273063e-18 -0.7188828 -0.6951312 3.273063e-18 -0.7188828 -0.6951312 3.273063e-18 -0.7188828 -0.6799441 0.1445271 -0.7188797 -0.6799441 0.1445271 -0.7188797 -0.6799441 0.1445271 -0.7188797 -0.6799441 0.1445271 -0.7188797 -0.6350387 0.2827389 -0.7188773 -0.6350387 0.2827389 -0.7188773 -0.6350387 0.2827389 -0.7188773 -0.6350387 0.2827389 -0.7188773 -0.5623757 0.4085886 -0.7188803 -0.5623757 0.4085886 -0.7188803 -0.5623757 0.4085886 -0.7188803 -0.5623757 0.4085886 -0.7188803 -0.4651353 0.5165839 -0.7188813 -0.4651353 0.5165839 -0.7188813 -0.4651353 0.5165839 -0.7188813 -0.4651353 0.5165839 -0.7188813 -0.3475667 0.6020063 -0.7188782 -0.3475667 0.6020063 -0.7188782 -0.3475667 0.6020063 -0.7188782 -0.3475667 0.6020063 -0.7188782 -0.2148087 0.6611125 -0.7188793 -0.2148087 0.6611125 -0.7188793 -0.2148087 0.6611125 -0.7188793 -0.2148087 0.6611125 -0.7188793 0.08897805 -0.2738445 -0.9576492 0.08897805 -0.2738445 -0.9576492 0.08897805 -0.2738445 -0.9576492 0.08897805 -0.2738445 -0.9576492 -0.1439679 -0.2493604 -0.9576495 -0.1439679 -0.2493604 -0.9576495 -0.1439679 -0.2493604 -0.9576495 -0.1439679 -0.2493604 -0.9576495 -0.03009759 0.2863608 -0.957649 -0.03009759 0.2863608 -0.957649 -0.03009759 0.2863608 -0.957649 -0.03009759 0.2863608 -0.957649 0.03009753 0.2863607 -0.957649 0.03009753 0.2863607 -0.957649 0.03009753 0.2863607 -0.957649 0.03009753 0.2863607 -0.957649 0.08897761 0.2738446 -0.9576493 0.08897761 0.2738446 -0.9576493 0.08897761 0.2738446 -0.9576493 0.08897761 0.2738446 -0.9576493 0.1439686 0.2493614 -0.9576492 0.1439686 0.2493614 -0.9576492 0.1439686 0.2493614 -0.9576492 0.1439686 0.2493614 -0.9576492 0.1926674 0.2139789 -0.9576494 0.1926674 0.2139789 -0.9576494 0.1926674 0.2139789 -0.9576494 0.1926674 0.2139789 -0.9576494 0.2329452 0.1692448 -0.9576496 0.2329452 0.1692448 -0.9576496 0.2329452 0.1692448 -0.9576496 0.2329452 0.1692448 -0.9576496 0.2630434 0.1171142 -0.9576494 0.2630434 0.1171142 -0.9576494 0.2630434 0.1171142 -0.9576494 0.2630434 0.1171142 -0.9576494 0.2816448 0.05986551 -0.9576494 0.2816448 0.05986551 -0.9576494 0.2816448 0.05986551 -0.9576494 0.2816448 0.05986551 -0.9576494 0.2879373 6.546126e-18 -0.9576493 0.2879373 6.546126e-18 -0.9576493 0.2879373 6.546126e-18 -0.9576493 0.2879373 6.546126e-18 -0.9576493 0.2816447 -0.05986495 -0.9576494 0.2816447 -0.05986495 -0.9576494 0.2816447 -0.05986495 -0.9576494 0.2816447 -0.05986495 -0.9576494 0.2630431 -0.1171141 -0.9576495 0.2630431 -0.1171141 -0.9576495 0.2630431 -0.1171141 -0.9576495 0.2630431 -0.1171141 -0.9576495 0.2329462 -0.1692449 -0.9576493 0.2329462 -0.1692449 -0.9576493 0.2329462 -0.1692449 -0.9576493 0.2329462 -0.1692449 -0.9576493 0.1926676 -0.2139788 -0.9576494 0.1926676 -0.2139788 -0.9576494 0.1926676 -0.2139788 -0.9576494 0.1926676 -0.2139788 -0.9576494 0.1439688 -0.2493606 -0.9576493 0.1439688 -0.2493606 -0.9576493 0.1439688 -0.2493606 -0.9576493 0.1439688 -0.2493606 -0.9576493 -0.1926669 -0.2139787 -0.9576495 -0.1926669 -0.2139787 -0.9576495 -0.1926669 -0.2139787 -0.9576495 -0.1926669 -0.2139787 -0.9576495 -0.2329456 -0.1692449 -0.9576495 -0.2329456 -0.1692449 -0.9576495 -0.2329456 -0.1692449 -0.9576495 -0.2329456 -0.1692449 -0.9576495 -0.2630426 -0.1171138 -0.9576497 -0.2630426 -0.1171138 -0.9576497 -0.2630426 -0.1171138 -0.9576497 -0.2630426 -0.1171138 -0.9576497 -0.2816438 -0.0598656 -0.9576497 -0.2816438 -0.0598656 -0.9576497 -0.2816438 -0.0598656 -0.9576497 -0.2816438 -0.0598656 -0.9576497 -0.2879377 0 -0.9576491 -0.2879377 0 -0.9576491 -0.2879377 0 -0.9576491 -0.2879377 0 -0.9576491 -0.2816442 0.05986569 -0.9576496 -0.2816442 0.05986569 -0.9576496 -0.2816442 0.05986569 -0.9576496 -0.2816442 0.05986569 -0.9576496 -0.2630417 0.1171139 -0.9576499 -0.2630417 0.1171139 -0.9576499 -0.2630417 0.1171139 -0.9576499 -0.2630417 0.1171139 -0.9576499 -0.2329451 0.1692439 -0.9576498 -0.2329451 0.1692439 -0.9576498 -0.2329451 0.1692439 -0.9576498 -0.2329451 0.1692439 -0.9576498 -0.1926675 0.2139794 -0.9576492 -0.1926675 0.2139794 -0.9576492 -0.1926675 0.2139794 -0.9576492 -0.1926675 0.2139794 -0.9576492 -0.1439681 0.249361 -0.9576493 -0.1439681 0.249361 -0.9576493 -0.1439681 0.249361 -0.9576493 -0.1439681 0.249361 -0.9576493 -0.0889776 0.2738446 -0.9576493 -0.0889776 0.2738446 -0.9576493 -0.0889776 0.2738446 -0.9576493 -0.0889776 0.2738446 -0.9576493</float_array>
                    <technique_common>
                        <accessor count="390" source="#ID134" stride="3">
                            <param name="X" type="float" />
                            <param name="Y" type="float" />
                            <param name="Z" type="float" />
                        </accessor>
                    </technique_common>
                </source>
                <vertices id="ID132">
                    <input semantic="POSITION" source="#ID130" />
                    <input semantic="NORMAL" source="#ID131" />
                </vertices>
                <triangles count="208" material="Material2">
                    <input offset="0" semantic="VERTEX" source="#ID132" />
                    <p>0 1 2 1 0 3 4 5 6 5 4 7 8 9 10 9 8 11 12 13 14 13 12 15 16 17 18 17 16 19 19 16 20 19 20 21 21 20 22 21 22 23 23 22 24 23 24 25 25 24 26 25 26 27 27 26 28 27 28 29 29 28 30 29 30 31 31 30 32 31 32 33 33 32 34 33 34 35 35 34 36 35 36 37 37 36 38 37 38 39 39 38 40 40 38 41 40 41 42 40 42 43 43 42 44 43 44 45 46 47 48 47 46 49 50 51 52 51 50 53 54 55 56 55 54 57 58 59 60 59 58 61 62 63 64 63 62 65 66 67 68 67 66 69 70 71 72 71 70 73 74 75 76 75 74 77 78 79 80 79 78 81 82 83 84 83 82 85 86 87 88 87 86 89 90 91 92 91 90 93 94 95 96 95 94 97 98 99 100 99 98 101 102 103 104 103 102 105 106 107 108 107 106 109 110 111 112 111 110 113 114 115 116 115 114 117 118 119 120 119 118 121 122 123 124 123 122 125 126 127 128 127 126 129 130 131 132 131 130 133 134 135 136 135 134 137 138 139 140 139 138 141 142 143 144 143 142 145 146 147 148 147 146 149 150 151 152 151 150 153 154 155 156 155 154 157 158 159 160 159 158 161 162 163 164 163 162 165 166 167 168 167 166 169 170 171 172 171 170 173 174 175 176 175 174 177 178 179 180 179 178 181 182 183 184 183 182 185 186 187 188 187 186 189 190 191 192 191 190 193 194 195 196 195 194 197 198 199 200 199 198 201 202 203 204 203 202 205 206 207 208 207 206 209 210 211 212 211 210 213 214 215 216 215 214 217 218 219 220 219 218 221 222 223 224 223 222 225 226 227 228 227 226 229 230 231 232 231 230 233 234 235 236 235 234 237 238 239 240 239 238 241 242 243 244 243 242 245 246 247 248 247 246 249 250 251 252 251 250 253 254 255 256 255 254 257 258 259 260 259 258 261 262 263 264 263 262 265 266 267 268 267 266 269 270 271 272 271 270 273 274 275 276 275 274 277 278 279 280 279 278 281 282 283 284 283 282 285 286 287 288 287 286 289 290 291 292 291 290 293 294 295 296 295 294 297 298 299 300 299 298 301 302 303 304 303 302 305 306 307 308 307 306 309 310 311 312 311 310 313 314 315 316 315 314 317 318 319 320 319 318 321 322 323 324 323 322 325 326 327 328 327 326 329 330 331 332 331 330 333 334 335 336 335 334 337 338 339 340 339 338 341 342 343 344 343 342 345 346 347 348 347 346 349 350 351 352 351 350 353 354 355 356 355 354 357 358 359 360 359 358 361 362 363 364 363 362 365 366 367 368 367 366 369 370 371 372 371 370 373 374 375 376 375 374 377 378 379 380 379 378 381 382 383 384 383 382 385 386 387 388 387 386 389</p>
                </triangles>
            </mesh>
        </geometry>
        <geometry id="ID135">
            <mesh>
                <source id="ID136">
                    <float_array id="ID139" count="900">0 12.99602 10.34173 0.2783044 9.183346 17.03465 1.064924 12.88409 10.34173 0 9.212598 17.03465 0 12.99602 10.34173 1.391533 14.42068 3.648815 0 14.56693 3.648815 1.064924 12.88409 10.34173 -0.2783091 9.183343 17.03465 0 12.99602 10.34173 -1.064933 12.88409 10.34173 0 9.212598 17.03465 0.2783044 9.183346 17.03465 2.083304 12.5532 10.34173 1.064924 12.88409 10.34173 0.5444484 9.09687 17.03465 -1.064933 12.88409 10.34173 0 14.56693 3.648815 -1.391548 14.42067 3.648815 0 12.99602 10.34173 1.064924 12.88409 10.34173 2.722252 13.9883 3.648815 1.391533 14.42068 3.648815 2.083304 12.5532 10.34173 -6.365343 9.942236 3.648815 -6.656252 7.174413 3.648815 -6.656252 8.573614 3.648815 -6.365339 5.805791 3.648815 -5.796236 11.22047 3.648815 -5.838862 8.487701 3.648815 -5.583677 9.688256 3.648815 -4.973811 12.35244 3.648815 -5.084457 10.80952 3.648815 -4.363024 11.80249 3.648815 -3.934005 13.28869 3.648815 -3.450907 12.62377 3.648815 -2.722264 13.9883 3.648815 -2.387969 13.23746 3.648815 -1.391548 14.42067 3.648815 -1.220665 13.61674 3.648815 0 14.56693 3.648815 0 13.74504 3.648815 1.391533 14.42068 3.648815 1.220654 13.61674 3.648815 2.387959 13.23746 3.648815 2.722252 13.9883 3.648815 3.4509 12.62378 3.648815 3.933996 13.2887 3.648815 4.36302 11.8025 3.648815 4.973803 12.35245 3.648815 5.084457 10.80953 3.648815 5.796232 11.22047 3.648815 5.583673 9.68826 3.648815 5.838858 8.487705 3.648815 6.365339 9.942244 3.648815 5.838858 7.260327 3.648815 -5.838858 7.260327 3.648815 -5.796232 4.527559 3.648815 -5.583673 6.059768 3.648815 -4.973803 3.395583 3.648815 -5.084457 4.938504 3.648815 -4.36302 3.945535 3.648815 -3.933996 2.459334 3.648815 -3.4509 3.124259 3.648815 -2.722254 1.759733 3.648815 -2.387959 2.510569 3.648815 -1.391536 1.327356 3.648815 -1.220654 2.131288 3.648815 0 1.181101 3.648815 0 2.002991 3.648815 1.220654 2.131288 3.648815 1.391533 1.327356 3.648815 2.387959 2.510569 3.648815 2.722252 1.759733 3.648815 3.4509 3.124257 3.648815 3.933996 2.459332 3.648815 4.36302 3.945535 3.648815 4.973803 3.39558 3.648815 5.084457 4.938504 3.648815 5.796232 4.527559 3.648815 5.583673 6.059772 3.648815 6.365339 5.805791 3.648815 6.656252 8.573614 3.648815 6.656252 7.174413 3.648815 -2.083313 12.5532 10.34173 -0.2783091 9.183343 17.03465 -1.064933 12.88409 10.34173 -0.5444531 9.09687 17.03465 0.5444484 9.09687 17.03465 3.010637 12.01781 10.34173 2.083304 12.5532 10.34173 0.7867976 8.956949 17.03465 -2.722264 13.9883 3.648815 -1.064933 12.88409 10.34173 -1.391548 14.42067 3.648815 -2.083313 12.5532 10.34173 2.083304 12.5532 10.34173 3.933996 13.2887 3.648815 2.722252 13.9883 3.648815 3.010637 12.01781 10.34173 -4.871315 6.291228 10.34173 -6.656252 7.174413 3.648815 -6.365339 5.805791 3.648815 -5.093941 7.338618 10.34173 -5.093941 7.338618 10.34173 -6.656252 8.573614 3.648815 -6.656252 7.174413 3.648815 -5.093945 8.409409 10.34173 -4.871315 9.456795 10.34173 -6.656252 8.573614 3.648815 -5.093945 8.409409 10.34173 -6.365343 9.942236 3.648815 -4.435787 10.43501 10.34173 -6.365343 9.942236 3.648815 -4.871315 9.456795 10.34173 -5.796236 11.22047 3.648815 -3.806394 11.3013 10.34173 -5.796236 11.22047 3.648815 -4.435787 10.43501 10.34173 -4.973811 12.35244 3.648815 -4.973811 12.35244 3.648815 -3.010644 12.0178 10.34173 -3.934005 13.28869 3.648815 -3.806394 11.3013 10.34173 -3.010644 12.0178 10.34173 -2.722264 13.9883 3.648815 -3.934005 13.28869 3.648815 -2.083313 12.5532 10.34173 3.010637 12.01781 10.34173 4.973803 12.35245 3.648815 3.933996 13.2887 3.648815 3.80639 11.30131 10.34173 5.796232 11.22047 3.648815 3.80639 11.30131 10.34173 4.435783 10.43502 10.34173 4.973803 12.35245 3.648815 6.365339 9.942244 3.648815 4.435783 10.43502 10.34173 4.871315 9.456799 10.34173 5.796232 11.22047 3.648815 6.656252 8.573614 3.648815 4.871315 9.456799 10.34173 5.093945 8.409409 10.34173 6.365339 9.942244 3.648815 6.656252 8.573614 3.648815 5.093945 7.338622 10.34173 6.656252 7.174413 3.648815 5.093945 8.409409 10.34173 6.656252 7.174413 3.648815 4.871311 6.291228 10.34173 6.365339 5.805791 3.648815 5.093945 7.338622 10.34173 6.365339 5.805791 3.648815 4.435783 5.313012 10.34173 5.796232 4.527559 3.648815 4.871311 6.291228 10.34173 5.796232 4.527559 3.648815 3.806388 4.446724 10.34173 4.973803 3.39558 3.648815 4.435783 5.313012 10.34173 4.973803 3.39558 3.648815 3.010637 3.730228 10.34173 3.933996 2.459332 3.648815 3.806388 4.446724 10.34173 3.010637 3.730228 10.34173 2.722252 1.759733 3.648815 3.933996 2.459332 3.648815 2.083304 3.194832 10.34173 2.083304 3.194832 10.34173 1.391533 1.327356 3.648815 2.722252 1.759733 3.648815 1.064924 2.86394 10.34173 1.064924 2.86394 10.34173 0 1.181101 3.648815 1.391533 1.327356 3.648815 0 2.752012 10.34173 0 2.752012 10.34173 -1.391536 1.327356 3.648815 0 1.181101 3.648815 -1.064924 2.86394 10.34173 -1.391536 1.327356 3.648815 -2.083307 3.194832 10.34173 -2.722254 1.759733 3.648815 -1.064924 2.86394 10.34173 -2.722254 1.759733 3.648815 -3.010637 3.730228 10.34173 -3.933996 2.459334 3.648815 -2.083307 3.194832 10.34173 -3.010637 3.730228 10.34173 -4.973803 3.395583 3.648815 -3.933996 2.459334 3.648815 -3.80639 4.446728 10.34173 -3.80639 4.446728 10.34173 -5.796232 4.527559 3.648815 -4.973803 3.395583 3.648815 -4.435783 5.313012 10.34173 -4.435783 5.313012 10.34173 -6.365339 5.805791 3.648815 -5.796232 4.527559 3.648815 -4.871315 6.291228 10.34173 -0.7868024 8.956949 17.03465 -2.083313 12.5532 10.34173 -3.010644 12.0178 10.34173 -0.5444531 9.09687 17.03465 3.010637 12.01781 10.34173 0.9947591 8.769701 17.03465 3.80639 11.30131 10.34173 0.7867976 8.956949 17.03465 -1.273068 7.46037 17.03465 -5.093941 7.338618 10.34173 -4.871315 6.291228 10.34173 -1.331251 7.734094 17.03465 -1.331251 7.734094 17.03465 -5.093945 8.409409 10.34173 -5.093941 7.338618 10.34173 -1.331251 8.013933 17.03465 -1.273068 8.287657 17.03465 -5.093945 8.409409 10.34173 -1.331251 8.013933 17.03465 -4.871315 9.456795 10.34173 -1.159247 8.543307 17.03465 -4.871315 9.456795 10.34173 -1.273068 8.287657 17.03465 -4.435787 10.43501 10.34173 -0.9947614 8.769701 17.03465 -4.435787 10.43501 10.34173 -1.159247 8.543307 17.03465 -3.806394 11.3013 10.34173 -0.9947614 8.769701 17.03465 -3.010644 12.0178 10.34173 -3.806394 11.3013 10.34173 -0.7868024 8.956949 17.03465 4.435783 10.43502 10.34173 0.9947591 8.769701 17.03465 1.159244 8.543307 17.03465 3.80639 11.30131 10.34173 4.871315 9.456799 10.34173 1.159244 8.543307 17.03465 1.273066 8.287661 17.03465 4.435783 10.43502 10.34173 5.093945 8.409409 10.34173 1.273066 8.287661 17.03465 1.331248 8.013933 17.03465 4.871315 9.456799 10.34173 5.093945 8.409409 10.34173 1.331248 7.734094 17.03465 5.093945 7.338622 10.34173 1.331248 8.013933 17.03465 5.093945 7.338622 10.34173 1.273066 7.46037 17.03465 4.871311 6.291228 10.34173 1.331248 7.734094 17.03465 4.871311 6.291228 10.34173 1.159244 7.20472 17.03465 4.435783 5.313012 10.34173 1.273066 7.46037 17.03465 4.435783 5.313012 10.34173 0.9947591 6.978327 17.03465 3.806388 4.446724 10.34173 1.159244 7.20472 17.03465 0.9947591 6.978327 17.03465 3.010637 3.730228 10.34173 3.806388 4.446724 10.34173 0.7867976 6.791075 17.03465 0.7867976 6.791075 17.03465 2.083304 3.194832 10.34173 3.010637 3.730228 10.34173 0.5444484 6.651157 17.03465 0.5444484 6.651157 17.03465 1.064924 2.86394 10.34173 2.083304 3.194832 10.34173 0.2783044 6.564681 17.03465 0.2783044 6.564681 17.03465 0 2.752012 10.34173 1.064924 2.86394 10.34173 0 6.535433 17.03465 0 6.535433 17.03465 -1.064924 2.86394 10.34173 0 2.752012 10.34173 -0.2783067 6.564681 17.03465 -1.064924 2.86394 10.34173 -0.5444508 6.651157 17.03465 -2.083307 3.194832 10.34173 -0.2783067 6.564681 17.03465 -0.5444508 6.651157 17.03465 -3.010637 3.730228 10.34173 -2.083307 3.194832 10.34173 -0.7868 6.791075 17.03465 -0.7868 6.791075 17.03465 -3.80639 4.446728 10.34173 -3.010637 3.730228 10.34173 -0.9947614 6.978327 17.03465 -0.9947614 6.978327 17.03465 -4.435783 5.313012 10.34173 -3.80639 4.446728 10.34173 -1.159247 7.204724 17.03465 -1.159247 7.204724 17.03465 -4.871315 6.291228 10.34173 -4.435783 5.313012 10.34173 -1.273068 7.46037 17.03465</float_array>
                    <technique_common>
                        <accessor count="300" source="#ID139" stride="3">
                            <param name="X" type="float" />
                            <param name="Y" type="float" />
                            <param name="Z" type="float" />
                        </accessor>
                    </technique_common>
                </source>
                <source id="ID137">
                    <float_array id="ID140" count="900">0.09111755 0.8669153 0.4900566 0.09111755 0.8669153 0.4900566 0.09111755 0.8669153 0.4900566 0.09111755 0.8669153 0.4900566 0.1017923 0.9684863 0.2273162 0.1017923 0.9684863 0.2273162 0.1017923 0.9684863 0.2273162 0.1017923 0.9684863 0.2273162 -0.09111746 0.8669152 0.4900568 -0.09111746 0.8669152 0.4900568 -0.09111746 0.8669152 0.4900568 -0.09111746 0.8669152 0.4900568 0.2693686 0.8290266 0.4900566 0.2693686 0.8290266 0.4900566 0.2693686 0.8290266 0.4900566 0.2693686 0.8290266 0.4900566 -0.1017931 0.9684862 0.227316 -0.1017931 0.9684862 0.227316 -0.1017931 0.9684862 0.227316 -0.1017931 0.9684862 0.227316 0.3009283 0.9261584 0.2273163 0.3009283 0.9261584 0.2273163 0.3009283 0.9261584 0.2273163 0.3009283 0.9261584 0.2273163 -1.474669e-32 0 -1 -1.474669e-32 0 -1 -1.474669e-32 0 -1 -1.474669e-32 0 -1 -1.474669e-32 0 -1 -1.474669e-32 0 -1 -1.474669e-32 0 -1 -1.474669e-32 0 -1 -1.474669e-32 0 -1 -1.474669e-32 0 -1 -1.474669e-32 0 -1 -1.474669e-32 0 -1 -1.474669e-32 0 -1 -1.474669e-32 0 -1 -1.474669e-32 0 -1 -1.474669e-32 0 -1 -1.474669e-32 0 -1 -1.474669e-32 0 -1 -1.474669e-32 0 -1 -1.474669e-32 0 -1 -1.474669e-32 0 -1 -1.474669e-32 0 -1 -1.474669e-32 0 -1 -1.474669e-32 0 -1 -1.474669e-32 0 -1 -1.474669e-32 0 -1 -1.474669e-32 0 -1 -1.474669e-32 0 -1 -1.474669e-32 0 -1 -1.474669e-32 0 -1 -1.474669e-32 0 -1 -1.474669e-32 0 -1 -1.474669e-32 0 -1 -1.474669e-32 0 -1 -1.474669e-32 0 -1 -1.474669e-32 0 -1 -1.474669e-32 0 -1 -1.474669e-32 0 -1 -1.474669e-32 0 -1 -1.474669e-32 0 -1 -1.474669e-32 0 -1 -1.474669e-32 0 -1 -1.474669e-32 0 -1 -1.474669e-32 0 -1 -1.474669e-32 0 -1 -1.474669e-32 0 -1 -1.474669e-32 0 -1 -1.474669e-32 0 -1 -1.474669e-32 0 -1 -1.474669e-32 0 -1 -1.474669e-32 0 -1 -1.474669e-32 0 -1 -1.474669e-32 0 -1 -1.474669e-32 0 -1 -1.474669e-32 0 -1 -1.474669e-32 0 -1 -1.474669e-32 0 -1 -1.474669e-32 0 -1 -1.474669e-32 0 -1 -1.474669e-32 0 -1 -0.2693679 0.8290266 0.4900569 -0.2693679 0.8290266 0.4900569 -0.2693679 0.8290266 0.4900569 -0.2693679 0.8290266 0.4900569 0.4358418 0.7549081 0.4900568 0.4358418 0.7549081 0.4900568 0.4358418 0.7549081 0.4900568 0.4358418 0.7549081 0.4900568 -0.3009286 0.9261584 0.227316 -0.3009286 0.9261584 0.227316 -0.3009286 0.9261584 0.227316 -0.3009286 0.9261584 0.227316 0.4869096 0.8433544 0.2273158 0.4869096 0.8433544 0.2273158 0.4869096 0.8433544 0.2273158 0.4869096 0.8433544 0.2273158 -0.9525406 -0.2024692 0.2273161 -0.9525406 -0.2024692 0.2273161 -0.9525406 -0.2024692 0.2273161 -0.9525406 -0.2024692 0.2273161 -0.973821 -1.322448e-06 0.2273163 -0.973821 -1.322448e-06 0.2273163 -0.973821 -1.322448e-06 0.2273163 -0.973821 -1.322448e-06 0.2273163 -0.9525406 0.2024691 0.2273161 -0.9525406 0.2024691 0.2273161 -0.9525406 0.2024691 0.2273161 -0.9525406 0.2024691 0.2273161 -0.88963 0.3960882 0.2273161 -0.88963 0.3960882 0.2273161 -0.88963 0.3960882 0.2273161 -0.88963 0.3960882 0.2273161 -0.7878393 0.5723956 0.2273159 -0.7878393 0.5723956 0.2273159 -0.7878393 0.5723956 0.2273159 -0.7878393 0.5723956 0.2273159 -0.6516139 0.7236897 0.2273159 -0.6516139 0.7236897 0.2273159 -0.6516139 0.7236897 0.2273159 -0.6516139 0.7236897 0.2273159 -0.4869123 0.8433527 0.227316 -0.4869123 0.8433527 0.227316 -0.4869123 0.8433527 0.227316 -0.4869123 0.8433527 0.227316 0.651614 0.7236898 0.2273154 0.651614 0.7236898 0.2273154 0.651614 0.7236898 0.2273154 0.651614 0.7236898 0.2273154 0.787838 0.5723975 0.2273155 0.787838 0.5723975 0.2273155 0.787838 0.5723975 0.2273155 0.787838 0.5723975 0.2273155 0.8896295 0.3960895 0.2273158 0.8896295 0.3960895 0.2273158 0.8896295 0.3960895 0.2273158 0.8896295 0.3960895 0.2273158 0.9525405 0.2024698 0.2273159 0.9525405 0.2024698 0.2273159 0.9525405 0.2024698 0.2273159 0.9525405 0.2024698 0.2273159 0.973821 -2.454797e-18 0.2273161 0.973821 -2.454797e-18 0.2273161 0.973821 -2.454797e-18 0.2273161 0.973821 -2.454797e-18 0.2273161 0.9525401 -0.2024715 0.2273161 0.9525401 -0.2024715 0.2273161 0.9525401 -0.2024715 0.2273161 0.9525401 -0.2024715 0.2273161 0.88963 -0.3960882 0.2273159 0.88963 -0.3960882 0.2273159 0.88963 -0.3960882 0.2273159 0.88963 -0.3960882 0.2273159 0.787838 -0.5723975 0.2273157 0.787838 -0.5723975 0.2273157 0.787838 -0.5723975 0.2273157 0.787838 -0.5723975 0.2273157 0.6516139 -0.7236897 0.2273159 0.6516139 -0.7236897 0.2273159 0.6516139 -0.7236897 0.2273159 0.6516139 -0.7236897 0.2273159 0.4869098 -0.8433542 0.227316 0.4869098 -0.8433542 0.227316 0.4869098 -0.8433542 0.227316 0.4869098 -0.8433542 0.227316 0.3009278 -0.9261587 0.227316 0.3009278 -0.9261587 0.227316 0.3009278 -0.9261587 0.227316 0.3009278 -0.9261587 0.227316 0.1017913 -0.9684865 0.2273159 0.1017913 -0.9684865 0.2273159 0.1017913 -0.9684865 0.2273159 0.1017913 -0.9684865 0.2273159 -0.1017912 -0.9684865 0.2273159 -0.1017912 -0.9684865 0.2273159 -0.1017912 -0.9684865 0.2273159 -0.1017912 -0.9684865 0.2273159 -0.3009276 -0.9261588 0.227316 -0.3009276 -0.9261588 0.227316 -0.3009276 -0.9261588 0.227316 -0.3009276 -0.9261588 0.227316 -0.4869114 -0.8433533 0.2273159 -0.4869114 -0.8433533 0.2273159 -0.4869114 -0.8433533 0.2273159 -0.4869114 -0.8433533 0.2273159 -0.6516142 -0.7236895 0.2273158 -0.6516142 -0.7236895 0.2273158 -0.6516142 -0.7236895 0.2273158 -0.6516142 -0.7236895 0.2273158 -0.7878376 -0.5723981 0.2273157 -0.7878376 -0.5723981 0.2273157 -0.7878376 -0.5723981 0.2273157 -0.7878376 -0.5723981 0.2273157 -0.8896296 -0.3960894 0.2273156 -0.8896296 -0.3960894 0.2273156 -0.8896296 -0.3960894 0.2273156 -0.8896296 -0.3960894 0.2273156 -0.435847 0.7549052 0.4900567 -0.435847 0.7549052 0.4900567 -0.435847 0.7549052 0.4900567 -0.435847 0.7549052 0.4900567 0.583275 0.647792 0.490057 0.583275 0.647792 0.490057 0.583275 0.647792 0.490057 0.583275 0.647792 0.490057 -0.8526428 -0.1812322 0.4900563 -0.8526428 -0.1812322 0.4900563 -0.8526428 -0.1812322 0.4900563 -0.8526428 -0.1812322 0.4900563 -0.8716908 -3.000072e-06 0.4900563 -0.8716908 -3.000072e-06 0.4900563 -0.8716908 -3.000072e-06 0.4900563 -0.8716908 -3.000072e-06 0.4900563 -0.8526419 0.1812357 0.4900565 -0.8526419 0.1812357 0.4900565 -0.8526419 0.1812357 0.4900565 -0.8526419 0.1812357 0.4900565 -0.7963299 0.3545467 0.4900564 -0.7963299 0.3545467 0.4900564 -0.7963299 0.3545467 0.4900564 -0.7963299 0.3545467 0.4900564 -0.7052141 0.5123647 0.4900566 -0.7052141 0.5123647 0.4900566 -0.7052141 0.5123647 0.4900566 -0.7052141 0.5123647 0.4900566 -0.5832747 0.6477924 0.4900567 -0.5832747 0.6477924 0.4900567 -0.5832747 0.6477924 0.4900567 -0.5832747 0.6477924 0.4900567 0.7052128 0.5123663 0.4900568 0.7052128 0.5123663 0.4900568 0.7052128 0.5123663 0.4900568 0.7052128 0.5123663 0.4900568 0.796329 0.3545484 0.4900566 0.796329 0.3545484 0.4900566 0.796329 0.3545484 0.4900566 0.796329 0.3545484 0.4900566 0.852642 0.1812349 0.4900567 0.852642 0.1812349 0.4900567 0.852642 0.1812349 0.4900567 0.852642 0.1812349 0.4900567 0.8716906 -1.341956e-16 0.4900567 0.8716906 -1.341956e-16 0.4900567 0.8716906 -1.341956e-16 0.4900567 0.8716906 -1.341956e-16 0.4900567 0.8526416 -0.1812373 0.4900565 0.8526416 -0.1812373 0.4900565 0.8526416 -0.1812373 0.4900565 0.8526416 -0.1812373 0.4900565 0.7963299 -0.3545467 0.4900564 0.7963299 -0.3545467 0.4900564 0.7963299 -0.3545467 0.4900564 0.7963299 -0.3545467 0.4900564 0.7052121 -0.5123676 0.4900565 0.7052121 -0.5123676 0.4900565 0.7052121 -0.5123676 0.4900565 0.7052121 -0.5123676 0.4900565 0.5832752 -0.6477922 0.4900564 0.5832752 -0.6477922 0.4900564 0.5832752 -0.6477922 0.4900564 0.5832752 -0.6477922 0.4900564 0.4358445 -0.7549069 0.4900563 0.4358445 -0.7549069 0.4900563 0.4358445 -0.7549069 0.4900563 0.4358445 -0.7549069 0.4900563 0.2693678 -0.829027 0.4900564 0.2693678 -0.829027 0.4900564 0.2693678 -0.829027 0.4900564 0.2693678 -0.829027 0.4900564 0.09111589 -0.8669156 0.4900564 0.09111589 -0.8669156 0.4900564 0.09111589 -0.8669156 0.4900564 0.09111589 -0.8669156 0.4900564 -0.09111584 -0.8669156 0.4900564 -0.09111584 -0.8669156 0.4900564 -0.09111584 -0.8669156 0.4900564 -0.09111584 -0.8669156 0.4900564 -0.2693673 -0.8290272 0.4900563 -0.2693673 -0.8290272 0.4900563 -0.2693673 -0.8290272 0.4900563 -0.2693673 -0.8290272 0.4900563 -0.4358453 -0.7549065 0.4900562 -0.4358453 -0.7549065 0.4900562 -0.4358453 -0.7549065 0.4900562 -0.4358453 -0.7549065 0.4900562 -0.5832761 -0.6477916 0.4900561 -0.5832761 -0.6477916 0.4900561 -0.5832761 -0.6477916 0.4900561 -0.5832761 -0.6477916 0.4900561 -0.7052123 -0.5123675 0.4900564 -0.7052123 -0.5123675 0.4900564 -0.7052123 -0.5123675 0.4900564 -0.7052123 -0.5123675 0.4900564 -0.7963286 -0.3545495 0.4900565 -0.7963286 -0.3545495 0.4900565 -0.7963286 -0.3545495 0.4900565 -0.7963286 -0.3545495 0.4900565</float_array>
                    <technique_common>
                        <accessor count="300" source="#ID140" stride="3">
                            <param name="X" type="float" />
                            <param name="Y" type="float" />
                            <param name="Z" type="float" />
                        </accessor>
                    </technique_common>
                </source>
                <vertices id="ID138">
                    <input semantic="POSITION" source="#ID136" />
                    <input semantic="NORMAL" source="#ID137" />
                </vertices>
                <triangles count="180" material="Material2">
                    <input offset="0" semantic="VERTEX" source="#ID138" />
                    <p>0 1 2 1 0 3 4 5 6 5 4 7 8 9 10 9 8 11 12 13 14 13 12 15 16 17 18 17 16 19 20 21 22 21 20 23 24 25 26 25 24 27 27 24 28 27 28 29 29 28 30 30 28 31 30 31 32 32 31 33 33 31 34 33 34 35 35 34 36 35 36 37 37 36 38 37 38 39 39 38 40 39 40 41 41 40 42 41 42 43 43 42 44 44 42 45 44 45 46 46 45 47 46 47 48 48 47 49 48 49 50 50 49 51 50 51 52 52 51 53 53 51 54 53 54 55 27 56 57 56 27 29 57 56 58 57 58 59 59 58 60 59 60 61 59 61 62 62 61 63 62 63 64 64 63 65 64 65 66 66 65 67 66 67 68 68 67 69 68 69 70 68 70 71 71 70 72 71 72 73 73 72 74 73 74 75 75 74 76 75 76 77 77 76 78 77 78 79 79 78 80 79 80 55 79 55 81 81 55 54 81 54 82 81 82 83 84 85 86 85 84 87 88 89 90 89 88 91 92 93 94 93 92 95 96 97 98 97 96 99 100 101 102 101 100 103 104 105 106 105 104 107 108 109 110 109 108 111 112 113 114 113 112 115 116 117 118 117 116 119 120 121 122 121 120 123 124 125 126 125 124 127 128 129 130 129 128 131 132 133 134 133 132 135 136 137 138 137 136 139 140 141 142 141 140 143 144 145 146 145 144 147 148 149 150 149 148 151 152 153 154 153 152 155 156 157 158 157 156 159 160 161 162 161 160 163 164 165 166 165 164 167 168 169 170 169 168 171 172 173 174 173 172 175 176 177 178 177 176 179 180 181 182 181 180 183 184 185 186 185 184 187 188 189 190 189 188 191 192 193 194 193 192 195 196 197 198 197 196 199 200 201 202 201 200 203 204 205 206 205 204 207 208 209 210 209 208 211 212 213 214 213 212 215 216 217 218 217 216 219 220 221 222 221 220 223 224 225 226 225 224 227 228 229 230 229 228 231 232 233 234 233 232 235 236 237 238 237 236 239 240 241 242 241 240 243 244 245 246 245 244 247 248 249 250 249 248 251 252 253 254 253 252 255 256 257 258 257 256 259 260 261 262 261 260 263 264 265 266 265 264 267 268 269 270 269 268 271 272 273 274 273 272 275 276 277 278 277 276 279 280 281 282 281 280 283 284 285 286 285 284 287 288 289 290 289 288 291 292 293 294 293 292 295 296 297 298 297 296 299</p>
                </triangles>
            </mesh>
        </geometry>
        <geometry id="ID141">
            <mesh>
                <source id="ID142">
                    <float_array id="ID145" count="630">1.033859 12.73794 17.03465 2.022531 12.4167 29.14813 2.022531 12.4167 17.03465 1.033856 12.73794 29.14813 -4.729213 9.410626 17.03465 -4.945346 7.354236 17.03465 -4.945346 8.393787 17.03465 -4.729209 6.337402 17.03465 -4.30639 10.3603 17.03465 -4.306386 5.387724 17.03465 -3.695354 11.20132 17.03465 -3.695352 4.546705 17.03465 -2.922819 11.89692 17.03465 -2.922812 3.851107 17.03465 -2.02254 12.4167 17.03465 -2.022533 3.331331 17.03465 -1.033868 12.73794 17.03465 -1.331251 8.013933 17.03465 -1.273068 8.287657 17.03465 -1.159247 8.543307 17.03465 -0.9947614 8.769701 17.03465 0 12.8466 17.03465 -0.7868024 8.956949 17.03465 -0.5444531 9.09687 17.03465 -0.2783091 9.183343 17.03465 0 9.212598 17.03465 1.033859 12.73794 17.03465 0.2783044 9.183346 17.03465 0.5444484 9.09687 17.03465 0.7867976 8.956949 17.03465 0.9947591 8.769701 17.03465 1.159244 8.543307 17.03465 2.022531 12.4167 17.03465 1.273066 8.287661 17.03465 1.331248 8.013933 17.03465 1.331248 7.734094 17.03465 -1.331251 7.734094 17.03465 -1.033859 3.010093 17.03465 -1.273068 7.46037 17.03465 -1.159247 7.204724 17.03465 -0.9947614 6.978327 17.03465 0 2.90143 17.03465 -0.7868 6.791075 17.03465 -0.5444508 6.651157 17.03465 -0.2783067 6.564681 17.03465 0 6.535433 17.03465 0.2783044 6.564681 17.03465 1.033856 3.010093 17.03465 0.5444484 6.651157 17.03465 0.7867976 6.791075 17.03465 0.9947591 6.978327 17.03465 1.159244 7.20472 17.03465 2.022531 3.331331 17.03465 1.273066 7.46037 17.03465 2.922812 11.89692 17.03465 2.922812 3.851107 17.03465 3.695352 11.20133 17.03465 3.695349 4.546705 17.03465 4.306386 5.38772 17.03465 4.306386 10.36031 17.03465 4.729209 9.41063 17.03465 4.729209 6.337402 17.03465 4.945343 8.393791 17.03465 4.945343 7.354236 17.03465 0 12.8466 29.14813 1.033859 12.73794 17.03465 0 12.8466 17.03465 1.033856 12.73794 29.14813 -4.729213 6.337402 29.14813 -4.945346 8.393787 29.14813 -4.945346 7.354236 29.14813 -4.729213 9.410626 29.14813 -4.306386 5.387724 29.14813 -4.30639 10.3603 29.14813 -3.695356 11.20132 29.14813 -3.695352 4.546705 29.14813 -2.922819 11.89692 29.14813 -2.922812 3.851107 29.14813 -2.02254 12.4167 29.14813 -2.022533 3.331331 29.14813 -1.033868 12.73794 29.14813 -1.033859 3.010093 29.14813 0 12.8466 29.14813 0 2.90143 29.14813 1.033856 3.010093 29.14813 1.033856 12.73794 29.14813 2.022531 3.331331 29.14813 2.022531 12.4167 29.14813 2.92281 3.851107 29.14813 2.92281 11.89692 29.14813 3.695349 4.546705 29.14813 3.695349 11.20133 29.14813 4.306386 5.38772 29.14813 4.306386 10.36031 29.14813 4.729209 6.337402 29.14813 4.729209 9.41063 29.14813 4.945343 7.354236 29.14813 4.945343 8.393791 29.14813 2.022531 12.4167 29.14813 2.922812 11.89692 17.03465 2.022531 12.4167 17.03465 2.92281 11.89692 29.14813 -2.922819 11.89692 17.03465 -2.02254 12.4167 29.14813 -2.02254 12.4167 17.03465 -2.922819 11.89692 29.14813 -2.02254 12.4167 29.14813 -1.033868 12.73794 17.03465 -2.02254 12.4167 17.03465 -1.033868 12.73794 29.14813 -1.033868 12.73794 29.14813 0 12.8466 17.03465 -1.033868 12.73794 17.03465 0 12.8466 29.14813 2.922812 11.89692 17.03465 3.695349 11.20133 29.14813 3.695352 11.20133 17.03465 2.92281 11.89692 29.14813 3.695352 11.20133 17.03465 4.306386 10.36031 29.14813 4.306386 10.36031 17.03465 3.695349 11.20133 29.14813 4.306386 10.36031 17.03465 4.729209 9.41063 29.14813 4.729209 9.41063 17.03465 4.306386 10.36031 29.14813 4.729209 9.41063 17.03465 4.945343 8.393791 29.14813 4.945343 8.393791 17.03465 4.729209 9.41063 29.14813 4.945343 7.354236 17.03465 4.945343 8.393791 29.14813 4.945343 7.354236 29.14813 4.945343 8.393791 17.03465 4.729209 6.337402 17.03465 4.945343 7.354236 29.14813 4.729209 6.337402 29.14813 4.945343 7.354236 17.03465 4.729209 6.337402 17.03465 4.306386 5.38772 29.14813 4.306386 5.38772 17.03465 4.729209 6.337402 29.14813 3.695349 4.546705 17.03465 4.306386 5.38772 29.14813 3.695349 4.546705 29.14813 4.306386 5.38772 17.03465 3.695349 4.546705 29.14813 2.922812 3.851107 17.03465 3.695349 4.546705 17.03465 2.92281 3.851107 29.14813 2.92281 3.851107 29.14813 2.022531 3.331331 17.03465 2.922812 3.851107 17.03465 2.022531 3.331331 29.14813 2.022531 3.331331 29.14813 1.033856 3.010093 17.03465 2.022531 3.331331 17.03465 1.033856 3.010093 29.14813 1.033856 3.010093 29.14813 0 2.90143 17.03465 1.033856 3.010093 17.03465 0 2.90143 29.14813 0 2.90143 29.14813 -1.033859 3.010093 17.03465 0 2.90143 17.03465 -1.033859 3.010093 29.14813 -1.033859 3.010093 29.14813 -2.022533 3.331331 17.03465 -1.033859 3.010093 17.03465 -2.022533 3.331331 29.14813 -2.022533 3.331331 29.14813 -2.922812 3.851107 17.03465 -2.022533 3.331331 17.03465 -2.922812 3.851107 29.14813 -2.922812 3.851107 17.03465 -3.695352 4.546705 29.14813 -3.695352 4.546705 17.03465 -2.922812 3.851107 29.14813 -4.306386 5.387724 29.14813 -3.695352 4.546705 17.03465 -3.695352 4.546705 29.14813 -4.306386 5.387724 17.03465 -4.729213 6.337402 29.14813 -4.306386 5.387724 17.03465 -4.306386 5.387724 29.14813 -4.729209 6.337402 17.03465 -4.945346 7.354236 29.14813 -4.729209 6.337402 17.03465 -4.729213 6.337402 29.14813 -4.945346 7.354236 17.03465 -4.945346 8.393787 29.14813 -4.945346 7.354236 17.03465 -4.945346 7.354236 29.14813 -4.945346 8.393787 17.03465 -4.729213 9.410626 29.14813 -4.945346 8.393787 17.03465 -4.945346 8.393787 29.14813 -4.729213 9.410626 17.03465 -4.30639 10.3603 29.14813 -4.729213 9.410626 17.03465 -4.729213 9.410626 29.14813 -4.30639 10.3603 17.03465 -3.695356 11.20132 29.14813 -4.30639 10.3603 17.03465 -4.30639 10.3603 29.14813 -3.695354 11.20132 17.03465 -3.695356 11.20132 29.14813 -2.922819 11.89692 17.03465 -3.695354 11.20132 17.03465 -2.922819 11.89692 29.14813</float_array>
                    <technique_common>
                        <accessor count="210" source="#ID145" stride="3">
                            <param name="X" type="float" />
                            <param name="Y" type="float" />
                            <param name="Z" type="float" />
                        </accessor>
                    </technique_common>
                </source>
                <source id="ID143">
                    <float_array id="ID146" count="630">0.3090176 0.9510563 3.01302e-08 0.3090176 0.9510563 3.01302e-08 0.3090176 0.9510563 3.01302e-08 0.3090176 0.9510563 3.01302e-08 -6.867996e-09 1.542568e-08 -1 -6.867996e-09 1.542568e-08 -1 -6.867996e-09 1.542568e-08 -1 -6.867996e-09 1.542568e-08 -1 -6.867996e-09 1.542568e-08 -1 -6.867996e-09 1.542568e-08 -1 -6.867996e-09 1.542568e-08 -1 -6.867996e-09 1.542568e-08 -1 -6.867996e-09 1.542568e-08 -1 -6.867996e-09 1.542568e-08 -1 -6.867996e-09 1.542568e-08 -1 -6.867996e-09 1.542568e-08 -1 -6.867996e-09 1.542568e-08 -1 -6.867996e-09 1.542568e-08 -1 -6.867996e-09 1.542568e-08 -1 -6.867996e-09 1.542568e-08 -1 -6.867996e-09 1.542568e-08 -1 -6.867996e-09 1.542568e-08 -1 -6.867996e-09 1.542568e-08 -1 -6.867996e-09 1.542568e-08 -1 -6.867996e-09 1.542568e-08 -1 -6.867996e-09 1.542568e-08 -1 -6.867996e-09 1.542568e-08 -1 -6.867996e-09 1.542568e-08 -1 -6.867996e-09 1.542568e-08 -1 -6.867996e-09 1.542568e-08 -1 -6.867996e-09 1.542568e-08 -1 -6.867996e-09 1.542568e-08 -1 -6.867996e-09 1.542568e-08 -1 -6.867996e-09 1.542568e-08 -1 -6.867996e-09 1.542568e-08 -1 -6.867996e-09 1.542568e-08 -1 -6.867996e-09 1.542568e-08 -1 -6.867996e-09 1.542568e-08 -1 -6.867996e-09 1.542568e-08 -1 -6.867996e-09 1.542568e-08 -1 -6.867996e-09 1.542568e-08 -1 -6.867996e-09 1.542568e-08 -1 -6.867996e-09 1.542568e-08 -1 -6.867996e-09 1.542568e-08 -1 -6.867996e-09 1.542568e-08 -1 -6.867996e-09 1.542568e-08 -1 -6.867996e-09 1.542568e-08 -1 -6.867996e-09 1.542568e-08 -1 -6.867996e-09 1.542568e-08 -1 -6.867996e-09 1.542568e-08 -1 -6.867996e-09 1.542568e-08 -1 -6.867996e-09 1.542568e-08 -1 -6.867996e-09 1.542568e-08 -1 -6.867996e-09 1.542568e-08 -1 -6.867996e-09 1.542568e-08 -1 -6.867996e-09 1.542568e-08 -1 -6.867996e-09 1.542568e-08 -1 -6.867996e-09 1.542568e-08 -1 -6.867996e-09 1.542568e-08 -1 -6.867996e-09 1.542568e-08 -1 -6.867996e-09 1.542568e-08 -1 -6.867996e-09 1.542568e-08 -1 -6.867996e-09 1.542568e-08 -1 -6.867996e-09 1.542568e-08 -1 0.1045271 0.994522 1.019173e-08 0.1045271 0.994522 1.019173e-08 0.1045271 0.994522 1.019173e-08 0.1045271 0.994522 1.019173e-08 -2.041812e-31 0 1 -2.041812e-31 0 1 -2.041812e-31 0 1 -2.041812e-31 0 1 -2.041812e-31 0 1 -2.041812e-31 0 1 -2.041812e-31 0 1 -2.041812e-31 0 1 -2.041812e-31 0 1 -2.041812e-31 0 1 -2.041812e-31 0 1 -2.041812e-31 0 1 -2.041812e-31 0 1 -2.041812e-31 0 1 -2.041812e-31 0 1 -2.041812e-31 0 1 -2.041812e-31 0 1 -2.041812e-31 0 1 -2.041812e-31 0 1 -2.041812e-31 0 1 -2.041812e-31 0 1 -2.041812e-31 0 1 -2.041812e-31 0 1 -2.041812e-31 0 1 -2.041812e-31 0 1 -2.041812e-31 0 1 -2.041812e-31 0 1 -2.041812e-31 0 1 -2.041812e-31 0 1 -2.041812e-31 0 1 0.5000018 0.8660244 4.875176e-08 0.5000018 0.8660244 4.875176e-08 0.5000018 0.8660244 4.875176e-08 0.5000018 0.8660244 4.875176e-08 -0.5000023 0.8660241 0 -0.5000023 0.8660241 0 -0.5000023 0.8660241 0 -0.5000023 0.8660241 0 -0.309018 0.9510562 0 -0.309018 0.9510562 0 -0.309018 0.9510562 0 -0.309018 0.9510562 0 -0.1045298 0.9945218 0 -0.1045298 0.9945218 0 -0.1045298 0.9945218 0 -0.1045298 0.9945218 0 0.669129 0.7431463 1.304844e-07 0.669129 0.7431463 1.304844e-07 0.669129 0.7431463 1.304844e-07 0.669129 0.7431463 1.304844e-07 0.8090175 0.5877845 7.888177e-08 0.8090175 0.5877845 7.888177e-08 0.8090175 0.5877845 7.888177e-08 0.8090175 0.5877845 7.888177e-08 0.9135457 0.4067361 0 0.9135457 0.4067361 0 0.9135457 0.4067361 0 0.9135457 0.4067361 0 0.978148 0.20791 8.182658e-19 0.978148 0.20791 8.182658e-19 0.978148 0.20791 8.182658e-19 0.978148 0.20791 8.182658e-19 1 0 0 1 0 0 1 0 0 1 0 0 0.9781478 -0.2079108 0 0.9781478 -0.2079108 0 0.9781478 -0.2079108 0 0.9781478 -0.2079108 0 0.9135463 -0.4067347 -1.636532e-18 0.9135463 -0.4067347 -1.636532e-18 0.9135463 -0.4067347 -1.636532e-18 0.9135463 -0.4067347 -1.636532e-18 0.8090157 -0.5877871 -6.546126e-18 0.8090157 -0.5877871 -6.546126e-18 0.8090157 -0.5877871 -6.546126e-18 0.8090157 -0.5877871 -6.546126e-18 0.669131 -0.7431445 6.524239e-08 0.669131 -0.7431445 6.524239e-08 0.669131 -0.7431445 6.524239e-08 0.669131 -0.7431445 6.524239e-08 0.4999992 -0.8660259 4.875151e-08 0.4999992 -0.8660259 4.875151e-08 0.4999992 -0.8660259 4.875151e-08 0.4999992 -0.8660259 4.875151e-08 0.3090159 -0.9510569 0 0.3090159 -0.9510569 0 0.3090159 -0.9510569 0 0.3090159 -0.9510569 0 0.1045291 -0.9945218 0 0.1045291 -0.9945218 0 0.1045291 -0.9945218 0 0.1045291 -0.9945218 0 -0.1045289 -0.9945218 -6.546126e-18 -0.1045289 -0.9945218 -6.546126e-18 -0.1045289 -0.9945218 -6.546126e-18 -0.1045289 -0.9945218 -6.546126e-18 -0.3090159 -0.9510569 0 -0.3090159 -0.9510569 0 -0.3090159 -0.9510569 0 -0.3090159 -0.9510569 0 -0.4999997 -0.8660256 -3.273063e-18 -0.4999997 -0.8660256 -3.273063e-18 -0.4999997 -0.8660256 -3.273063e-18 -0.4999997 -0.8660256 -3.273063e-18 -0.6691304 -0.743145 6.546126e-18 -0.6691304 -0.743145 6.546126e-18 -0.6691304 -0.743145 6.546126e-18 -0.6691304 -0.743145 6.546126e-18 -0.8090181 -0.5877838 0 -0.8090181 -0.5877838 0 -0.8090181 -0.5877838 0 -0.8090181 -0.5877838 0 -0.913545 -0.4067377 -1.484559e-07 -0.913545 -0.4067377 -1.484559e-07 -0.913545 -0.4067377 -1.484559e-07 -0.913545 -0.4067377 -1.484559e-07 -0.9781474 -0.2079126 -1.589541e-07 -0.9781474 -0.2079126 -1.589541e-07 -0.9781474 -0.2079126 -1.589541e-07 -0.9781474 -0.2079126 -1.589541e-07 -1 0 0 -1 0 0 -1 0 0 -1 0 0 -0.978148 0.20791 0 -0.978148 0.20791 0 -0.978148 0.20791 0 -0.978148 0.20791 0 -0.9135457 0.4067361 1.636532e-18 -0.9135457 0.4067361 1.636532e-18 -0.9135457 0.4067361 1.636532e-18 -0.9135457 0.4067361 1.636532e-18 -0.8090166 0.5877858 -7.888168e-08 -0.8090166 0.5877858 -7.888168e-08 -0.8090166 0.5877858 -7.888168e-08 -0.8090166 0.5877858 -7.888168e-08 -0.6691328 0.7431429 -6.524257e-08 -0.6691328 0.7431429 -6.524257e-08 -0.6691328 0.7431429 -6.524257e-08 -0.6691328 0.7431429 -6.524257e-08</float_array>
                    <technique_common>
                        <accessor count="210" source="#ID146" stride="3">
                            <param name="X" type="float" />
                            <param name="Y" type="float" />
                            <param name="Z" type="float" />
                        </accessor>
                    </technique_common>
                </source>
                <vertices id="ID144">
                    <input semantic="POSITION" source="#ID142" />
                    <input semantic="NORMAL" source="#ID143" />
                </vertices>
                <triangles count="148" material="Material2">
                    <input offset="0" semantic="VERTEX" source="#ID144" />
                    <p>0 1 2 1 0 3 4 5 6 5 4 7 7 4 8 7 8 9 9 8 10 9 10 11 11 10 12 11 12 13 13 12 14 13 14 15 15 14 16 15 16 17 17 16 18 18 16 19 19 16 20 20 16 21 20 21 22 22 21 23 23 21 24 24 21 25 25 21 26 25 26 27 27 26 28 28 26 29 29 26 30 30 26 31 31 26 32 31 32 33 33 32 34 34 32 35 15 36 37 36 15 17 37 36 38 37 38 39 37 39 40 37 40 41 41 40 42 41 42 43 41 43 44 41 44 45 41 45 46 41 46 47 47 46 48 47 48 49 47 49 50 47 50 51 47 51 52 52 51 53 52 53 35 52 35 32 52 32 54 52 54 55 55 54 56 55 56 57 57 56 58 58 56 59 58 59 60 58 60 61 61 60 62 61 62 63 64 65 66 65 64 67 68 69 70 69 68 71 71 68 72 71 72 73 73 72 74 74 72 75 74 75 76 76 75 77 76 77 78 78 77 79 78 79 80 80 79 81 80 81 82 82 81 83 82 83 84 82 84 85 85 84 86 85 86 87 87 86 88 87 88 89 89 88 90 89 90 91 91 90 92 91 92 93 93 92 94 93 94 95 95 94 96 95 96 97 98 99 100 99 98 101 102 103 104 103 102 105 106 107 108 107 106 109 110 111 112 111 110 113 114 115 116 115 114 117 118 119 120 119 118 121 122 123 124 123 122 125 126 127 128 127 126 129 130 131 132 131 130 133 134 135 136 135 134 137 138 139 140 139 138 141 142 143 144 143 142 145 146 147 148 147 146 149 150 151 152 151 150 153 154 155 156 155 154 157 158 159 160 159 158 161 162 163 164 163 162 165 166 167 168 167 166 169 170 171 172 171 170 173 174 175 176 175 174 177 178 179 180 179 178 181 182 183 184 183 182 185 186 187 188 187 186 189 190 191 192 191 190 193 194 195 196 195 194 197 198 199 200 199 198 201 202 203 204 203 202 205 206 207 208 207 206 209</p>
                </triangles>
            </mesh>
        </geometry>
        <geometry id="ID147">
            <mesh>
                <source id="ID148">
                    <float_array id="ID151" count="1170">3.791554 11.28795 4.097256 1.822508 10.38248 7.654677 2.998902 12.00165 4.097256 2.304219 9.948748 7.654677 1.822508 10.38248 7.654677 2.075185 12.53496 4.097256 2.998902 12.00165 4.097256 1.26114 10.70659 7.654677 3.192716 12.26841 3.780161 3.791554 11.28795 4.097256 2.998902 12.00165 4.097256 4.036594 11.50858 3.780161 2.304219 9.948748 7.654677 4.418496 10.42504 4.097256 2.685229 9.424331 7.654677 3.791554 11.28795 4.097256 -2.948883 8.832161 7.654677 -3.083651 7.549909 7.654677 -3.083651 8.198118 7.654677 -2.948881 6.915862 7.654677 -2.685231 9.424331 7.654677 -2.685231 6.323697 7.654677 -2.304226 9.948744 7.654677 -2.304224 5.799283 7.654677 -1.822513 10.38248 7.654677 -1.82251 5.365547 7.654677 -1.261147 10.70659 7.654677 -1.261143 5.041441 7.654677 -0.6446638 10.9069 7.654677 -0.6446591 4.841134 7.654677 0 10.97465 7.654677 0 4.773378 7.654677 0.6446567 10.9069 7.654677 0.6446567 4.841134 7.654677 1.26114 10.70659 7.654677 1.26114 5.041441 7.654677 1.822508 10.38248 7.654677 1.822508 5.365543 7.654677 2.304219 9.948748 7.654677 2.304219 5.799283 7.654677 2.685229 9.424331 7.654677 2.685229 6.323697 7.654677 2.948879 8.832165 7.654677 2.948879 6.915862 7.654677 3.083651 8.198118 7.654677 3.083651 7.549909 7.654677 2.2093 12.83619 3.780161 2.998902 12.00165 4.097256 2.075185 12.53496 4.097256 3.192716 12.26841 3.780161 2.075185 12.53496 4.097256 0.6446567 10.9069 7.654677 1.060772 12.86457 4.097256 1.26114 10.70659 7.654677 3.4509 12.62378 3.648815 4.036594 11.50858 3.780161 3.192716 12.26841 3.780161 4.36302 11.8025 3.648815 4.036594 11.50858 3.780161 4.418496 10.42504 4.097256 3.791554 11.28795 4.097256 4.704051 10.58991 3.780161 2.685229 9.424331 7.654677 4.852327 9.450634 4.097256 2.948879 8.832165 7.654677 4.418496 10.42504 4.097256 -4.852331 9.45063 4.097256 -2.685231 9.424331 7.654677 -2.948883 8.832161 7.654677 -4.4185 10.42503 4.097256 -4.4185 10.42503 4.097256 -2.304226 9.948744 7.654677 -2.685231 9.424331 7.654677 -3.791559 11.28794 4.097256 -1.822513 10.38248 7.654677 -3.791559 11.28794 4.097256 -2.998909 12.00165 4.097256 -2.304226 9.948744 7.654677 -1.261147 10.70659 7.654677 -2.998909 12.00165 4.097256 -2.075194 12.53496 4.097256 -1.822513 10.38248 7.654677 -0.6446638 10.9069 7.654677 -2.075194 12.53496 4.097256 -1.060784 12.86456 4.097256 -1.261147 10.70659 7.654677 0 10.97465 7.654677 -1.060784 12.86456 4.097256 0 12.97606 4.097256 -0.6446638 10.9069 7.654677 0.6446567 10.9069 7.654677 0 12.97606 4.097256 1.060772 12.86457 4.097256 0 10.97465 7.654677 2.948879 8.832165 7.654677 5.074091 8.407323 4.097256 3.083651 8.198118 7.654677 4.852327 9.450634 4.097256 3.083651 7.549909 7.654677 5.074091 8.407323 4.097256 5.074091 7.340705 4.097256 3.083651 8.198118 7.654677 2.948879 6.915862 7.654677 5.074091 7.340705 4.097256 4.852327 6.297398 4.097256 3.083651 7.549909 7.654677 2.685229 6.323697 7.654677 4.852327 6.297398 4.097256 4.418496 5.322992 4.097256 2.948879 6.915862 7.654677 2.304219 5.799283 7.654677 4.418496 5.322992 4.097256 3.791554 4.460083 4.097256 2.685229 6.323697 7.654677 1.822508 5.365543 7.654677 3.791554 4.460083 4.097256 2.998902 3.746377 4.097256 2.304219 5.799283 7.654677 1.26114 5.041441 7.654677 2.998902 3.746377 4.097256 2.075185 3.21307 4.097256 1.822508 5.365543 7.654677 0.6446567 4.841134 7.654677 2.075185 3.21307 4.097256 1.060772 2.883466 4.097256 1.26114 5.041441 7.654677 0 4.773378 7.654677 1.060772 2.883466 4.097256 0 2.771975 4.097256 0.6446567 4.841134 7.654677 -0.6446591 4.841134 7.654677 0 2.771975 4.097256 -1.060775 2.883466 4.097256 0 4.773378 7.654677 -1.261143 5.041441 7.654677 -1.060775 2.883466 4.097256 -2.075187 3.21307 4.097256 -0.6446591 4.841134 7.654677 -1.82251 5.365547 7.654677 -2.075187 3.21307 4.097256 -2.998904 3.74638 4.097256 -1.261143 5.041441 7.654677 -2.304224 5.799283 7.654677 -2.998904 3.74638 4.097256 -3.791554 4.460083 4.097256 -1.82251 5.365547 7.654677 -4.418496 5.322996 4.097256 -2.304224 5.799283 7.654677 -3.791554 4.460083 4.097256 -2.685231 6.323697 7.654677 -4.852327 6.297398 4.097256 -2.685231 6.323697 7.654677 -4.418496 5.322996 4.097256 -2.948881 6.915862 7.654677 -5.074091 7.340705 4.097256 -2.948881 6.915862 7.654677 -4.852327 6.297398 4.097256 -3.083651 7.549909 7.654677 -5.074091 8.407319 4.097256 -3.083651 7.549909 7.654677 -5.074091 7.340705 4.097256 -3.083651 8.198118 7.654677 -5.074091 8.407319 4.097256 -2.948883 8.832161 7.654677 -3.083651 8.198118 7.654677 -4.852331 9.45063 4.097256 1.129327 13.18709 3.780161 2.075185 12.53496 4.097256 1.060772 12.86457 4.097256 2.2093 12.83619 3.780161 2.387959 13.23746 3.648815 3.192716 12.26841 3.780161 2.2093 12.83619 3.780161 3.4509 12.62378 3.648815 4.36302 11.8025 3.648815 4.704051 10.58991 3.780161 4.036594 11.50858 3.780161 5.084457 10.80953 3.648815 4.704051 10.58991 3.780161 4.852327 9.450634 4.097256 4.418496 10.42504 4.097256 5.165921 9.552524 3.780161 -4.704055 10.5899 3.780161 -4.852331 9.45063 4.097256 -5.165921 9.55252 3.780161 -4.4185 10.42503 4.097256 -4.036598 11.50858 3.780161 -4.4185 10.42503 4.097256 -4.704055 10.5899 3.780161 -3.791559 11.28794 4.097256 -3.192722 12.26841 3.780161 -3.791559 11.28794 4.097256 -4.036598 11.50858 3.780161 -2.998909 12.00165 4.097256 -2.209309 12.83619 3.780161 -2.998909 12.00165 4.097256 -3.192722 12.26841 3.780161 -2.075194 12.53496 4.097256 -1.129339 13.18709 3.780161 -2.075194 12.53496 4.097256 -2.209309 12.83619 3.780161 -1.060784 12.86456 4.097256 0 13.30579 3.780161 -1.060784 12.86456 4.097256 -1.129339 13.18709 3.780161 0 12.97606 4.097256 1.129327 13.18709 3.780161 0 12.97606 4.097256 0 13.30579 3.780161 1.060772 12.86457 4.097256 5.165921 9.552524 3.780161 5.074091 8.407323 4.097256 4.852327 9.450634 4.097256 5.402016 8.441791 3.780161 5.402016 8.441791 3.780161 5.074091 7.340705 4.097256 5.074091 8.407323 4.097256 5.402016 7.30624 3.780161 5.074091 7.340705 4.097256 5.165921 6.195504 3.780161 4.852327 6.297398 4.097256 5.402016 7.30624 3.780161 4.852327 6.297398 4.097256 4.704051 5.158126 3.780161 4.418496 5.322992 4.097256 5.165921 6.195504 3.780161 4.418496 5.322992 4.097256 4.036594 4.239449 3.780161 3.791554 4.460083 4.097256 4.704051 5.158126 3.780161 3.791554 4.460083 4.097256 3.192713 3.479618 3.780161 2.998902 3.746377 4.097256 4.036594 4.239449 3.780161 2.998902 3.746377 4.097256 2.2093 2.911844 3.780161 2.075185 3.21307 4.097256 3.192713 3.479618 3.780161 2.075185 3.21307 4.097256 1.129327 2.560939 3.780161 1.060772 2.883466 4.097256 2.2093 2.911844 3.780161 1.060772 2.883466 4.097256 0 2.442241 3.780161 0 2.771975 4.097256 1.129327 2.560939 3.780161 -1.060775 2.883466 4.097256 0 2.442241 3.780161 -1.12933 2.560941 3.780161 0 2.771975 4.097256 -2.075187 3.21307 4.097256 -1.12933 2.560941 3.780161 -2.209302 2.911844 3.780161 -1.060775 2.883466 4.097256 -2.998904 3.74638 4.097256 -2.209302 2.911844 3.780161 -3.192716 3.47962 3.780161 -2.075187 3.21307 4.097256 -3.791554 4.460083 4.097256 -3.192716 3.47962 3.780161 -4.036594 4.239453 3.780161 -2.998904 3.74638 4.097256 -4.418496 5.322996 4.097256 -4.036594 4.239453 3.780161 -4.704051 5.15813 3.780161 -3.791554 4.460083 4.097256 -4.852327 6.297398 4.097256 -4.704051 5.15813 3.780161 -5.165921 6.195504 3.780161 -4.418496 5.322996 4.097256 -5.074091 7.340705 4.097256 -5.165921 6.195504 3.780161 -5.402016 7.30624 3.780161 -4.852327 6.297398 4.097256 -5.074091 8.407319 4.097256 -5.402016 7.30624 3.780161 -5.402016 8.441787 3.780161 -5.074091 7.340705 4.097256 -5.165921 9.55252 3.780161 -5.074091 8.407319 4.097256 -5.402016 8.441787 3.780161 -4.852331 9.45063 4.097256 1.220654 13.61674 3.648815 2.2093 12.83619 3.780161 1.129327 13.18709 3.780161 2.387959 13.23746 3.648815 5.084457 10.80953 3.648815 5.165921 9.552524 3.780161 4.704051 10.58991 3.780161 5.583673 9.68826 3.648815 -5.084457 10.80952 3.648815 -5.165921 9.55252 3.780161 -5.583677 9.688256 3.648815 -4.704055 10.5899 3.780161 -4.363024 11.80249 3.648815 -4.704055 10.5899 3.780161 -5.084457 10.80952 3.648815 -4.036598 11.50858 3.780161 -3.450907 12.62377 3.648815 -4.036598 11.50858 3.780161 -4.363024 11.80249 3.648815 -3.192722 12.26841 3.780161 -2.387969 13.23746 3.648815 -3.192722 12.26841 3.780161 -3.450907 12.62377 3.648815 -2.209309 12.83619 3.780161 -1.220665 13.61674 3.648815 -2.209309 12.83619 3.780161 -2.387969 13.23746 3.648815 -1.129339 13.18709 3.780161 0 13.74504 3.648815 -1.129339 13.18709 3.780161 -1.220665 13.61674 3.648815 0 13.30579 3.780161 1.220654 13.61674 3.648815 0 13.30579 3.780161 0 13.74504 3.648815 1.129327 13.18709 3.780161 5.583673 9.68826 3.648815 5.402016 8.441791 3.780161 5.165921 9.552524 3.780161 5.838858 8.487705 3.648815 5.838858 8.487705 3.648815 5.402016 7.30624 3.780161 5.402016 8.441791 3.780161 5.838858 7.260327 3.648815 5.402016 7.30624 3.780161 5.583673 6.059772 3.648815 5.165921 6.195504 3.780161 5.838858 7.260327 3.648815 5.165921 6.195504 3.780161 5.084457 4.938504 3.648815 4.704051 5.158126 3.780161 5.583673 6.059772 3.648815 4.704051 5.158126 3.780161 4.36302 3.945535 3.648815 4.036594 4.239449 3.780161 5.084457 4.938504 3.648815 4.036594 4.239449 3.780161 3.4509 3.124257 3.648815 3.192713 3.479618 3.780161 4.36302 3.945535 3.648815 3.192713 3.479618 3.780161 2.387959 2.510569 3.648815 2.2093 2.911844 3.780161 3.4509 3.124257 3.648815 2.2093 2.911844 3.780161 1.220654 2.131288 3.648815 1.129327 2.560939 3.780161 2.387959 2.510569 3.648815 1.129327 2.560939 3.780161 0 2.002991 3.648815 0 2.442241 3.780161 1.220654 2.131288 3.648815 -1.12933 2.560941 3.780161 0 2.002991 3.648815 -1.220654 2.131288 3.648815 0 2.442241 3.780161 -2.209302 2.911844 3.780161 -1.220654 2.131288 3.648815 -2.387959 2.510569 3.648815 -1.12933 2.560941 3.780161 -3.192716 3.47962 3.780161 -2.387959 2.510569 3.648815 -3.4509 3.124259 3.648815 -2.209302 2.911844 3.780161 -4.036594 4.239453 3.780161 -3.4509 3.124259 3.648815 -4.36302 3.945535 3.648815 -3.192716 3.47962 3.780161 -4.704051 5.15813 3.780161 -4.36302 3.945535 3.648815 -5.084457 4.938504 3.648815 -4.036594 4.239453 3.780161 -5.165921 6.195504 3.780161 -5.084457 4.938504 3.648815 -5.583673 6.059768 3.648815 -4.704051 5.15813 3.780161 -5.402016 7.30624 3.780161 -5.583673 6.059768 3.648815 -5.838858 7.260327 3.648815 -5.165921 6.195504 3.780161 -5.402016 8.441787 3.780161 -5.838858 7.260327 3.648815 -5.838862 8.487701 3.648815 -5.402016 7.30624 3.780161 -5.583677 9.688256 3.648815 -5.402016 8.441787 3.780161 -5.838862 8.487701 3.648815 -5.165921 9.55252 3.780161</float_array>
                    <technique_common>
                        <accessor count="390" source="#ID151" stride="3">
                            <param name="X" type="float" />
                            <param name="Y" type="float" />
                            <param name="Z" type="float" />
                        </accessor>
                    </technique_common>
                </source>
                <source id="ID149">
                    <float_array id="ID152" count="1170">-0.5839399 -0.6485322 -0.4882829 -0.5839399 -0.6485322 -0.4882829 -0.5839399 -0.6485322 -0.4882829 -0.5839399 -0.6485322 -0.4882829 -0.436344 -0.755767 -0.4882828 -0.436344 -0.755767 -0.4882828 -0.436344 -0.755767 -0.4882828 -0.436344 -0.755767 -0.4882828 -0.4651342 -0.5165852 -0.718881 -0.4651342 -0.5165852 -0.718881 -0.4651342 -0.5165852 -0.718881 -0.4651342 -0.5165852 -0.718881 -0.7060179 -0.5129505 -0.4882832 -0.7060179 -0.5129505 -0.4882832 -0.7060179 -0.5129505 -0.4882832 -0.7060179 -0.5129505 -0.4882832 1.094048e-32 0 -1 1.094048e-32 0 -1 1.094048e-32 0 -1 1.094048e-32 0 -1 1.094048e-32 0 -1 1.094048e-32 0 -1 1.094048e-32 0 -1 1.094048e-32 0 -1 1.094048e-32 0 -1 1.094048e-32 0 -1 1.094048e-32 0 -1 1.094048e-32 0 -1 1.094048e-32 0 -1 1.094048e-32 0 -1 1.094048e-32 0 -1 1.094048e-32 0 -1 1.094048e-32 0 -1 1.094048e-32 0 -1 1.094048e-32 0 -1 1.094048e-32 0 -1 1.094048e-32 0 -1 1.094048e-32 0 -1 1.094048e-32 0 -1 1.094048e-32 0 -1 1.094048e-32 0 -1 1.094048e-32 0 -1 1.094048e-32 0 -1 1.094048e-32 0 -1 1.094048e-32 0 -1 1.094048e-32 0 -1 -0.3475676 -0.6020054 -0.7188784 -0.3475676 -0.6020054 -0.7188784 -0.3475676 -0.6020054 -0.7188784 -0.3475676 -0.6020054 -0.7188784 -0.2696743 -0.8299731 -0.488283 -0.2696743 -0.8299731 -0.488283 -0.2696743 -0.8299731 -0.488283 -0.2696743 -0.8299731 -0.488283 -0.1926679 -0.2139791 -0.9576492 -0.1926679 -0.2139791 -0.9576492 -0.1926679 -0.2139791 -0.9576492 -0.1926679 -0.2139791 -0.9576492 -0.5623753 -0.4085886 -0.7188807 -0.5623753 -0.4085886 -0.7188807 -0.5623753 -0.4085886 -0.7188807 -0.5623753 -0.4085886 -0.7188807 -0.7972378 -0.3549529 -0.488283 -0.7972378 -0.3549529 -0.488283 -0.7972378 -0.3549529 -0.488283 -0.7972378 -0.3549529 -0.488283 0.7972377 -0.3549532 -0.488283 0.7972377 -0.3549532 -0.488283 0.7972377 -0.3549532 -0.488283 0.7972377 -0.3549532 -0.488283 0.7060186 -0.5129497 -0.488283 0.7060186 -0.5129497 -0.488283 0.7060186 -0.5129497 -0.488283 0.7060186 -0.5129497 -0.488283 0.5839402 -0.6485319 -0.4882829 0.5839402 -0.6485319 -0.4882829 0.5839402 -0.6485319 -0.4882829 0.5839402 -0.6485319 -0.4882829 0.4363433 -0.7557675 -0.4882827 0.4363433 -0.7557675 -0.4882827 0.4363433 -0.7557675 -0.4882827 0.4363433 -0.7557675 -0.4882827 0.2696783 -0.8299722 -0.4882825 0.2696783 -0.8299722 -0.4882825 0.2696783 -0.8299722 -0.4882825 0.2696783 -0.8299722 -0.4882825 0.09122197 -0.8679046 -0.4882828 0.09122197 -0.8679046 -0.4882828 0.09122197 -0.8679046 -0.4882828 0.09122197 -0.8679046 -0.4882828 -0.09122063 -0.8679046 -0.4882831 -0.09122063 -0.8679046 -0.4882831 -0.09122063 -0.8679046 -0.4882831 -0.09122063 -0.8679046 -0.4882831 -0.8536149 -0.1814426 -0.4882829 -0.8536149 -0.1814426 -0.4882829 -0.8536149 -0.1814426 -0.4882829 -0.8536149 -0.1814426 -0.4882829 -0.8726854 3.273063e-18 -0.4882828 -0.8726854 3.273063e-18 -0.4882828 -0.8726854 3.273063e-18 -0.4882828 -0.8726854 3.273063e-18 -0.4882828 -0.8536149 0.1814431 -0.4882828 -0.8536149 0.1814431 -0.4882828 -0.8536149 0.1814431 -0.4882828 -0.8536149 0.1814431 -0.4882828 -0.7972383 0.354952 -0.4882829 -0.7972383 0.354952 -0.4882829 -0.7972383 0.354952 -0.4882829 -0.7972383 0.354952 -0.4882829 -0.7060166 0.5129523 -0.4882832 -0.7060166 0.5129523 -0.4882832 -0.7060166 0.5129523 -0.4882832 -0.7060166 0.5129523 -0.4882832 -0.583941 0.6485313 -0.4882827 -0.583941 0.6485313 -0.4882827 -0.583941 0.6485313 -0.4882827 -0.583941 0.6485313 -0.4882827 -0.4363411 0.755769 -0.4882823 -0.4363411 0.755769 -0.4882823 -0.4363411 0.755769 -0.4882823 -0.4363411 0.755769 -0.4882823 -0.2696755 0.829973 -0.4882826 -0.2696755 0.829973 -0.4882826 -0.2696755 0.829973 -0.4882826 -0.2696755 0.829973 -0.4882826 -0.09122019 0.8679048 -0.4882828 -0.09122019 0.8679048 -0.4882828 -0.09122019 0.8679048 -0.4882828 -0.09122019 0.8679048 -0.4882828 0.09121995 0.8679049 -0.4882828 0.09121995 0.8679049 -0.4882828 0.09121995 0.8679049 -0.4882828 0.09121995 0.8679049 -0.4882828 0.2696755 0.829973 -0.4882826 0.2696755 0.829973 -0.4882826 0.2696755 0.829973 -0.4882826 0.2696755 0.829973 -0.4882826 0.4363432 0.7557677 -0.4882824 0.4363432 0.7557677 -0.4882824 0.4363432 0.7557677 -0.4882824 0.4363432 0.7557677 -0.4882824 0.5839398 0.6485326 -0.4882825 0.5839398 0.6485326 -0.4882825 0.5839398 0.6485326 -0.4882825 0.5839398 0.6485326 -0.4882825 0.7060182 0.5129508 -0.4882825 0.7060182 0.5129508 -0.4882825 0.7060182 0.5129508 -0.4882825 0.7060182 0.5129508 -0.4882825 0.7972381 0.3549531 -0.4882824 0.7972381 0.3549531 -0.4882824 0.7972381 0.3549531 -0.4882824 0.7972381 0.3549531 -0.4882824 0.8536151 0.1814423 -0.4882826 0.8536151 0.1814423 -0.4882826 0.8536151 0.1814423 -0.4882826 0.8536151 0.1814423 -0.4882826 0.8726854 -1.309225e-17 -0.4882828 0.8726854 -1.309225e-17 -0.4882828 0.8726854 -1.309225e-17 -0.4882828 0.8726854 -1.309225e-17 -0.4882828 0.8536158 -0.181439 -0.4882827 0.8536158 -0.181439 -0.4882827 0.8536158 -0.181439 -0.4882827 0.8536158 -0.181439 -0.4882827 -0.21481 -0.6611162 -0.7188755 -0.21481 -0.6611162 -0.7188755 -0.21481 -0.6611162 -0.7188755 -0.21481 -0.6611162 -0.7188755 -0.1439675 -0.2493607 -0.9576495 -0.1439675 -0.2493607 -0.9576495 -0.1439675 -0.2493607 -0.9576495 -0.1439675 -0.2493607 -0.9576495 -0.232946 -0.1692454 -0.9576493 -0.232946 -0.1692454 -0.9576493 -0.232946 -0.1692454 -0.9576493 -0.232946 -0.1692454 -0.9576493 -0.6350378 -0.2827361 -0.7188792 -0.6350378 -0.2827361 -0.7188792 -0.6350378 -0.2827361 -0.7188792 -0.6350378 -0.2827361 -0.7188792 0.6350406 -0.2827367 -0.7188765 0.6350406 -0.2827367 -0.7188765 0.6350406 -0.2827367 -0.7188765 0.6350406 -0.2827367 -0.7188765 0.5623771 -0.4085888 -0.7188791 0.5623771 -0.4085888 -0.7188791 0.5623771 -0.4085888 -0.7188791 0.5623771 -0.4085888 -0.7188791 0.4651353 -0.5165848 -0.7188805 0.4651353 -0.5165848 -0.7188805 0.4651353 -0.5165848 -0.7188805 0.4651353 -0.5165848 -0.7188805 0.3475665 -0.6020019 -0.7188819 0.3475665 -0.6020019 -0.7188819 0.3475665 -0.6020019 -0.7188819 0.3475665 -0.6020019 -0.7188819 0.2148096 -0.6611099 -0.7188814 0.2148096 -0.6611099 -0.7188814 0.2148096 -0.6611099 -0.7188814 0.2148096 -0.6611099 -0.7188814 0.07266203 -0.6913284 -0.7188778 0.07266203 -0.6913284 -0.7188778 0.07266203 -0.6913284 -0.7188778 0.07266203 -0.6913284 -0.7188778 -0.07266184 -0.6913306 -0.7188757 -0.07266184 -0.6913306 -0.7188757 -0.07266184 -0.6913306 -0.7188757 -0.07266184 -0.6913306 -0.7188757 -0.6799445 -0.1445274 -0.7188792 -0.6799445 -0.1445274 -0.7188792 -0.6799445 -0.1445274 -0.7188792 -0.6799445 -0.1445274 -0.7188792 -0.6951356 -3.273063e-18 -0.7188787 -0.6951356 -3.273063e-18 -0.7188787 -0.6951356 -3.273063e-18 -0.7188787 -0.6951356 -3.273063e-18 -0.7188787 -0.6799445 0.1445273 -0.7188792 -0.6799445 0.1445273 -0.7188792 -0.6799445 0.1445273 -0.7188792 -0.6799445 0.1445273 -0.7188792 -0.6350378 0.2827361 -0.7188792 -0.6350378 0.2827361 -0.7188792 -0.6350378 0.2827361 -0.7188792 -0.6350378 0.2827361 -0.7188792 -0.5623759 0.40859 -0.7188794 -0.5623759 0.40859 -0.7188794 -0.5623759 0.40859 -0.7188794 -0.5623759 0.40859 -0.7188794 -0.4651348 0.5165863 -0.7188798 -0.4651348 0.5165863 -0.7188798 -0.4651348 0.5165863 -0.7188798 -0.4651348 0.5165863 -0.7188798 -0.3475666 0.602004 -0.7188802 -0.3475666 0.602004 -0.7188802 -0.3475666 0.602004 -0.7188802 -0.3475666 0.602004 -0.7188802 -0.2148088 0.6611117 -0.7188801 -0.2148088 0.6611117 -0.7188801 -0.2148088 0.6611117 -0.7188801 -0.2148088 0.6611117 -0.7188801 -0.07266151 0.6913261 -0.7188801 -0.07266151 0.6913261 -0.7188801 -0.07266151 0.6913261 -0.7188801 -0.07266151 0.6913261 -0.7188801 0.0726621 0.6913271 -0.718879 0.0726621 0.6913271 -0.718879 0.0726621 0.6913271 -0.718879 0.0726621 0.6913271 -0.718879 0.2148086 0.6611128 -0.7188791 0.2148086 0.6611128 -0.7188791 0.2148086 0.6611128 -0.7188791 0.2148086 0.6611128 -0.7188791 0.3475677 0.6020033 -0.7188802 0.3475677 0.6020033 -0.7188802 0.3475677 0.6020033 -0.7188802 0.3475677 0.6020033 -0.7188802 0.4651365 0.516587 -0.7188783 0.4651365 0.516587 -0.7188783 0.4651365 0.516587 -0.7188783 0.4651365 0.516587 -0.7188783 0.5623773 0.4085901 -0.7188782 0.5623773 0.4085901 -0.7188782 0.5623773 0.4085901 -0.7188782 0.5623773 0.4085901 -0.7188782 0.6350374 0.2827371 -0.7188792 0.6350374 0.2827371 -0.7188792 0.6350374 0.2827371 -0.7188792 0.6350374 0.2827371 -0.7188792 0.6799445 0.1445273 -0.7188792 0.6799445 0.1445273 -0.7188792 0.6799445 0.1445273 -0.7188792 0.6799445 0.1445273 -0.7188792 0.6951356 -3.273063e-18 -0.7188787 0.6951356 -3.273063e-18 -0.7188787 0.6951356 -3.273063e-18 -0.7188787 0.6951356 -3.273063e-18 -0.7188787 0.6799468 -0.1445267 -0.7188772 0.6799468 -0.1445267 -0.7188772 0.6799468 -0.1445267 -0.7188772 0.6799468 -0.1445267 -0.7188772 -0.08897757 -0.2738433 -0.9576496 -0.08897757 -0.2738433 -0.9576496 -0.08897757 -0.2738433 -0.9576496 -0.08897757 -0.2738433 -0.9576496 -0.263043 -0.1171135 -0.9576496 -0.263043 -0.1171135 -0.9576496 -0.263043 -0.1171135 -0.9576496 -0.263043 -0.1171135 -0.9576496 0.2630425 -0.1171135 -0.9576498 0.2630425 -0.1171135 -0.9576498 0.2630425 -0.1171135 -0.9576498 0.2630425 -0.1171135 -0.9576498 0.2329466 -0.169245 -0.9576492 0.2329466 -0.169245 -0.9576492 0.2329466 -0.169245 -0.9576492 0.2329466 -0.169245 -0.9576492 0.1926686 -0.2139796 -0.957649 0.1926686 -0.2139796 -0.957649 0.1926686 -0.2139796 -0.957649 0.1926686 -0.2139796 -0.957649 0.1439694 -0.2493608 -0.9576492 0.1439694 -0.2493608 -0.9576492 0.1439694 -0.2493608 -0.9576492 0.1439694 -0.2493608 -0.9576492 0.08897774 -0.2738432 -0.9576496 0.08897774 -0.2738432 -0.9576496 0.08897774 -0.2738432 -0.9576496 0.08897774 -0.2738432 -0.9576496 0.03009708 -0.2863584 -0.9576497 0.03009708 -0.2863584 -0.9576497 0.03009708 -0.2863584 -0.9576497 0.03009708 -0.2863584 -0.9576497 -0.03009738 -0.2863584 -0.9576497 -0.03009738 -0.2863584 -0.9576497 -0.03009738 -0.2863584 -0.9576497 -0.03009738 -0.2863584 -0.9576497 -0.2816451 -0.05986554 -0.9576493 -0.2816451 -0.05986554 -0.9576493 -0.2816451 -0.05986554 -0.9576493 -0.2816451 -0.05986554 -0.9576493 -0.2879377 0 -0.9576491 -0.2879377 0 -0.9576491 -0.2879377 0 -0.9576491 -0.2879377 0 -0.9576491 -0.2816454 0.0598655 -0.9576492 -0.2816454 0.0598655 -0.9576492 -0.2816454 0.0598655 -0.9576492 -0.2816454 0.0598655 -0.9576492 -0.2630434 0.1171139 -0.9576495 -0.2630434 0.1171139 -0.9576495 -0.2630434 0.1171139 -0.9576495 -0.2630434 0.1171139 -0.9576495 -0.232946 0.1692454 -0.9576493 -0.232946 0.1692454 -0.9576493 -0.232946 0.1692454 -0.9576493 -0.232946 0.1692454 -0.9576493 -0.1926676 0.2139791 -0.9576493 -0.1926676 0.2139791 -0.9576493 -0.1926676 0.2139791 -0.9576493 -0.1926676 0.2139791 -0.9576493 -0.1439682 0.2493603 -0.9576495 -0.1439682 0.2493603 -0.9576495 -0.1439682 0.2493603 -0.9576495 -0.1439682 0.2493603 -0.9576495 -0.08897734 0.2738441 -0.9576494 -0.08897734 0.2738441 -0.9576494 -0.08897734 0.2738441 -0.9576494 -0.08897734 0.2738441 -0.9576494 -0.03009792 0.2863594 -0.9576494 -0.03009792 0.2863594 -0.9576494 -0.03009792 0.2863594 -0.9576494 -0.03009792 0.2863594 -0.9576494 0.03009807 0.2863588 -0.9576496 0.03009807 0.2863588 -0.9576496 0.03009807 0.2863588 -0.9576496 0.03009807 0.2863588 -0.9576496 0.08897709 0.273844 -0.9576495 0.08897709 0.273844 -0.9576495 0.08897709 0.273844 -0.9576495 0.08897709 0.273844 -0.9576495 0.1439689 0.2493607 -0.9576493 0.1439689 0.2493607 -0.9576493 0.1439689 0.2493607 -0.9576493 0.1439689 0.2493607 -0.9576493 0.1926674 0.2139788 -0.9576494 0.1926674 0.2139788 -0.9576494 0.1926674 0.2139788 -0.9576494 0.1926674 0.2139788 -0.9576494 0.2329449 0.1692446 -0.9576497 0.2329449 0.1692446 -0.9576497 0.2329449 0.1692446 -0.9576497 0.2329449 0.1692446 -0.9576497 0.2630423 0.1171139 -0.9576498 0.2630423 0.1171139 -0.9576498 0.2630423 0.1171139 -0.9576498 0.2630423 0.1171139 -0.9576498 0.2816452 0.05986534 -0.9576493 0.2816452 0.05986534 -0.9576493 0.2816452 0.05986534 -0.9576493 0.2816452 0.05986534 -0.9576493 0.2879365 4.976409e-07 -0.9576495 0.2879365 4.976409e-07 -0.9576495 0.2879365 4.976409e-07 -0.9576495 0.2879365 4.976409e-07 -0.9576495 0.2816429 -0.05986505 -0.95765 0.2816429 -0.05986505 -0.95765 0.2816429 -0.05986505 -0.95765 0.2816429 -0.05986505 -0.95765</float_array>
                    <technique_common>
                        <accessor count="390" source="#ID152" stride="3">
                            <param name="X" type="float" />
                            <param name="Y" type="float" />
                            <param name="Z" type="float" />
                        </accessor>
                    </technique_common>
                </source>
                <vertices id="ID150">
                    <input semantic="POSITION" source="#ID148" />
                    <input semantic="NORMAL" source="#ID149" />
                </vertices>
                <triangles count="208" material="Material2">
                    <input offset="0" semantic="VERTEX" source="#ID150" />
                    <p>0 1 2 1 0 3 4 5 6 5 4 7 8 9 10 9 8 11 12 13 14 13 12 15 16 17 18 17 16 19 19 16 20 19 20 21 21 20 22 21 22 23 23 22 24 23 24 25 25 24 26 25 26 27 27 26 28 27 28 29 29 28 30 29 30 31 31 30 32 31 32 33 33 32 34 33 34 35 35 34 36 35 36 37 37 36 38 37 38 39 39 38 40 39 40 41 41 40 42 41 42 43 43 42 44 43 44 45 46 47 48 47 46 49 50 51 52 51 50 53 54 55 56 55 54 57 58 59 60 59 58 61 62 63 64 63 62 65 66 67 68 67 66 69 70 71 72 71 70 73 74 75 76 75 74 77 78 79 80 79 78 81 82 83 84 83 82 85 86 87 88 87 86 89 90 91 92 91 90 93 94 95 96 95 94 97 98 99 100 99 98 101 102 103 104 103 102 105 106 107 108 107 106 109 110 111 112 111 110 113 114 115 116 115 114 117 118 119 120 119 118 121 122 123 124 123 122 125 126 127 128 127 126 129 130 131 132 131 130 133 134 135 136 135 134 137 138 139 140 139 138 141 142 143 144 143 142 145 146 147 148 147 146 149 150 151 152 151 150 153 154 155 156 155 154 157 158 159 160 159 158 161 162 163 164 163 162 165 166 167 168 167 166 169 170 171 172 171 170 173 174 175 176 175 174 177 178 179 180 179 178 181 182 183 184 183 182 185 186 187 188 187 186 189 190 191 192 191 190 193 194 195 196 195 194 197 198 199 200 199 198 201 202 203 204 203 202 205 206 207 208 207 206 209 210 211 212 211 210 213 214 215 216 215 214 217 218 219 220 219 218 221 222 223 224 223 222 225 226 227 228 227 226 229 230 231 232 231 230 233 234 235 236 235 234 237 238 239 240 239 238 241 242 243 244 243 242 245 246 247 248 247 246 249 250 251 252 251 250 253 254 255 256 255 254 257 258 259 260 259 258 261 262 263 264 263 262 265 266 267 268 267 266 269 270 271 272 271 270 273 274 275 276 275 274 277 278 279 280 279 278 281 282 283 284 283 282 285 286 287 288 287 286 289 290 291 292 291 290 293 294 295 296 295 294 297 298 299 300 299 298 301 302 303 304 303 302 305 306 307 308 307 306 309 310 311 312 311 310 313 314 315 316 315 314 317 318 319 320 319 318 321 322 323 324 323 322 325 326 327 328 327 326 329 330 331 332 331 330 333 334 335 336 335 334 337 338 339 340 339 338 341 342 343 344 343 342 345 346 347 348 347 346 349 350 351 352 351 350 353 354 355 356 355 354 357 358 359 360 359 358 361 362 363 364 363 362 365 366 367 368 367 366 369 370 371 372 371 370 373 374 375 376 375 374 377 378 379 380 379 378 381 382 383 384 383 382 385 386 387 388 387 386 389</p>
                </triangles>
            </mesh>
        </geometry>
    </library_geometries>
    <library_materials>
        <material id="ID6" name="__auto_">
            <instance_effect url="#ID7" />
        </material>
        <material id="ID14" name="__auto_1">
            <instance_effect url="#ID15" />
        </material>
    </library_materials>
    <library_effects>
        <effect id="ID7">
            <profile_COMMON>
                <technique sid="COMMON">
                    <lambert>
                        <diffuse>
                            <color>0.2509804 0.2509804 0.2509804 1</color>
                        </diffuse>
                    </lambert>
                </technique>
            </profile_COMMON>
        </effect>
        <effect id="ID15">
            <profile_COMMON>
                <technique sid="COMMON">
                    <lambert>
                        <diffuse>
                            <color>0.07058824 0.07058824 0.07058824 1</color>
                        </diffuse>
                    </lambert>
                </technique>
            </profile_COMMON>
        </effect>
    </library_effects>
    <scene>
        <instance_visual_scene url="#ID2" />
    </scene>
</COLLADA>
